id,name,createdAt,updatedAt
1,fun,2025-01-25 07:32:51.400311+00,2025-01-25 07:32:51.400311+00
2,adventure,2025-01-25 07:32:51.413241+00,2025-01-25 07:32:51.413241+00
3,superhero,2025-01-25 07:34:32.588004+00,2025-01-25 07:34:32.588004+00
4,action,2025-01-25 07:34:32.604297+00,2025-01-25 07:34:32.604297+00
5,science fiction,2025-01-25 07:34:43.860876+00,2025-01-25 07:34:43.860876+00
6,party,2025-01-25 07:34:43.873319+00,2025-01-25 07:34:43.873319+00
7,extraterrestrial,2025-01-25 07:34:43.884318+00,2025-01-25 07:34:43.884318+00
8,family,2025-01-25 07:35:20.417538+00,2025-01-25 07:35:20.417538+00
9,cooking,2025-01-25 07:35:20.426843+00,2025-01-25 07:35:20.426843+00
10,food,2025-01-25 07:35:20.43587+00,2025-01-25 07:35:20.43587+00
11,spooky,2025-01-25 07:35:40.974544+00,2025-01-25 07:35:40.974544+00
12,animals,2025-01-25 07:35:40.988381+00,2025-01-25 07:35:40.988381+00
13,celebrity,2025-01-25 07:37:18.905934+00,2025-01-25 07:37:18.905934+00
14,sports,2025-01-25 07:37:18.920724+00,2025-01-25 07:37:18.920724+00
15,transportation,2025-01-25 07:37:28.139703+00,2025-01-25 07:37:28.139703+00
16,weirdness,2025-01-25 07:38:37.083371+00,2025-01-25 07:38:37.083371+00
17,zoos,2025-01-25 07:38:37.095501+00,2025-01-25 07:38:37.095501+00
18,fantasy,2025-01-25 07:42:45.192748+00,2025-01-25 07:42:45.192748+00
19,funny,2025-01-25 07:50:46.288925+00,2025-01-25 07:50:46.288925+00
20,everyday,2025-01-25 07:58:03.685996+00,2025-01-25 07:58:03.685996+00
21,humor,2025-01-25 07:58:03.699154+00,2025-01-25 07:58:03.699154+00
22,competition,2025-01-25 10:14:27.086894+00,2025-01-25 10:14:27.086894+00
23,festivals,2025-01-25 10:15:12.710767+00,2025-01-25 10:15:12.710767+00
24,weather,2025-01-25 11:28:55.85935+00,2025-01-25 11:28:55.85935+00
25,nature,2025-01-25 11:28:55.868572+00,2025-01-25 11:28:55.868572+00
26,friendship,2025-01-25 11:28:55.877874+00,2025-01-25 11:28:55.877874+00
27,outing,2025-01-25 11:30:44.412355+00,2025-01-25 11:30:44.412355+00
28,self-care,2025-01-25 12:45:39.414872+00,2025-01-25 12:45:39.414872+00
29,emotions,2025-01-25 12:45:39.428093+00,2025-01-25 12:45:39.428093+00
30,mental health,2025-01-25 12:45:39.440198+00,2025-01-25 12:45:39.440198+00
31,survival,2025-01-25 13:01:28.224892+00,2025-01-25 13:01:28.224892+00
32,horror,2025-01-25 13:12:41.098869+00,2025-01-25 13:12:41.098869+00
33,nightlife,2025-01-25 13:12:41.118388+00,2025-01-25 13:12:41.118388+00
34,romance,2025-01-25 13:59:15.035413+00,2025-01-25 13:59:15.035413+00
35,sci-fi,2025-01-25 14:43:23.914163+00,2025-01-25 14:43:23.914163+00
36,religion,2025-01-25 15:24:33.80945+00,2025-01-25 15:24:33.80945+00
37,science,2025-01-25 15:30:59.880319+00,2025-01-25 15:30:59.880319+00
38,technology,2025-01-25 15:30:59.891019+00,2025-01-25 15:30:59.891019+00
39,music,2025-01-25 16:13:17.702103+00,2025-01-25 16:13:17.702103+00
40,activities,2025-01-25 16:13:17.712045+00,2025-01-25 16:13:17.712045+00
41,household,2025-01-25 16:13:17.722361+00,2025-01-25 16:13:17.722361+00
42,beach,2025-01-25 16:20:52.746049+00,2025-01-25 16:20:52.746049+00
43,story,2025-01-25 16:22:24.310137+00,2025-01-25 16:22:24.310137+00
44,villain,2025-01-25 16:22:24.320289+00,2025-01-25 16:22:24.320289+00
45,origin,2025-01-25 16:22:24.328825+00,2025-01-25 16:22:24.328825+00
46,literature,2025-01-25 16:25:49.532211+00,2025-01-25 16:25:49.532211+00
47,insults,2025-01-25 16:25:49.547443+00,2025-01-25 16:25:49.547443+00
48,renaissance,2025-01-25 16:25:49.56379+00,2025-01-25 16:25:49.56379+00
49,personal,2025-01-25 16:27:23.986017+00,2025-01-25 16:27:23.986017+00
50,event,2025-01-25 16:27:23.99689+00,2025-01-25 16:27:23.99689+00
51,rivalry,2025-01-25 16:28:12.057148+00,2025-01-25 16:28:12.057148+00
52,beauty,2025-01-25 16:28:12.069668+00,2025-01-25 16:28:12.069668+00
53,revenge,2025-01-25 16:28:12.082653+00,2025-01-25 16:28:12.082653+00
54,fashion,2025-01-25 16:29:22.214279+00,2025-01-25 16:29:22.214279+00
55,dating,2025-01-25 16:29:45.566526+00,2025-01-25 16:29:45.566526+00
56,history,2025-01-25 16:31:10.154297+00,2025-01-25 16:31:10.154297+00
57,entertainment,2025-01-25 16:31:10.164433+00,2025-01-25 16:31:10.164433+00
58,origin story,2025-01-25 16:35:23.511305+00,2025-01-25 16:35:23.511305+00
59,creativity,2025-01-25 16:37:18.700339+00,2025-01-25 16:37:18.700339+00
60,skincare,2025-01-25 16:39:09.992789+00,2025-01-25 16:39:09.992789+00
61,daily life,2025-01-25 16:41:46.360136+00,2025-01-25 16:41:46.360136+00
62,town,2025-01-25 16:41:46.376456+00,2025-01-25 16:41:46.376456+00
63,everyday life,2025-01-25 16:41:51.924754+00,2025-01-25 16:41:51.924754+00
64,community,2025-01-25 16:41:51.945107+00,2025-01-25 16:41:51.945107+00
65,crime,2025-01-25 16:53:33.160078+00,2025-01-25 16:53:33.160078+00
66,mystery,2025-01-25 16:53:33.170983+00,2025-01-25 16:53:33.170983+00
67,fairy tale,2025-01-25 17:56:35.432281+00,2025-01-25 17:56:35.432281+00
68,surprise,2025-01-25 17:58:26.835536+00,2025-01-25 17:58:26.835536+00
69,friends,2025-01-25 18:00:00.079128+00,2025-01-25 18:00:00.079128+00
70,thriller,2025-01-25 19:17:22.843074+00,2025-01-25 19:17:22.843074+00
71,love,2025-01-25 20:02:55.35155+00,2025-01-25 20:02:55.35155+00
72,confession,2025-01-25 20:02:55.361306+00,2025-01-25 20:02:55.361306+00
73,politics,2025-01-25 20:15:30.041917+00,2025-01-25 20:15:30.041917+00
74,social,2025-01-25 20:41:17.605874+00,2025-01-25 20:41:17.605874+00
75,school,2025-01-25 20:56:03.186374+00,2025-01-25 20:56:03.186374+00
76,work,2025-01-25 23:16:08.189536+00,2025-01-25 23:16:08.189536+00
77,safety,2025-01-25 23:17:59.959975+00,2025-01-25 23:17:59.959975+00
78,emergency,2025-01-25 23:17:59.972516+00,2025-01-25 23:17:59.972516+00
79,education,2025-01-25 23:17:59.983117+00,2025-01-25 23:17:59.983117+00
80,gossip,2025-01-25 23:25:51.344714+00,2025-01-25 23:25:51.344714+00
81,tragedy,2025-01-25 23:26:51.867447+00,2025-01-25 23:26:51.867447+00
82,aviation,2025-01-25 23:28:07.530965+00,2025-01-25 23:28:07.530965+00
83,desert,2025-01-25 23:30:30.765612+00,2025-01-25 23:30:30.765612+00
84,dreams,2025-01-25 23:30:40.38496+00,2025-01-25 23:30:40.38496+00
85,creative writing,2025-01-25 23:31:03.397977+00,2025-01-25 23:31:03.397977+00
86,space,2025-01-25 23:32:33.116823+00,2025-01-25 23:32:33.116823+00
87,civil rights,2025-01-25 23:34:11.102937+00,2025-01-25 23:34:11.102937+00
88,famous speeches,2025-01-25 23:34:11.113784+00,2025-01-25 23:34:11.113784+00
89,workplace,2025-01-25 23:36:14.068512+00,2025-01-25 23:36:14.068512+00
90,discrimination,2025-01-25 23:36:14.07805+00,2025-01-25 23:36:14.07805+00
91,inappropriate language,2025-01-25 23:36:14.087262+00,2025-01-25 23:36:14.087262+00
92,video games,2025-01-25 23:39:42.895443+00,2025-01-25 23:39:42.895443+00
93,birthday,2025-01-26 00:09:55.258734+00,2025-01-26 00:09:55.258734+00
94,celebration,2025-01-26 00:09:55.271474+00,2025-01-26 00:09:55.271474+00
95,activity,2025-01-26 00:42:44.108181+00,2025-01-26 00:42:44.108181+00
96,children,2025-01-26 00:43:45.987538+00,2025-01-26 00:43:45.987538+00
97,tv shows,2025-01-26 00:43:46.006207+00,2025-01-26 00:43:46.006207+00
98,party game,2025-01-26 00:45:04.217425+00,2025-01-26 00:45:04.217425+00
99,pets,2025-01-26 00:46:31.528147+00,2025-01-26 00:46:31.528147+00
100,gaming,2025-01-26 00:47:12.695631+00,2025-01-26 00:47:12.695631+00
101,strategy,2025-01-26 00:47:12.70636+00,2025-01-26 00:47:12.70636+00
102,injury,2025-01-26 00:48:43.319417+00,2025-01-26 00:48:43.319417+00
103,chaos,2025-01-26 00:48:43.328652+00,2025-01-26 00:48:43.328652+00
104,drinks,2025-01-26 00:49:19.812599+00,2025-01-26 00:49:19.812599+00
105,comedy,2025-01-26 00:49:34.344163+00,2025-01-26 00:49:34.344163+00
106,superheroes,2025-01-26 03:13:15.615357+00,2025-01-26 03:13:15.615357+00
107,war,2025-01-26 03:53:29.75709+00,2025-01-26 03:53:29.75709+00
108,conflict,2025-01-26 03:53:29.767767+00,2025-01-26 03:53:29.767767+00
109,game,2025-01-26 07:27:13.270014+00,2025-01-26 07:27:13.270014+00
110,absurdist,2025-01-26 07:27:13.287243+00,2025-01-26 07:27:13.287243+00
111,rpg,2025-01-26 07:27:13.295571+00,2025-01-26 07:27:13.295571+00
112,greeting,2025-01-26 07:46:23.376658+00,2025-01-26 07:46:23.376658+00
113,outdoors,2025-01-26 08:23:43.972954+00,2025-01-26 08:23:43.972954+00
114,travel,2025-01-26 10:45:57.710454+00,2025-01-26 10:45:57.710454+00
115,behavior,2025-01-26 10:45:57.723226+00,2025-01-26 10:45:57.723226+00
116,entitlement,2025-01-26 10:45:57.731843+00,2025-01-26 10:45:57.731843+00
117,animal,2025-01-26 15:29:29.713083+00,2025-01-26 15:29:29.713083+00
118,location,2025-01-26 15:29:29.724795+00,2025-01-26 15:29:29.724795+00
119,adjective,2025-01-26 15:29:29.73377+00,2025-01-26 15:29:29.73377+00
120,noun,2025-01-26 15:29:29.742657+00,2025-01-26 15:29:29.742657+00
121,verb,2025-01-26 15:29:29.751737+00,2025-01-26 15:29:29.751737+00
122,emotion,2025-01-26 15:29:29.760739+00,2025-01-26 15:29:29.760739+00
123,wild west,2025-01-26 15:40:13.861626+00,2025-01-26 15:40:13.861626+00
124,cowboys,2025-01-26 15:40:13.881204+00,2025-01-26 15:40:13.881204+00
125,charity,2025-01-26 17:47:01.272405+00,2025-01-26 17:47:01.272405+00
126,kindness,2025-01-26 17:47:01.29632+00,2025-01-26 17:47:01.29632+00
127,camp,2025-01-26 18:21:06.804087+00,2025-01-26 18:21:06.804087+00
128,surreal,2025-01-26 19:10:02.264762+00,2025-01-26 19:10:02.264762+00
129,routine,2025-01-26 19:16:54.280715+00,2025-01-26 19:16:54.280715+00
130,hotel,2025-01-26 19:34:51.485083+00,2025-01-26 19:34:51.485083+00
131,relaxation,2025-01-26 20:06:31.292316+00,2025-01-26 20:06:31.292316+00
132,outdoor,2025-01-26 20:09:20.450799+00,2025-01-26 20:09:20.450799+00
133,spy,2025-01-26 20:13:10.288828+00,2025-01-26 20:13:10.288828+00
134,heist,2025-01-26 20:13:10.29961+00,2025-01-26 20:13:10.29961+00
135,nostalgia,2025-01-26 21:31:53.526292+00,2025-01-26 21:31:53.526292+00
136,teen,2025-01-26 21:33:29.830339+00,2025-01-26 21:33:29.830339+00
137,detective,2025-01-26 22:50:23.044943+00,2025-01-26 22:50:23.044943+00
138,restaurant,2025-01-26 23:18:20.396279+00,2025-01-26 23:18:20.396279+00
139,quirky,2025-01-27 00:19:33.783195+00,2025-01-27 00:19:33.783195+00
140,random,2025-01-27 00:22:47.274423+00,2025-01-27 00:22:47.274423+00
141,youth,2025-01-27 00:22:47.293476+00,2025-01-27 00:22:47.293476+00
142,scary,2025-01-27 00:46:40.62273+00,2025-01-27 00:46:40.62273+00
143,social media,2025-01-27 05:27:09.812577+00,2025-01-27 05:27:09.812577+00
144,supernatural,2025-01-27 05:28:12.838712+00,2025-01-27 05:28:12.838712+00
145,legend,2025-01-27 06:42:18.656171+00,2025-01-27 06:42:18.656171+00
146,shopping,2025-01-27 12:19:27.845136+00,2025-01-27 12:19:27.845136+00
147,silly,2025-01-27 13:13:18.231558+00,2025-01-27 13:13:18.231558+00
148,personality,2025-01-27 13:13:18.243736+00,2025-01-27 13:13:18.243736+00
149,positive,2025-01-27 13:25:11.560106+00,2025-01-27 13:25:11.560106+00
150,farm,2025-01-27 13:28:33.360779+00,2025-01-27 13:28:33.360779+00
151,discovery,2025-01-27 15:14:51.682408+00,2025-01-27 15:14:51.682408+00
152,exploration,2025-01-27 15:20:23.885071+00,2025-01-27 15:20:23.885071+00
153,creatures,2025-01-27 15:20:43.536476+00,2025-01-27 15:20:43.536476+00
154,ocean,2025-01-27 15:26:27.804291+00,2025-01-27 15:26:27.804291+00
155,lifestyle,2025-01-27 16:34:44.478088+00,2025-01-27 16:34:44.478088+00
156,christianity,2025-01-27 16:35:01.880681+00,2025-01-27 16:35:01.880681+00
157,fiction,2025-01-27 16:41:33.767654+00,2025-01-27 16:41:33.767654+00
158,zombies,2025-01-27 16:41:33.782091+00,2025-01-27 16:41:33.782091+00
159,creative,2025-01-27 16:46:23.903144+00,2025-01-27 16:46:23.903144+00
160,career advice,2025-01-27 16:49:11.096662+00,2025-01-27 16:49:11.096662+00
161,western,2025-01-27 16:50:09.368542+00,2025-01-27 16:50:09.368542+00
162,violence,2025-01-27 16:54:47.417089+00,2025-01-27 16:54:47.417089+00
163,medical,2025-01-27 17:04:06.935547+00,2025-01-27 17:04:06.935547+00
164,body modification,2025-01-27 17:04:27.413742+00,2025-01-27 17:04:27.413742+00
165,courage,2025-01-27 17:07:19.83003+00,2025-01-27 17:07:19.83003+00
166,occupation,2025-01-27 17:13:10.689361+00,2025-01-27 17:13:10.689361+00
167,career,2025-01-27 17:16:34.791878+00,2025-01-27 17:16:34.791878+00
168,language,2025-01-27 17:19:45.606403+00,2025-01-27 17:19:45.606403+00
169,achievement,2025-01-27 17:22:24.842717+00,2025-01-27 17:22:24.842717+00
170,announcement,2025-01-27 17:30:42.579677+00,2025-01-27 17:30:42.579677+00
171,baby,2025-01-27 17:32:02.759935+00,2025-01-27 17:32:02.759935+00
172,gender reveal,2025-01-27 17:32:02.856025+00,2025-01-27 17:32:02.856025+00
173,royalty,2025-01-27 18:15:43.82205+00,2025-01-27 18:15:43.82205+00
174,holiday,2025-01-27 18:16:02.186142+00,2025-01-27 18:16:02.186142+00
175,pirate,2025-01-27 18:17:45.209936+00,2025-01-27 18:17:45.209936+00
176,treasure,2025-01-27 18:17:45.22924+00,2025-01-27 18:17:45.22924+00
177,picnic,2025-01-27 18:48:51.536254+00,2025-01-27 18:48:51.536254+00
178,fairytale,2025-01-27 18:49:25.433618+00,2025-01-27 18:49:25.433618+00
179,book report,2025-01-27 19:18:12.204406+00,2025-01-27 19:18:12.204406+00
180,biography,2025-01-27 19:18:12.230622+00,2025-01-27 19:18:12.230622+00
181,events,2025-01-27 19:39:59.629101+00,2025-01-27 19:39:59.629101+00
182,disaster,2025-01-27 19:40:37.034467+00,2025-01-27 19:40:37.034467+00
183,kids,2025-01-27 19:53:29.476504+00,2025-01-27 19:53:29.476504+00
184,wedding,2025-01-27 20:57:04.448013+00,2025-01-27 20:57:04.448013+00
185,meeting,2025-01-27 21:29:29.187064+00,2025-01-27 21:29:29.187064+00
186,team,2025-01-27 21:29:29.213208+00,2025-01-27 21:29:29.213208+00
187,development,2025-01-27 21:29:29.232946+00,2025-01-27 21:29:29.232946+00
188,classic,2025-01-27 21:41:09.380839+00,2025-01-27 21:41:09.380839+00
189,advice,2025-01-27 21:42:01.1629+00,2025-01-27 21:42:01.1629+00
190,robots,2025-01-27 21:54:01.162065+00,2025-01-27 21:54:01.162065+00
191,home,2025-01-28 00:18:32.679202+00,2025-01-28 00:18:32.679202+00
192,extreme sports,2025-01-28 00:46:40.744604+00,2025-01-28 00:46:40.744604+00
193,magic,2025-01-28 00:52:26.722969+00,2025-01-28 00:52:26.722969+00
194,dream,2025-01-28 01:34:03.615697+00,2025-01-28 01:34:03.615697+00
195,relationships,2025-01-28 02:12:52.507168+00,2025-01-28 02:12:52.507168+00
196,daily routine,2025-01-28 02:18:34.531239+00,2025-01-28 02:18:34.531239+00
197,awkward,2025-01-28 02:28:57.292573+00,2025-01-28 02:28:57.292573+00
198,wishes,2025-01-28 02:46:14.877413+00,2025-01-28 02:46:14.877413+00
199,summer,2025-01-28 03:20:37.810432+00,2025-01-28 03:20:37.810432+00
200,escape,2025-01-28 08:45:32.150399+00,2025-01-28 08:45:32.150399+00
201,weird,2025-01-28 09:42:07.808622+00,2025-01-28 09:42:07.808622+00
202,revolution,2025-01-28 12:51:35.610816+00,2025-01-28 12:51:35.610816+00
203,pop culture,2025-01-28 13:12:54.896861+00,2025-01-28 13:12:54.896861+00
204,geek culture,2025-01-28 13:13:40.619038+00,2025-01-28 13:13:40.619038+00
205,secrets,2025-01-28 15:09:56.177113+00,2025-01-28 15:09:56.177113+00
206,professions,2025-01-28 15:52:28.580062+00,2025-01-28 15:52:28.580062+00
207,children's literature,2025-01-28 16:19:58.236523+00,2025-01-28 16:19:58.236523+00
208,manufacturing,2025-01-28 16:39:04.441723+00,2025-01-28 16:39:04.441723+00
209,experience,2025-01-28 16:39:04.481433+00,2025-01-28 16:39:04.481433+00
210,farewell,2025-01-28 17:26:42.03325+00,2025-01-28 17:26:42.03325+00
211,appreciation,2025-01-28 17:26:42.045043+00,2025-01-28 17:26:42.045043+00
212,winter,2025-01-28 18:06:59.475663+00,2025-01-28 18:06:59.475663+00
213,health,2025-01-28 18:33:49.98274+00,2025-01-28 18:33:49.98274+00
214,business,2025-01-28 18:43:25.516668+00,2025-01-28 18:43:25.516668+00
215,dance,2025-01-28 18:57:10.869228+00,2025-01-28 18:57:10.869228+00
216,whimsical,2025-01-28 19:20:24.591236+00,2025-01-28 19:20:24.591236+00
217,adjectives,2025-01-28 19:50:37.719592+00,2025-01-28 19:50:37.719592+00
218,verbs,2025-01-28 19:50:37.730376+00,2025-01-28 19:50:37.730376+00
219,nouns,2025-01-28 19:50:37.744107+00,2025-01-28 19:50:37.744107+00
220,life story,2025-01-28 19:51:57.772524+00,2025-01-28 19:51:57.772524+00
221,women,2025-01-28 20:10:25.113453+00,2025-01-28 20:10:25.113453+00
222,virtues,2025-01-28 20:10:25.123709+00,2025-01-28 20:10:25.123709+00
223,speech,2025-01-28 20:52:15.803029+00,2025-01-28 20:52:15.803029+00
224,rally,2025-01-28 20:52:15.812378+00,2025-01-28 20:52:15.812378+00
225,campaign,2025-01-28 20:53:40.612563+00,2025-01-28 20:53:40.612563+00
226,campaigning,2025-01-28 20:56:55.559633+00,2025-01-28 20:56:55.559633+00
227,speeches,2025-01-28 20:56:55.571443+00,2025-01-28 20:56:55.571443+00
228,government,2025-01-28 20:59:04.5671+00,2025-01-28 20:59:04.5671+00
229,intense,2025-01-28 21:01:55.341108+00,2025-01-28 21:01:55.341108+00
230,talents,2025-01-28 21:02:48.326809+00,2025-01-28 21:02:48.326809+00
231,monsters,2025-01-28 21:03:30.416352+00,2025-01-28 21:03:30.416352+00
232,outdoor activities,2025-01-28 21:22:57.377637+00,2025-01-28 21:22:57.377637+00
233,adventures,2025-01-28 21:30:33.294552+00,2025-01-28 21:30:33.294552+00
234,feelings,2025-01-28 21:53:17.810945+00,2025-01-28 21:53:17.810945+00
235,zoo,2025-01-28 22:49:35.512252+00,2025-01-28 22:49:35.512252+00
236,children's story,2025-01-28 23:16:18.599241+00,2025-01-28 23:16:18.599241+00
237,storytelling,2025-01-28 23:19:30.543975+00,2025-01-28 23:19:30.543975+00
238,recognition,2025-01-28 23:19:31.846958+00,2025-01-28 23:19:31.846958+00
239,leadership,2025-01-28 23:19:31.85922+00,2025-01-28 23:19:31.85922+00
240,sibling rivalry,2025-01-28 23:44:12.033821+00,2025-01-28 23:44:12.033821+00
241,cultural experience,2025-01-28 23:52:00.795467+00,2025-01-28 23:52:00.795467+00
242,political,2025-01-28 23:54:14.149095+00,2025-01-28 23:54:14.149095+00
243,dancing,2025-01-29 01:00:25.128201+00,2025-01-29 01:00:25.128201+00
244,body functions,2025-01-29 01:02:14.832371+00,2025-01-29 01:02:14.832371+00
245,camping,2025-01-29 01:30:16.728488+00,2025-01-29 01:30:16.728488+00
246,drink,2025-01-29 03:37:22.601449+00,2025-01-29 03:37:22.601449+00
247,racist,2025-01-29 03:46:53.132985+00,2025-01-29 03:46:53.132985+00
248,current events,2025-01-29 04:19:39.420009+00,2025-01-29 04:19:39.420009+00
249,legal,2025-01-29 04:21:52.921339+00,2025-01-29 04:21:52.921339+00
250,scandal,2025-01-29 04:31:07.257494+00,2025-01-29 04:31:07.257494+00
251,conspiracy,2025-01-29 04:34:20.695682+00,2025-01-29 04:34:20.695682+00
252,city,2025-01-29 04:37:52.023054+00,2025-01-29 04:37:52.023054+00
253,vacation,2025-01-29 04:43:46.923013+00,2025-01-29 04:43:46.923013+00
254,natural disasters,2025-01-29 04:44:22.079189+00,2025-01-29 04:44:22.079189+00
255,diversity,2025-01-29 04:49:53.263002+00,2025-01-29 04:49:53.263002+00
256,addiction,2025-01-29 04:52:24.584428+00,2025-01-29 04:52:24.584428+00
257,obsession,2025-01-29 04:52:24.601874+00,2025-01-29 04:52:24.601874+00
258,movie,2025-01-29 04:54:34.339039+00,2025-01-29 04:54:34.339039+00
259,animation,2025-01-29 04:54:34.349957+00,2025-01-29 04:54:34.349957+00
260,cheating,2025-01-29 06:34:32.739392+00,2025-01-29 06:34:32.739392+00
261,betrayal,2025-01-29 06:36:55.413922+00,2025-01-29 06:36:55.413922+00
262,ancient rome,2025-01-29 12:51:21.785844+00,2025-01-29 12:51:21.785844+00
263,valentine's day,2025-01-29 13:34:00.799996+00,2025-01-29 13:34:00.799996+00
264,adverb,2025-01-29 14:07:12.337069+00,2025-01-29 14:07:12.337069+00
265,suspense,2025-01-29 15:02:23.779027+00,2025-01-29 15:02:23.779027+00
266,social event,2025-01-29 15:44:37.975303+00,2025-01-29 15:44:37.975303+00
267,football,2025-01-29 16:41:49.611872+00,2025-01-29 16:41:49.611872+00
268,fan culture,2025-01-29 16:45:52.022738+00,2025-01-29 16:45:52.022738+00
269,misadventure,2025-01-29 17:24:21.005957+00,2025-01-29 17:24:21.005957+00
270,speed,2025-01-29 17:24:29.252685+00,2025-01-29 17:24:29.252685+00
271,africa,2025-01-29 17:25:56.953236+00,2025-01-29 17:25:56.953236+00
272,language arts,2025-01-29 18:24:30.711966+00,2025-01-29 18:24:30.711966+00
273,wilderness,2025-01-29 18:30:45.674876+00,2025-01-29 18:30:45.674876+00
274,clothing,2025-01-29 19:04:00.996855+00,2025-01-29 19:04:00.996855+00
275,drama,2025-01-29 19:19:33.49537+00,2025-01-29 19:19:33.49537+00
276,pirates,2025-01-29 19:22:14.764993+00,2025-01-29 19:22:14.764993+00
277,treasure hunt,2025-01-29 19:31:20.59779+00,2025-01-29 19:31:20.59779+00
278,writing,2025-01-29 19:33:06.11902+00,2025-01-29 19:33:06.11902+00
279,places,2025-01-29 19:39:13.748726+00,2025-01-29 19:39:13.748726+00
280,wildlife,2025-01-29 21:03:46.997628+00,2025-01-29 21:03:46.997628+00
281,supermarket,2025-01-29 21:03:47.014896+00,2025-01-29 21:03:47.014896+00
282,pranks,2025-01-29 21:24:32.27228+00,2025-01-29 21:24:32.27228+00
283,lessons,2025-01-29 21:24:32.303474+00,2025-01-29 21:24:32.303474+00
284,age,2025-01-29 22:40:14.39946+00,2025-01-29 22:40:14.39946+00
285,desserts,2025-01-29 22:57:13.721037+00,2025-01-29 22:57:13.721037+00
286,mexican,2025-01-29 23:54:33.019544+00,2025-01-29 23:54:33.019544+00
287,manor,2025-01-30 00:09:22.761744+00,2025-01-30 00:09:22.761744+00
288,retail,2025-01-30 00:12:39.287193+00,2025-01-30 00:12:39.287193+00
289,plants,2025-01-30 00:12:39.314237+00,2025-01-30 00:12:39.314237+00
290,adolescence,2025-01-30 01:01:10.331514+00,2025-01-30 01:01:10.331514+00
291,chores,2025-01-30 01:29:15.467264+00,2025-01-30 01:29:15.467264+00
292,island,2025-01-30 01:36:50.480528+00,2025-01-30 01:36:50.480528+00
293,song,2025-01-30 01:41:48.23346+00,2025-01-30 01:41:48.23346+00
294,nursery rhyme,2025-01-30 01:41:48.241476+00,2025-01-30 01:41:48.241476+00
295,fable,2025-01-30 04:55:01.588097+00,2025-01-30 04:55:01.588097+00
296,personas,2025-01-30 05:22:23.497942+00,2025-01-30 05:22:23.497942+00
297,disney,2025-01-30 10:58:43.332492+00,2025-01-30 10:58:43.332492+00
298,halloween,2025-01-30 12:14:38.734805+00,2025-01-30 12:14:38.734805+00
299,historical,2025-01-30 12:24:18.175401+00,2025-01-30 12:24:18.175401+00
300,underwater,2025-01-30 14:47:27.01509+00,2025-01-30 14:47:27.01509+00
301,descriptive,2025-01-30 14:51:22.007173+00,2025-01-30 14:51:22.007173+00
302,movies,2025-01-30 14:58:53.636054+00,2025-01-30 14:58:53.636054+00
303,hero's journey,2025-01-30 15:21:32.792354+00,2025-01-30 15:21:32.792354+00
304,art,2025-01-30 16:07:14.183747+00,2025-01-30 16:07:14.183747+00
305,expression,2025-01-30 16:07:14.209467+00,2025-01-30 16:07:14.209467+00
306,volunteering,2025-01-30 16:21:44.71767+00,2025-01-30 16:21:44.71767+00
307,market,2025-01-30 16:21:44.748106+00,2025-01-30 16:21:44.748106+00
308,futuristic,2025-01-30 16:29:34.751963+00,2025-01-30 16:29:34.751963+00
309,society,2025-01-30 16:29:34.773097+00,2025-01-30 16:29:34.773097+00
310,culture,2025-01-30 17:42:47.826506+00,2025-01-30 17:42:47.826506+00
311,interview,2025-01-30 17:58:46.778745+00,2025-01-30 17:58:46.778745+00
312,gothic,2025-01-30 19:01:26.120959+00,2025-01-30 19:01:26.120959+00
313,embarrassment,2025-01-30 19:07:09.604453+00,2025-01-30 19:07:09.604453+00
314,bullying,2025-01-30 19:44:00.426531+00,2025-01-30 19:44:00.426531+00
315,apology,2025-01-30 19:44:00.46015+00,2025-01-30 19:44:00.46015+00
316,renewable energy,2025-01-30 20:01:08.902942+00,2025-01-30 20:01:08.902942+00
317,environment,2025-01-30 20:01:09.049847+00,2025-01-30 20:01:09.049847+00
318,video game,2025-01-30 20:06:11.12303+00,2025-01-30 20:06:11.12303+00
319,destination,2025-01-30 20:32:17.477204+00,2025-01-30 20:32:17.477204+00
320,children's,2025-01-30 21:55:24.660456+00,2025-01-30 21:55:24.660456+00
321,danger,2025-01-30 21:57:06.284029+00,2025-01-30 21:57:06.284029+00
322,adjective_noun,2025-01-30 21:59:18.743918+00,2025-01-30 21:59:18.743918+00
323,verb_ing,2025-01-30 21:59:18.764442+00,2025-01-30 21:59:18.764442+00
324,imagination,2025-01-30 22:03:42.820397+00,2025-01-30 22:03:42.820397+00
325,accidents,2025-01-30 22:05:02.551438+00,2025-01-30 22:05:02.551438+00
326,personal experience,2025-01-30 22:48:15.1309+00,2025-01-30 22:48:15.1309+00
327,embarrassing,2025-01-30 22:52:07.979525+00,2025-01-30 22:52:07.979525+00
328,childhood,2025-01-30 22:58:21.931294+00,2025-01-30 22:58:21.931294+00
329,embarrassing moments,2025-01-30 22:58:24.794408+00,2025-01-30 22:58:24.794408+00
330,dark humor,2025-01-30 22:58:47.314771+00,2025-01-30 22:58:47.314771+00
331,spanish,2025-01-30 23:00:15.153209+00,2025-01-30 23:00:15.153209+00
332,bodily functions,2025-01-30 23:01:48.047675+00,2025-01-30 23:01:48.047675+00
333,narrative,2025-01-30 23:03:54.106995+00,2025-01-30 23:03:54.106995+00
334,mischievous,2025-01-30 23:07:09.635056+00,2025-01-30 23:07:09.635056+00
335,investigation,2025-01-30 23:29:07.86156+00,2025-01-30 23:29:07.86156+00
336,justice,2025-01-30 23:29:07.870755+00,2025-01-30 23:29:07.870755+00
337,military,2025-01-30 23:34:29.951533+00,2025-01-30 23:34:29.951533+00
338,math,2025-01-30 23:41:53.989514+00,2025-01-30 23:41:53.989514+00
339,time,2025-01-31 00:25:59.966794+00,2025-01-31 00:25:59.966794+00
340,character,2025-01-31 00:38:25.170984+00,2025-01-31 00:38:25.170984+00
341,reunion,2025-01-31 01:05:58.421975+00,2025-01-31 01:05:58.421975+00
342,adult,2025-01-31 01:20:04.350759+00,2025-01-31 01:20:04.350759+00
343,banking,2025-01-31 01:54:40.023712+00,2025-01-31 01:54:40.023712+00
344,customer service,2025-01-31 01:54:40.032132+00,2025-01-31 01:54:40.032132+00
345,finance,2025-01-31 01:54:40.041769+00,2025-01-31 01:54:40.041769+00
346,lost and found,2025-01-31 01:57:15.964161+00,2025-01-31 01:57:15.964161+00
347,invasion,2025-01-31 02:04:21.627178+00,2025-01-31 02:04:21.627178+00
348,soccer,2025-01-31 02:09:03.67337+00,2025-01-31 02:09:03.67337+00
349,mistake,2025-01-31 02:14:45.043965+00,2025-01-31 02:14:45.043965+00
350,tv show,2025-01-31 02:18:52.623562+00,2025-01-31 02:18:52.623562+00
351,cartoon,2025-01-31 02:18:52.641911+00,2025-01-31 02:18:52.641911+00
352,fictional,2025-01-31 03:25:56.660745+00,2025-01-31 03:25:56.660745+00
353,coming out,2025-01-31 03:29:53.887131+00,2025-01-31 03:29:53.887131+00
354,acceptance,2025-01-31 03:29:53.916175+00,2025-01-31 03:29:53.916175+00
355,lgbtq+,2025-01-31 03:30:13.855753+00,2025-01-31 03:30:13.855753+00
356,affirmation,2025-01-31 05:44:09.418442+00,2025-01-31 05:44:09.418442+00
357,motivation,2025-01-31 05:44:09.434783+00,2025-01-31 05:44:09.434783+00
358,reality tv,2025-01-31 11:37:41.777301+00,2025-01-31 11:37:41.777301+00
359,game show,2025-01-31 11:38:04.1916+00,2025-01-31 11:38:04.1916+00
360,recreation,2025-01-31 14:01:50.68729+00,2025-01-31 14:01:50.68729+00
361,quest,2025-01-31 15:00:21.781075+00,2025-01-31 15:00:21.781075+00
362,color,2025-01-31 15:08:58.714508+00,2025-01-31 15:08:58.714508+00
363,inheritance,2025-01-31 16:39:59.216133+00,2025-01-31 16:39:59.216133+00
364,change,2025-01-31 16:39:59.233186+00,2025-01-31 16:39:59.233186+00
365,word problem,2025-01-31 17:17:22.758778+00,2025-01-31 17:17:22.758778+00
366,seasonal,2025-01-31 17:20:12.427945+00,2025-01-31 17:20:12.427945+00
367,high school,2025-01-31 18:25:02.787638+00,2025-01-31 18:25:02.787638+00
368,social conflict,2025-01-31 18:25:02.805707+00,2025-01-31 18:25:02.805707+00
369,shocking,2025-01-31 20:19:00.910415+00,2025-01-31 20:19:00.910415+00
370,body parts,2025-01-31 20:19:00.92141+00,2025-01-31 20:19:00.92141+00
371,podcast,2025-01-31 20:20:46.620049+00,2025-01-31 20:20:46.620049+00
372,mess,2025-01-31 20:23:27.907328+00,2025-01-31 20:23:27.907328+00
373,communication,2025-01-31 20:56:01.384636+00,2025-01-31 20:56:01.384636+00
374,busyness,2025-01-31 20:58:14.933539+00,2025-01-31 20:58:14.933539+00
375,busy,2025-01-31 20:58:34.011623+00,2025-01-31 20:58:34.011623+00
376,poetry,2025-01-31 21:09:10.671538+00,2025-01-31 21:09:10.671538+00
377,street life,2025-01-31 23:04:24.995077+00,2025-01-31 23:04:24.995077+00
378,housing,2025-01-31 23:15:53.614763+00,2025-01-31 23:15:53.614763+00
379,sleepover,2025-01-31 23:57:50.630965+00,2025-01-31 23:57:50.630965+00
380,games,2025-02-01 00:29:53.675052+00,2025-02-01 00:29:53.675052+00
381,challenge,2025-02-01 00:29:53.688604+00,2025-02-01 00:29:53.688604+00
382,religious,2025-02-01 00:41:41.684493+00,2025-02-01 00:41:41.684493+00
383,celebrations,2025-02-01 00:42:08.272528+00,2025-02-01 00:42:08.272528+00
384,religious events,2025-02-01 00:42:08.290097+00,2025-02-01 00:42:08.290097+00
385,college,2025-02-01 00:51:10.518674+00,2025-02-01 00:51:10.518674+00
386,haunted house,2025-02-01 02:00:29.538372+00,2025-02-01 02:00:29.538372+00
387,ghost story,2025-02-01 02:36:19.918093+00,2025-02-01 02:36:19.918093+00
388,london,2025-02-01 02:36:19.940488+00,2025-02-01 02:36:19.940488+00
389,haunted,2025-02-01 02:36:19.958865+00,2025-02-01 02:36:19.958865+00
390,seasons,2025-02-01 03:33:47.669156+00,2025-02-01 03:33:47.669156+00
391,lesson learned,2025-02-01 03:37:41.29058+00,2025-02-01 03:37:41.29058+00
392,leisure,2025-02-01 04:30:18.430147+00,2025-02-01 04:30:18.430147+00
393,family fun,2025-02-01 04:34:45.61033+00,2025-02-01 04:34:45.61033+00
394,playground,2025-02-01 04:39:08.143534+00,2025-02-01 04:39:08.143534+00
395,life,2025-02-01 05:09:16.233251+00,2025-02-01 05:09:16.233251+00
396,review,2025-02-01 05:37:14.874096+00,2025-02-01 05:37:14.874096+00
397,conversation,2025-02-01 05:57:44.214186+00,2025-02-01 05:57:44.214186+00
398,interaction,2025-02-01 05:57:44.224891+00,2025-02-01 05:57:44.224891+00
399,celebrities,2025-02-01 05:58:58.867873+00,2025-02-01 05:58:58.867873+00
400,forest,2025-02-01 07:42:09.188547+00,2025-02-01 07:42:09.188547+00
401,relationship,2025-02-01 09:04:04.024468+00,2025-02-01 09:04:04.024468+00
402,misunderstanding,2025-02-01 09:04:04.042951+00,2025-02-01 09:04:04.042951+00
403,situations,2025-02-01 09:04:54.787503+00,2025-02-01 09:04:54.787503+00
404,amusement park,2025-02-01 15:42:45.671915+00,2025-02-01 15:42:45.671915+00
405,occupations,2025-02-01 15:45:39.744858+00,2025-02-01 15:45:39.744858+00
406,toys,2025-02-01 17:52:13.263107+00,2025-02-01 17:52:13.263107+00
407,rescue,2025-02-01 20:59:37.088166+00,2025-02-01 20:59:37.088166+00
408,my little pony,2025-02-01 21:05:41.396036+00,2025-02-01 21:05:41.396036+00
409,inappropriate,2025-02-02 01:50:57.174263+00,2025-02-02 01:50:57.174263+00
410,encounter,2025-02-02 01:50:57.182695+00,2025-02-02 01:50:57.182695+00
411,response,2025-02-02 01:50:57.190321+00,2025-02-02 01:50:57.190321+00
412,body,2025-02-02 01:51:01.460738+00,2025-02-02 01:51:01.460738+00
413,coming of age,2025-02-02 02:48:44.146194+00,2025-02-02 02:48:44.146194+00
414,serious,2025-02-02 02:55:46.774415+00,2025-02-02 02:55:46.774415+00
415,tradition,2025-02-02 03:50:26.546434+00,2025-02-02 03:50:26.546434+00
416,anime,2025-02-02 11:51:09.171321+00,2025-02-02 11:51:09.171321+00
417,economics,2025-02-02 16:54:36.282594+00,2025-02-02 16:54:36.282594+00
418,award,2025-02-02 17:06:06.937073+00,2025-02-02 17:06:06.937073+00
419,thanks,2025-02-02 17:06:06.950998+00,2025-02-02 17:06:06.950998+00
420,gratitude,2025-02-02 17:07:16.452709+00,2025-02-02 17:07:16.452709+00
421,day out,2025-02-02 17:51:25.748894+00,2025-02-02 17:51:25.748894+00
422,beverages,2025-02-02 17:58:07.471176+00,2025-02-02 17:58:07.471176+00
423,relative,2025-02-02 20:23:30.327503+00,2025-02-02 20:23:30.327503+00
424,engagement,2025-02-02 20:25:41.846697+00,2025-02-02 20:25:41.846697+00
425,neighborhood,2025-02-02 21:41:46.968139+00,2025-02-02 21:41:46.968139+00
426,place,2025-02-02 22:24:16.405922+00,2025-02-02 22:24:16.405922+00
427,library,2025-02-02 22:25:34.856571+00,2025-02-02 22:25:34.856571+00
428,objects,2025-02-02 22:30:07.169991+00,2025-02-02 22:30:07.169991+00
429,missing person,2025-02-02 22:36:05.205649+00,2025-02-02 22:36:05.205649+00
430,dinner theater,2025-02-02 23:19:05.68257+00,2025-02-02 23:19:05.68257+00
431,submarine,2025-02-03 01:24:11.139668+00,2025-02-03 01:24:11.139668+00
432,valentines day,2025-02-03 01:45:07.318181+00,2025-02-03 01:45:07.318181+00
433,spiritual,2025-02-03 01:50:19.031356+00,2025-02-03 01:50:19.031356+00
434,memories,2025-02-03 01:53:45.050631+00,2025-02-03 01:53:45.050631+00
435,hygiene,2025-02-03 03:05:46.139953+00,2025-02-03 03:05:46.139953+00
436,youtuber,2025-02-03 03:14:25.182939+00,2025-02-03 03:14:25.182939+00
437,roommates,2025-02-03 03:14:25.191394+00,2025-02-03 03:14:25.191394+00
438,pajamas,2025-02-03 03:19:01.300445+00,2025-02-03 03:19:01.300445+00
439,weight,2025-02-03 04:20:08.142174+00,2025-02-03 04:20:08.142174+00
440,cartoons,2025-02-03 04:25:27.952059+00,2025-02-03 04:25:27.952059+00
441,recreational,2025-02-03 06:07:07.267297+00,2025-02-03 06:07:07.267297+00
442,mexico,2025-02-03 06:15:39.806474+00,2025-02-03 06:15:39.806474+00
443,inspiration,2025-02-03 07:54:52.156642+00,2025-02-03 07:54:52.156642+00
444,empowerment,2025-02-03 07:54:52.165604+00,2025-02-03 07:54:52.165604+00
445,opinion,2025-02-03 10:32:22.134431+00,2025-02-03 10:32:22.134431+00
446,retirement,2025-02-03 11:38:12.461236+00,2025-02-03 11:38:12.461236+00
447,colors,2025-02-03 12:17:46.755484+00,2025-02-03 12:17:46.755484+00
448,morning routine,2025-02-03 12:17:54.670874+00,2025-02-03 12:17:54.670874+00
449,packing,2025-02-03 15:39:23.52256+00,2025-02-03 15:39:23.52256+00
450,excuses,2025-02-03 18:04:30.850653+00,2025-02-03 18:04:30.850653+00
451,database,2025-02-03 18:16:53.609553+00,2025-02-03 18:16:53.609553+00
452,bedtime,2025-02-03 18:59:41.4119+00,2025-02-03 18:59:41.4119+00
453,lost items,2025-02-03 19:02:52.649308+00,2025-02-03 19:02:52.649308+00
454,challenges,2025-02-03 20:10:20.836415+00,2025-02-03 20:10:20.836415+00
455,city life,2025-02-03 21:04:07.494836+00,2025-02-03 21:04:07.494836+00
456,books,2025-02-03 21:52:30.624585+00,2025-02-03 21:52:30.624585+00
457,time travel,2025-02-03 22:35:19.063014+00,2025-02-03 22:35:19.063014+00
458,dinner party,2025-02-03 22:36:02.205314+00,2025-02-03 22:36:02.205314+00
459,mansion,2025-02-03 22:36:02.22589+00,2025-02-03 22:36:02.22589+00
460,back to school,2025-02-03 22:36:42.756967+00,2025-02-03 22:36:42.756967+00
461,physics,2025-02-04 01:08:18.759539+00,2025-02-04 01:08:18.759539+00
462,excitement,2025-02-04 01:11:21.772015+00,2025-02-04 01:11:21.772015+00
463,puzzle,2025-02-04 01:13:26.1924+00,2025-02-04 01:13:26.1924+00
464,problem solving,2025-02-04 01:13:26.207977+00,2025-02-04 01:13:26.207977+00
465,puzzles,2025-02-04 01:13:47.222787+00,2025-02-04 01:13:47.222787+00
466,ghosts,2025-02-04 01:15:48.396549+00,2025-02-04 01:15:48.396549+00
467,youtube,2025-02-04 01:27:34.551589+00,2025-02-04 01:27:34.551589+00
468,viral,2025-02-04 01:30:26.654577+00,2025-02-04 01:30:26.654577+00
469,compliment,2025-02-04 01:50:51.204848+00,2025-02-04 01:50:51.204848+00
470,rodeo,2025-02-04 02:05:11.790895+00,2025-02-04 02:05:11.790895+00
471,cowboy,2025-02-04 02:05:11.798808+00,2025-02-04 02:05:11.798808+00
472,television,2025-02-04 05:33:32.213758+00,2025-02-04 05:33:32.213758+00
473,girly,2025-02-04 05:39:47.73521+00,2025-02-04 05:39:47.73521+00
474,plumbing,2025-02-04 06:08:30.919095+00,2025-02-04 06:08:30.919095+00
475,personal growth,2025-02-04 10:24:32.484476+00,2025-02-04 10:24:32.484476+00
476,decision making,2025-02-04 11:57:39.219161+00,2025-02-04 11:57:39.219161+00
477,german,2025-02-04 14:48:13.874263+00,2025-02-04 14:48:13.874263+00
478,living,2025-02-04 14:48:13.88449+00,2025-02-04 14:48:13.88449+00
479,berlin,2025-02-04 14:48:13.892867+00,2025-02-04 14:48:13.892867+00
480,world leaders,2025-02-04 14:54:19.156841+00,2025-02-04 14:54:19.156841+00
481,bdsm,2025-02-04 14:55:46.107668+00,2025-02-04 14:55:46.107668+00
482,sexual fetish,2025-02-04 14:55:46.122498+00,2025-02-04 14:55:46.122498+00
483,fitness,2025-02-04 14:57:38.249874+00,2025-02-04 14:57:38.249874+00
484,self-esteem,2025-02-04 15:13:09.346983+00,2025-02-04 15:13:09.346983+00
485,profession,2025-02-04 16:51:39.304527+00,2025-02-04 16:51:39.304527+00
486,plural_noun,2025-02-04 16:56:45.954841+00,2025-02-04 16:56:45.954841+00
487,conservation,2025-02-04 17:19:00.331925+00,2025-02-04 17:19:00.331925+00
488,morality,2025-02-04 17:54:23.164154+00,2025-02-04 17:54:23.164154+00
489,morals,2025-02-04 17:54:43.604448+00,2025-02-04 17:54:43.604448+00
490,coding,2025-02-04 18:04:01.817939+00,2025-02-04 18:04:01.817939+00
491,activism,2025-02-04 18:39:32.916077+00,2025-02-04 18:39:32.916077+00
492,date night,2025-02-04 20:06:45.219136+00,2025-02-04 20:06:45.219136+00
493,heroes,2025-02-04 21:38:07.060677+00,2025-02-04 21:38:07.060677+00
494,workshops,2025-02-04 23:39:01.984499+00,2025-02-04 23:39:01.984499+00
495,instructions,2025-02-05 02:14:07.630531+00,2025-02-05 02:14:07.630531+00
496,favorites,2025-02-05 02:53:13.571292+00,2025-02-05 02:53:13.571292+00
497,frustration,2025-02-05 04:14:02.758844+00,2025-02-05 04:14:02.758844+00
498,soap opera,2025-02-05 05:50:59.402395+00,2025-02-05 05:50:59.402395+00
499,news,2025-02-05 13:33:00.740623+00,2025-02-05 13:33:00.740623+00
500,geography,2025-02-05 15:34:00.619684+00,2025-02-05 15:34:00.619684+00
501,kitchen,2025-02-05 16:15:04.376721+00,2025-02-05 16:15:04.376721+00
502,scenario,2025-02-05 16:15:04.569426+00,2025-02-05 16:15:04.569426+00
503,complaints,2025-02-05 16:18:50.532303+00,2025-02-05 16:18:50.532303+00
504,clean,2025-02-05 16:25:30.932887+00,2025-02-05 16:25:30.932887+00
505,healthcare,2025-02-05 17:30:17.305036+00,2025-02-05 17:30:17.305036+00
506,campfire,2025-02-05 17:58:09.54598+00,2025-02-05 17:58:09.54598+00
507,superpower,2025-02-05 18:43:28.602871+00,2025-02-05 18:43:28.602871+00
508,useless,2025-02-05 18:43:28.680759+00,2025-02-05 18:43:28.680759+00
509,going away,2025-02-05 19:43:11.324738+00,2025-02-05 19:43:11.324738+00
510,stress,2025-02-05 20:55:32.933473+00,2025-02-05 20:55:32.933473+00
511,names,2025-02-05 21:23:20.709497+00,2025-02-05 21:23:20.709497+00
512,college life,2025-02-05 21:26:42.558161+00,2025-02-05 21:26:42.558161+00
513,insurance,2025-02-05 21:27:25.719692+00,2025-02-05 21:27:25.719692+00
514,automotive,2025-02-05 21:27:25.731065+00,2025-02-05 21:27:25.731065+00
515,data science,2025-02-05 21:27:52.180235+00,2025-02-05 21:27:52.180235+00
516,university,2025-02-05 21:27:52.187638+00,2025-02-05 21:27:52.187638+00
517,crossover,2025-02-05 22:44:46.12412+00,2025-02-05 22:44:46.12412+00
518,fear,2025-02-05 22:51:41.539828+00,2025-02-05 22:51:41.539828+00
519,milestone,2025-02-05 22:52:57.277633+00,2025-02-05 22:52:57.277633+00
520,winter sports,2025-02-05 23:55:04.495267+00,2025-02-05 23:55:04.495267+00
521,invention,2025-02-05 23:55:04.504333+00,2025-02-05 23:55:04.504333+00
522,mythical,2025-02-06 00:18:31.386133+00,2025-02-06 00:18:31.386133+00
523,victory,2025-02-06 00:53:03.041468+00,2025-02-06 00:53:03.041468+00
524,bathroom,2025-02-06 01:33:38.074303+00,2025-02-06 01:33:38.074303+00
525,home improvement,2025-02-06 01:42:05.990317+00,2025-02-06 01:42:05.990317+00
526,astronomy,2025-02-06 01:47:18.130388+00,2025-02-06 01:47:18.130388+00
527,teaching,2025-02-06 02:05:33.651057+00,2025-02-06 02:05:33.651057+00
528,vehicles,2025-02-06 07:26:43.093551+00,2025-02-06 07:26:43.093551+00
529,therapy,2025-02-06 14:45:37.008581+00,2025-02-06 14:45:37.008581+00
530,park,2025-02-06 15:07:21.410491+00,2025-02-06 15:07:21.410491+00
531,tour,2025-02-06 17:38:57.646668+00,2025-02-06 17:38:57.646668+00
532,factory,2025-02-06 17:38:57.662136+00,2025-02-06 17:38:57.662136+00
533,sexy,2025-02-06 17:49:05.710325+00,2025-02-06 17:49:05.710325+00
534,disability,2025-02-06 17:49:13.313585+00,2025-02-06 17:49:13.313585+00
535,unwanted advances,2025-02-06 17:49:48.330227+00,2025-02-06 17:49:48.330227+00
536,socializing,2025-02-06 17:50:06.205789+00,2025-02-06 17:50:06.205789+00
537,intimacy,2025-02-06 17:55:25.585472+00,2025-02-06 17:55:25.585472+00
538,persuasion,2025-02-06 18:52:08.745459+00,2025-02-06 18:52:08.745459+00
539,social interactions,2025-02-06 18:53:27.113459+00,2025-02-06 18:53:27.113459+00
540,verb_ending_in_ing,2025-02-06 19:14:43.621295+00,2025-02-06 19:14:43.621295+00
541,transformation,2025-02-06 19:29:20.978793+00,2025-02-06 19:29:20.978793+00
542,maintenance,2025-02-06 19:36:41.037203+00,2025-02-06 19:36:41.037203+00
543,fast food,2025-02-06 20:14:43.265933+00,2025-02-06 20:14:43.265933+00
544,ordering,2025-02-06 20:15:03.125353+00,2025-02-06 20:15:03.125353+00
545,fall,2025-02-06 20:45:11.626472+00,2025-02-06 20:45:11.626472+00
546,virtual worlds,2025-02-06 20:48:35.494639+00,2025-02-06 20:48:35.494639+00
547,advertising,2025-02-06 20:50:08.563735+00,2025-02-06 20:50:08.563735+00
548,awards,2025-02-06 20:50:08.592191+00,2025-02-06 20:50:08.592191+00
549,night out,2025-02-06 22:18:47.406049+00,2025-02-06 22:18:47.406049+00
550,warriors,2025-02-06 22:22:36.958934+00,2025-02-06 22:22:36.958934+00
551,world records,2025-02-06 23:43:33.41231+00,2025-02-06 23:43:33.41231+00
552,furniture,2025-02-06 23:56:37.428101+00,2025-02-06 23:56:37.428101+00
553,luxury,2025-02-06 23:56:42.768013+00,2025-02-06 23:56:42.768013+00
554,record-breaking,2025-02-07 00:13:00.02314+00,2025-02-07 00:13:00.02314+00
555,joy,2025-02-07 00:25:51.356762+00,2025-02-07 00:25:51.356762+00
556,money,2025-02-07 01:34:30.336247+00,2025-02-07 01:34:30.336247+00
557,debt,2025-02-07 01:34:30.346975+00,2025-02-07 01:34:30.346975+00
558,weddings,2025-02-07 03:26:00.129876+00,2025-02-07 03:26:00.129876+00
559,madlib,2025-02-07 06:29:46.154307+00,2025-02-07 06:29:46.154307+00
560,weekend,2025-02-07 13:05:37.025683+00,2025-02-07 13:05:37.025683+00
561,company,2025-02-07 13:30:32.218471+00,2025-02-07 13:30:32.218471+00
562,cars,2025-02-07 14:06:16.436026+00,2025-02-07 14:06:16.436026+00
563,cleaning,2025-02-07 15:15:33.882008+00,2025-02-07 15:15:33.882008+00
564,paranormal,2025-02-07 16:23:11.721801+00,2025-02-07 16:23:11.721801+00
565,anniversary,2025-02-07 17:51:17.256506+00,2025-02-07 17:51:17.256506+00
566,gross,2025-02-07 21:12:57.825021+00,2025-02-07 21:12:57.825021+00
567,mario,2025-02-07 21:27:03.692472+00,2025-02-07 21:27:03.692472+00
568,galaxy,2025-02-07 21:27:03.701008+00,2025-02-07 21:27:03.701008+00
569,princess,2025-02-07 21:27:03.709553+00,2025-02-07 21:27:03.709553+00
570,photography,2025-02-07 21:44:19.166974+00,2025-02-07 21:44:19.166974+00
571,complaint,2025-02-07 22:11:53.389312+00,2025-02-07 22:11:53.389312+00
572,chemistry,2025-02-07 22:28:06.398993+00,2025-02-07 22:28:06.398993+00
573,insult,2025-02-08 00:23:35.571436+00,2025-02-08 00:23:35.571436+00
574,training,2025-02-08 00:23:43.321268+00,2025-02-08 00:23:43.321268+00
575,skiing,2025-02-08 01:00:08.72103+00,2025-02-08 01:00:08.72103+00
576,medieval,2025-02-08 02:30:18.941269+00,2025-02-08 02:30:18.941269+00
577,sound,2025-02-08 02:53:43.959705+00,2025-02-08 02:53:43.959705+00
578,formal,2025-02-08 02:55:39.570448+00,2025-02-08 02:55:39.570448+00
579,haunted houses,2025-02-08 03:11:03.253387+00,2025-02-08 03:11:03.253387+00
580,biology,2025-02-08 03:32:50.918845+00,2025-02-08 03:32:50.918845+00
581,short,2025-02-08 03:48:52.958371+00,2025-02-08 03:48:52.958371+00
582,magical,2025-02-08 03:48:52.971526+00,2025-02-08 03:48:52.971526+00
583,chat,2025-02-08 10:20:27.175589+00,2025-02-08 10:20:27.175589+00
584,baking,2025-02-08 10:51:01.22824+00,2025-02-08 10:51:01.22824+00
585,christmas,2025-02-08 11:01:15.334538+00,2025-02-08 11:01:15.334538+00
586,mythical creatures,2025-02-08 14:48:11.810101+00,2025-02-08 14:48:11.810101+00
587,fundraiser,2025-02-08 16:51:10.66473+00,2025-02-08 16:51:10.66473+00
588,sneakers,2025-02-08 16:51:10.673924+00,2025-02-08 16:51:10.673924+00
589,icebreaker,2025-02-08 16:51:10.682473+00,2025-02-08 16:51:10.682473+00
590,recovery,2025-02-08 18:34:19.213316+00,2025-02-08 18:34:19.213316+00
591,unconventional,2025-02-08 19:13:26.644933+00,2025-02-08 19:13:26.644933+00
592,philosophy,2025-02-08 23:11:23.265556+00,2025-02-08 23:11:23.265556+00
593,personal beliefs,2025-02-08 23:11:23.275414+00,2025-02-08 23:11:23.275414+00
594,perceptions,2025-02-08 23:11:23.283108+00,2025-02-08 23:11:23.283108+00
595,compliments,2025-02-09 00:17:05.16682+00,2025-02-09 00:17:05.16682+00
596,office,2025-02-09 00:48:12.801115+00,2025-02-09 00:48:12.801115+00
597,racing,2025-02-09 03:13:21.104603+00,2025-02-09 03:13:21.104603+00
598,musical,2025-02-09 03:13:46.555264+00,2025-02-09 03:13:46.555264+00
599,theater,2025-02-09 03:13:46.565918+00,2025-02-09 03:13:46.565918+00
600,rant,2025-02-09 05:19:59.858439+00,2025-02-09 05:19:59.858439+00
601,renovation,2025-02-09 15:34:53.117075+00,2025-02-09 15:34:53.117075+00
602,children's stories,2025-02-09 16:47:41.62171+00,2025-02-09 16:47:41.62171+00
603,preparation,2025-02-09 17:15:28.903734+00,2025-02-09 17:15:28.903734+00
604,expressions,2025-02-09 19:30:20.454391+00,2025-02-09 19:30:20.454391+00
605,children's book,2025-02-09 19:35:00.398536+00,2025-02-09 19:35:00.398536+00
606,talent,2025-02-09 21:02:48.181316+00,2025-02-09 21:02:48.181316+00
607,performance,2025-02-09 21:02:48.194375+00,2025-02-09 21:02:48.194375+00
608,talent show,2025-02-09 21:02:51.288332+00,2025-02-09 21:02:51.288332+00
609,post-apocalyptic,2025-02-10 00:31:56.143792+00,2025-02-10 00:31:56.143792+00
610,hobbies,2025-02-10 01:25:36.365323+00,2025-02-10 01:25:36.365323+00
611,colorful,2025-02-10 01:58:12.510503+00,2025-02-10 01:58:12.510503+00
612,beverage,2025-02-10 02:29:40.924+00,2025-02-10 02:29:40.924+00
613,personal care,2025-02-10 03:10:02.184481+00,2025-02-10 03:10:02.184481+00
614,inspirational,2025-02-10 05:39:51.47292+00,2025-02-10 05:39:51.47292+00
615,crafts,2025-02-10 06:12:05.312995+00,2025-02-10 06:12:05.312995+00
616,game night,2025-02-10 11:26:34.837662+00,2025-02-10 11:26:34.837662+00
617,board games,2025-02-10 11:26:34.851516+00,2025-02-10 11:26:34.851516+00
618,article_of_clothing,2025-02-10 12:41:23.864761+00,2025-02-10 12:41:23.864761+00
619,piece_of_furniture,2025-02-10 12:41:23.891739+00,2025-02-10 12:41:23.891739+00
620,gender,2025-02-10 12:52:49.942087+00,2025-02-10 12:52:49.942087+00
621,equality,2025-02-10 12:52:49.952806+00,2025-02-10 12:52:49.952806+00
622,stereotypes,2025-02-10 12:52:49.961712+00,2025-02-10 12:52:49.961712+00
623,animatronics,2025-02-10 14:43:47.347943+00,2025-02-10 14:43:47.347943+00
624,film,2025-02-10 15:28:28.040462+00,2025-02-10 15:28:28.040462+00
625,food/drink,2025-02-10 15:29:39.243831+00,2025-02-10 15:29:39.243831+00
626,caution,2025-02-10 15:40:35.548836+00,2025-02-10 15:40:35.548836+00
627,cautionary tale,2025-02-10 15:40:39.658619+00,2025-02-10 15:40:39.658619+00
628,anthropology,2025-02-10 15:54:02.169835+00,2025-02-10 15:54:02.169835+00
629,teenager,2025-02-10 18:34:44.324967+00,2025-02-10 18:34:44.324967+00
630,diner,2025-02-10 18:44:13.243849+00,2025-02-10 18:44:13.243849+00
631,amusement,2025-02-10 19:05:18.140823+00,2025-02-10 19:05:18.140823+00
632,online,2025-02-10 20:05:03.498891+00,2025-02-10 20:05:03.498891+00
633,teamwork,2025-02-10 20:49:13.710583+00,2025-02-10 20:49:13.710583+00
634,playtime,2025-02-10 20:51:03.78529+00,2025-02-10 20:51:03.78529+00
635,numbers,2025-02-10 20:56:28.265335+00,2025-02-10 20:56:28.265335+00
636,letters,2025-02-10 21:00:31.309391+00,2025-02-10 21:00:31.309391+00
637,house,2025-02-10 21:02:24.483861+00,2025-02-10 21:02:24.483861+00
638,accident,2025-02-10 21:05:45.324042+00,2025-02-10 21:05:45.324042+00
639,temperature,2025-02-10 21:07:55.088004+00,2025-02-10 21:07:55.088004+00
640,teachers,2025-02-10 22:34:26.182606+00,2025-02-10 22:34:26.182606+00
641,spring,2025-02-10 23:17:55.094783+00,2025-02-10 23:17:55.094783+00
642,fate,2025-02-10 23:58:16.098776+00,2025-02-10 23:58:16.098776+00
643,unexpected,2025-02-10 23:58:16.125935+00,2025-02-10 23:58:16.125935+00
644,instructional,2025-02-11 00:19:10.747125+00,2025-02-11 00:19:10.747125+00
645,american history,2025-02-11 00:33:54.448321+00,2025-02-11 00:33:54.448321+00
646,luck,2025-02-11 02:23:38.426072+00,2025-02-11 02:23:38.426072+00
647,wealth,2025-02-11 04:09:57.5811+00,2025-02-11 04:09:57.5811+00
648,success,2025-02-11 04:10:31.283348+00,2025-02-11 04:10:31.283348+00
649,reflection,2025-02-11 06:55:39.492116+00,2025-02-11 06:55:39.492116+00
650,gifts,2025-02-11 13:53:49.167911+00,2025-02-11 13:53:49.167911+00
651,marketing,2025-02-11 14:56:51.768599+00,2025-02-11 14:56:51.768599+00
652,tv,2025-02-11 16:27:27.1507+00,2025-02-11 16:27:27.1507+00
653,person,2025-02-11 19:05:15.021478+00,2025-02-11 19:05:15.021478+00
654,romantic,2025-02-11 20:08:49.75849+00,2025-02-11 20:08:49.75849+00
655,pregnancy,2025-02-11 20:15:06.932323+00,2025-02-11 20:15:06.932323+00
656,super mario,2025-02-11 20:45:45.726663+00,2025-02-11 20:45:45.726663+00
657,elderly,2025-02-11 21:34:53.574825+00,2025-02-11 21:34:53.574825+00
658,nursing home,2025-02-11 21:34:53.588024+00,2025-02-11 21:34:53.588024+00
659,mad lib,2025-02-11 21:40:19.364748+00,2025-02-11 21:40:19.364748+00
660,vision,2025-02-11 21:40:19.380884+00,2025-02-11 21:40:19.380884+00
661,adverbs,2025-02-11 22:28:31.381211+00,2025-02-11 22:28:31.381211+00
662,adoption,2025-02-11 23:27:25.07213+00,2025-02-11 23:27:25.07213+00
663,snacks,2025-02-11 23:44:20.090663+00,2025-02-11 23:44:20.090663+00
664,traditions,2025-02-12 00:14:55.71587+00,2025-02-12 00:14:55.71587+00
665,competitive,2025-02-12 03:50:39.734024+00,2025-02-12 03:50:39.734024+00
666,sea,2025-02-12 05:29:05.858109+00,2025-02-12 05:29:05.858109+00
667,letter,2025-02-12 10:36:37.926354+00,2025-02-12 10:36:37.926354+00
668,dentist,2025-02-12 15:35:27.448641+00,2025-02-12 15:35:27.448641+00
669,baseball,2025-02-12 15:38:35.370968+00,2025-02-12 15:38:35.370968+00
670,fan,2025-02-12 15:38:35.383944+00,2025-02-12 15:38:35.383944+00
671,feedback,2025-02-12 18:03:03.351672+00,2025-02-12 18:03:03.351672+00
672,online shopping,2025-02-12 18:03:03.362198+00,2025-02-12 18:03:03.362198+00
673,date,2025-02-12 18:22:01.480882+00,2025-02-12 18:22:01.480882+00
674,dining,2025-02-12 18:36:05.504676+00,2025-02-12 18:36:05.504676+00
675,love story,2025-02-12 19:33:22.038629+00,2025-02-12 19:33:22.038629+00
676,erotica,2025-02-12 20:16:35.352822+00,2025-02-12 20:16:35.352822+00
677,school_subject,2025-02-12 20:23:06.976037+00,2025-02-12 20:23:06.976037+00
678,job_title,2025-02-12 20:23:06.989625+00,2025-02-12 20:23:06.989625+00
679,public places,2025-02-12 20:28:38.097666+00,2025-02-12 20:28:38.097666+00
680,athletes,2025-02-12 20:50:24.587049+00,2025-02-12 20:50:24.587049+00
681,dinosaurs,2025-02-12 20:50:30.493328+00,2025-02-12 20:50:30.493328+00
682,internet culture,2025-02-12 20:50:59.474667+00,2025-02-12 20:50:59.474667+00
683,discipline,2025-02-12 20:53:54.00759+00,2025-02-12 20:53:54.00759+00
684,ghost stories,2025-02-12 20:59:05.96178+00,2025-02-12 20:59:05.96178+00
685,trend,2025-02-12 21:00:28.04714+00,2025-02-12 21:00:28.04714+00
686,rules,2025-02-12 21:01:16.389446+00,2025-02-12 21:01:16.389446+00
687,students,2025-02-12 21:01:16.402253+00,2025-02-12 21:01:16.402253+00
688,appearance,2025-02-12 21:01:26.573136+00,2025-02-12 21:01:26.573136+00
689,style,2025-02-12 21:02:28.04575+00,2025-02-12 21:02:28.04575+00
690,famous people,2025-02-12 21:02:50.95271+00,2025-02-12 21:02:50.95271+00
691,hair,2025-02-12 21:02:53.237323+00,2025-02-12 21:02:53.237323+00
692,first day,2025-02-12 21:03:55.79189+00,2025-02-12 21:03:55.79189+00
693,fishing,2025-02-12 21:04:35.702973+00,2025-02-12 21:04:35.702973+00
694,parties,2025-02-12 21:29:55.731176+00,2025-02-12 21:29:55.731176+00
695,sustainable living,2025-02-13 04:40:11.311789+00,2025-02-13 04:40:11.311789+00
696,farming,2025-02-13 04:40:11.329572+00,2025-02-13 04:40:11.329572+00
697,future,2025-02-13 04:48:55.035733+00,2025-02-13 04:48:55.035733+00
698,body_part,2025-02-13 15:00:12.628507+00,2025-02-13 15:00:12.628507+00
699,barber,2025-02-13 15:06:12.332495+00,2025-02-13 15:06:12.332495+00
700,haircut,2025-02-13 15:06:12.365418+00,2025-02-13 15:06:12.365418+00
701,psychic,2025-02-13 15:06:44.784859+00,2025-02-13 15:06:44.784859+00
702,jungle,2025-02-13 15:07:01.564583+00,2025-02-13 15:07:01.564583+00
703,food & drink,2025-02-13 15:40:34.18627+00,2025-02-13 15:40:34.18627+00
704,alcohol,2025-02-13 16:09:49.99112+00,2025-02-13 16:09:49.99112+00
705,substance abuse,2025-02-13 17:08:20.592792+00,2025-02-13 17:08:20.592792+00
706,personal experiences,2025-02-13 17:08:20.611007+00,2025-02-13 17:08:20.611007+00
707,drugs,2025-02-13 17:10:44.80824+00,2025-02-13 17:10:44.80824+00
708,confrontation,2025-02-13 17:39:50.090386+00,2025-02-13 17:39:50.090386+00
709,aspirations,2025-02-13 18:32:54.332655+00,2025-02-13 18:32:54.332655+00
710,outdoor activity,2025-02-13 20:16:08.314376+00,2025-02-13 20:16:08.314376+00
711,discussion,2025-02-13 20:17:18.288928+00,2025-02-13 20:17:18.288928+00
712,plural noun,2025-02-13 20:25:24.25871+00,2025-02-13 20:25:24.25871+00
713,sweet,2025-02-13 21:15:40.663974+00,2025-02-13 21:15:40.663974+00
714,sadness,2025-02-13 21:27:36.792543+00,2025-02-13 21:27:36.792543+00
715,gift-giving,2025-02-13 21:40:07.415133+00,2025-02-13 21:40:07.415133+00
716,disasters,2025-02-13 21:46:02.645028+00,2025-02-13 21:46:02.645028+00
717,construction,2025-02-14 00:20:09.582171+00,2025-02-14 00:20:09.582171+00
718,law,2025-02-14 00:26:36.899773+00,2025-02-14 00:26:36.899773+00
719,punishment,2025-02-14 00:26:36.911742+00,2025-02-14 00:26:36.911742+00
720,hospice,2025-02-14 01:12:11.979002+00,2025-02-14 01:12:11.979002+00
721,humorous,2025-02-14 02:01:25.469678+00,2025-02-14 02:01:25.469678+00
722,harry potter,2025-02-14 02:58:46.73706+00,2025-02-14 02:58:46.73706+00
723,birth,2025-02-14 03:38:18.139638+00,2025-02-14 03:38:18.139638+00
724,hospital,2025-02-14 03:38:18.155701+00,2025-02-14 03:38:18.155701+00
725,celebrity encounter,2025-02-14 13:45:32.6763+00,2025-02-14 13:45:32.6763+00
726,summer vacation,2025-02-14 13:45:32.695887+00,2025-02-14 13:45:32.695887+00
727,star wars,2025-02-14 14:56:14.42954+00,2025-02-14 14:56:14.42954+00
728,kidnapping,2025-02-14 14:58:31.807538+00,2025-02-14 14:58:31.807538+00
729,family_relationship,2025-02-14 15:31:36.867252+00,2025-02-14 15:31:36.867252+00
730,morning,2025-02-14 16:25:03.286006+00,2025-02-14 16:25:03.286006+00
731,creepy,2025-02-14 16:30:24.95255+00,2025-02-14 16:30:24.95255+00
732,driving,2025-02-14 16:31:44.297069+00,2025-02-14 16:31:44.297069+00
733,after school,2025-02-14 16:34:20.216358+00,2025-02-14 16:34:20.216358+00
734,hangout,2025-02-14 16:34:20.234416+00,2025-02-14 16:34:20.234416+00
735,gift,2025-02-14 16:35:46.438819+00,2025-02-14 16:35:46.438819+00
736,employee,2025-02-14 16:37:29.192029+00,2025-02-14 16:37:29.192029+00
737,professional,2025-02-14 16:37:29.207861+00,2025-02-14 16:37:29.207861+00
738,generosity,2025-02-14 17:16:54.965705+00,2025-02-14 17:16:54.965705+00
739,rural,2025-02-14 18:29:16.209188+00,2025-02-14 18:29:16.209188+00
740,classic literature,2025-02-14 18:49:43.317626+00,2025-02-14 18:49:43.317626+00
741,vampires,2025-02-14 19:13:50.335984+00,2025-02-14 19:13:50.335984+00
742,department store,2025-02-14 19:15:00.015453+00,2025-02-14 19:15:00.015453+00
743,online interaction,2025-02-14 19:44:43.030967+00,2025-02-14 19:44:43.030967+00
744,search,2025-02-14 19:48:05.006651+00,2025-02-14 19:48:05.006651+00
745,k-pop,2025-02-14 23:40:31.634274+00,2025-02-14 23:40:31.634274+00
746,superpowers,2025-02-14 23:46:46.068188+00,2025-02-14 23:46:46.068188+00
747,day_of_week,2025-02-15 00:20:29.175237+00,2025-02-15 00:20:29.175237+00
748,school_supply,2025-02-15 00:20:29.197339+00,2025-02-15 00:20:29.197339+00
749,class_subject,2025-02-15 00:20:29.212963+00,2025-02-15 00:20:29.212963+00
750,adjective_animal,2025-02-15 00:20:29.229066+00,2025-02-15 00:20:29.229066+00
751,dilemma,2025-02-15 00:46:03.789205+00,2025-02-15 00:46:03.789205+00
752,financial,2025-02-15 00:54:01.306614+00,2025-02-15 00:54:01.306614+00
753,loss,2025-02-15 00:54:51.958886+00,2025-02-15 00:54:51.958886+00
754,dark,2025-02-15 01:53:40.541669+00,2025-02-15 01:53:40.541669+00
755,helping,2025-02-15 02:15:35.402099+00,2025-02-15 02:15:35.402099+00
756,men,2025-02-15 02:20:48.053227+00,2025-02-15 02:20:48.053227+00
757,babysitting,2025-02-15 02:26:12.943614+00,2025-02-15 02:26:12.943614+00
758,pronoun,2025-02-15 06:09:13.272954+00,2025-02-15 06:09:13.272954+00
759,concert,2025-02-15 13:57:25.282616+00,2025-02-15 13:57:25.282616+00
760,legendary,2025-02-15 15:43:32.597084+00,2025-02-15 15:43:32.597084+00
761,recommendations,2025-02-15 17:32:08.724772+00,2025-02-15 17:32:08.724772+00
762,elections,2025-02-15 18:24:23.349593+00,2025-02-15 18:24:23.349593+00
763,election,2025-02-15 18:24:28.299076+00,2025-02-15 18:24:28.299076+00
764,storybook,2025-02-15 18:52:06.487079+00,2025-02-15 18:52:06.487079+00
765,costume,2025-02-15 18:52:56.25355+00,2025-02-15 18:52:56.25355+00
766,valentine,2025-02-15 20:13:26.639311+00,2025-02-15 20:13:26.639311+00
767,bank,2025-02-15 21:33:44.342691+00,2025-02-15 21:33:44.342691+00
768,celestial,2025-02-15 21:35:43.257794+00,2025-02-15 21:35:43.257794+00
769,tourism,2025-02-15 21:41:27.940545+00,2025-02-15 21:41:27.940545+00
770,factories,2025-02-15 21:41:27.954415+00,2025-02-15 21:41:27.954415+00
771,italian,2025-02-15 21:48:41.33031+00,2025-02-15 21:48:41.33031+00
772,dislike,2025-02-16 00:21:11.006425+00,2025-02-16 00:21:11.006425+00
773,architecture,2025-02-16 00:27:25.616181+00,2025-02-16 00:27:25.616181+00
774,mythology,2025-02-16 00:41:05.540836+00,2025-02-16 00:41:05.540836+00
775,deception,2025-02-16 01:19:17.301108+00,2025-02-16 01:19:17.301108+00
776,personalities,2025-02-16 01:23:16.368839+00,2025-02-16 01:23:16.368839+00
777,networking,2025-02-16 19:32:13.207294+00,2025-02-16 19:32:13.207294+00
778,time-travel,2025-02-16 20:57:41.731915+00,2025-02-16 20:57:41.731915+00
779,classic hollywood,2025-02-16 23:36:20.720721+00,2025-02-16 23:36:20.720721+00
780,dining out,2025-02-17 04:30:01.645551+00,2025-02-17 04:30:01.645551+00
781,service,2025-02-17 08:21:44.464635+00,2025-02-17 08:21:44.464635+00
782,fruit,2025-02-17 09:24:04.904589+00,2025-02-17 09:24:04.904589+00
783,agriculture,2025-02-17 09:24:04.923244+00,2025-02-17 09:24:04.923244+00
784,social gathering,2025-02-17 13:20:14.552785+00,2025-02-17 13:20:14.552785+00
785,habits,2025-02-17 15:23:39.83009+00,2025-02-17 15:23:39.83009+00
786,philanthropy,2025-02-17 15:25:09.34401+00,2025-02-17 15:25:09.34401+00
787,remembrance,2025-02-17 15:27:53.893342+00,2025-02-17 15:27:53.893342+00
788,stress relief,2025-02-17 17:24:28.377786+00,2025-02-17 17:24:28.377786+00
789,madness,2025-02-17 17:25:46.872518+00,2025-02-17 17:25:46.872518+00
790,physical,2025-02-17 17:58:17.236739+00,2025-02-17 17:58:17.236739+00
791,retro,2025-02-17 19:27:50.660452+00,2025-02-17 19:27:50.660452+00
792,social skills,2025-02-17 20:31:59.750373+00,2025-02-17 20:31:59.750373+00
793,type_of_meal,2025-02-17 20:38:10.650179+00,2025-02-17 20:38:10.650179+00
794,genre_of_movie,2025-02-17 20:38:10.674564+00,2025-02-17 20:38:10.674564+00
795,type_of_snack,2025-02-17 20:38:10.686927+00,2025-02-17 20:38:10.686927+00
796,encouragement,2025-02-17 22:41:14.036613+00,2025-02-17 22:41:14.036613+00
797,support,2025-02-18 01:04:41.843735+00,2025-02-18 01:04:41.843735+00
798,living situation,2025-02-18 02:56:09.503635+00,2025-02-18 02:56:09.503635+00
799,wild,2025-02-18 09:24:43.912795+00,2025-02-18 09:24:43.912795+00
800,morbid,2025-02-18 15:05:52.914111+00,2025-02-18 15:05:52.914111+00
801,indoor activities,2025-02-18 17:41:02.889785+00,2025-02-18 17:41:02.889785+00
802,baby shower,2025-02-18 18:50:29.503064+00,2025-02-18 18:50:29.503064+00
803,food and drink,2025-02-18 19:43:20.97326+00,2025-02-18 19:43:20.97326+00
804,memes,2025-02-18 20:20:22.72116+00,2025-02-18 20:20:22.72116+00
805,software development,2025-02-18 21:27:14.460005+00,2025-02-18 21:27:14.460005+00
806,popstar,2025-02-18 21:40:09.801912+00,2025-02-18 21:40:09.801912+00
807,hope,2025-02-18 22:26:19.616766+00,2025-02-18 22:26:19.616766+00
808,adolescents,2025-02-18 22:50:36.821602+00,2025-02-18 22:50:36.821602+00
809,influencer,2025-02-18 23:21:12.372734+00,2025-02-18 23:21:12.372734+00
810,content creation,2025-02-18 23:28:59.440275+00,2025-02-18 23:28:59.440275+00
811,community service,2025-02-19 02:53:53.910465+00,2025-02-19 02:53:53.910465+00
812,preferences,2025-02-19 03:36:14.952473+00,2025-02-19 03:36:14.952473+00
813,crazy,2025-02-19 04:30:25.421642+00,2025-02-19 04:30:25.421642+00
814,academia,2025-02-19 07:43:28.567162+00,2025-02-19 07:43:28.567162+00
815,anger,2025-02-19 12:48:03.10896+00,2025-02-19 12:48:03.10896+00
816,carnival,2025-02-19 15:57:11.06374+00,2025-02-19 15:57:11.06374+00
817,clown,2025-02-19 15:57:11.0783+00,2025-02-19 15:57:11.0783+00
818,policy,2025-02-19 16:29:43.247638+00,2025-02-19 16:29:43.247638+00
819,social issues,2025-02-19 17:15:21.415949+00,2025-02-19 17:15:21.415949+00
820,reading,2025-02-19 18:37:15.627922+00,2025-02-19 18:37:15.627922+00
821,test,2025-02-19 18:37:15.647232+00,2025-02-19 18:37:15.647232+00
822,delivery,2025-02-19 19:19:44.139613+00,2025-02-19 19:19:44.139613+00
823,data,2025-02-19 19:59:50.771581+00,2025-02-19 19:59:50.771581+00
824,recipe,2025-02-19 20:24:19.549419+00,2025-02-19 20:24:19.549419+00
825,murder,2025-02-20 01:31:03.044404+00,2025-02-20 01:31:03.044404+00
826,goal setting,2025-02-20 03:55:27.90187+00,2025-02-20 03:55:27.90187+00
827,robotics,2025-02-20 04:27:48.642318+00,2025-02-20 04:27:48.642318+00
828,anatomy,2025-02-20 07:30:53.792498+00,2025-02-20 07:30:53.792498+00
829,water,2025-02-20 09:21:53.215093+00,2025-02-20 09:21:53.215093+00
830,water park,2025-02-20 13:04:08.692235+00,2025-02-20 13:04:08.692235+00
831,basketball,2025-02-20 14:02:47.445204+00,2025-02-20 14:02:47.445204+00
832,generations,2025-02-20 14:51:31.933437+00,2025-02-20 14:51:31.933437+00
833,barbershop,2025-02-20 15:29:39.629639+00,2025-02-20 15:29:39.629639+00
834,personal grooming,2025-02-20 15:29:39.64281+00,2025-02-20 15:29:39.64281+00
835,internet,2025-02-20 16:09:53.686554+00,2025-02-20 16:09:53.686554+00
836,scams,2025-02-20 16:09:53.708555+00,2025-02-20 16:09:53.708555+00
837,scam,2025-02-20 17:04:26.672166+00,2025-02-20 17:04:26.672166+00
838,phone call,2025-02-20 17:04:26.684654+00,2025-02-20 17:04:26.684654+00
839,fraud,2025-02-20 17:04:26.696717+00,2025-02-20 17:04:26.696717+00
840,pool,2025-02-20 17:20:34.399559+00,2025-02-20 17:20:34.399559+00
841,family member,2025-02-20 19:12:26.290166+00,2025-02-20 19:12:26.290166+00
842,finding,2025-02-20 19:20:20.628417+00,2025-02-20 19:20:20.628417+00
843,social movements,2025-02-20 19:42:49.400522+00,2025-02-20 19:42:49.400522+00
844,social justice,2025-02-20 20:06:34.291179+00,2025-02-20 20:06:34.291179+00
845,life events,2025-02-20 20:25:35.214422+00,2025-02-20 20:25:35.214422+00
846,employment,2025-02-20 21:39:55.34346+00,2025-02-20 21:39:55.34346+00
847,bird,2025-02-20 23:09:01.578475+00,2025-02-20 23:09:01.578475+00
848,engineering,2025-02-21 04:38:06.617157+00,2025-02-21 04:38:06.617157+00
849,industry,2025-02-21 04:38:06.635579+00,2025-02-21 04:38:06.635579+00
850,hero,2025-02-21 04:41:20.564336+00,2025-02-21 04:41:20.564336+00
851,lgbtq,2025-02-21 05:07:47.020799+00,2025-02-21 05:07:47.020799+00
852,visit,2025-02-21 10:08:44.191378+00,2025-02-21 10:08:44.191378+00
853,irish culture,2025-02-21 13:41:19.813582+00,2025-02-21 13:41:19.813582+00
854,social interaction,2025-02-21 14:12:46.469996+00,2025-02-21 14:12:46.469996+00
855,dedication,2025-02-21 14:24:40.63975+00,2025-02-21 14:24:40.63975+00
856,st. patrick's day,2025-02-21 17:18:16.289819+00,2025-02-21 17:18:16.289819+00
857,conference,2025-02-21 18:51:12.832458+00,2025-02-21 18:51:12.832458+00
858,real estate,2025-02-21 21:16:10.557196+00,2025-02-21 21:16:10.557196+00
859,memory,2025-02-21 21:17:55.921591+00,2025-02-21 21:17:55.921591+00
860,anxiety,2025-02-21 23:02:30.134517+00,2025-02-21 23:02:30.134517+00
861,request,2025-02-22 00:53:23.532943+00,2025-02-22 00:53:23.532943+00
862,disappointment,2025-02-22 01:00:56.374352+00,2025-02-22 01:00:56.374352+00
863,parenting,2025-02-22 01:59:39.381493+00,2025-02-22 01:59:39.381493+00
864,body positivity,2025-02-22 04:07:35.036994+00,2025-02-22 04:07:35.036994+00
865,self care,2025-02-22 05:27:55.899985+00,2025-02-22 05:27:55.899985+00
866,nautical,2025-02-22 05:50:59.85289+00,2025-02-22 05:50:59.85289+00
867,silliness,2025-02-22 13:44:14.156644+00,2025-02-22 13:44:14.156644+00
868,household chores,2025-02-22 15:14:18.196986+00,2025-02-22 15:14:18.196986+00
869,flowers,2025-02-23 00:09:50.578705+00,2025-02-23 00:09:50.578705+00
870,whodunit,2025-02-23 03:34:29.879234+00,2025-02-23 03:34:29.879234+00
871,resignation,2025-02-23 03:42:44.332933+00,2025-02-23 03:42:44.332933+00
872,angry,2025-02-23 03:42:44.343928+00,2025-02-23 03:42:44.343928+00
873,illness,2025-02-23 03:47:37.991596+00,2025-02-23 03:47:37.991596+00
874,fictional characters,2025-02-23 03:50:07.341202+00,2025-02-23 03:50:07.341202+00
875,fundraising,2025-02-23 17:05:23.93353+00,2025-02-23 17:05:23.93353+00
876,aliens,2025-02-23 18:05:24.431598+00,2025-02-23 18:05:24.431598+00
877,villains,2025-02-23 18:05:24.447272+00,2025-02-23 18:05:24.447272+00
878,doctor who,2025-02-23 18:24:23.857143+00,2025-02-23 18:24:23.857143+00
879,warmth,2025-02-23 20:40:19.4712+00,2025-02-23 20:40:19.4712+00
880,social events,2025-02-23 21:25:02.376302+00,2025-02-23 21:25:02.376302+00
881,flirting,2025-02-23 22:04:02.916248+00,2025-02-23 22:04:02.916248+00
882,sexuality,2025-02-23 22:11:52.597448+00,2025-02-23 22:11:52.597448+00
883,fragrance,2025-02-23 22:41:40.348292+00,2025-02-23 22:41:40.348292+00
884,commercials,2025-02-23 23:01:01.285859+00,2025-02-23 23:01:01.285859+00
885,perfume,2025-02-23 23:25:58.900762+00,2025-02-23 23:25:58.900762+00
886,gymnastics,2025-02-23 23:31:20.540522+00,2025-02-23 23:31:20.540522+00
887,personal development,2025-02-23 23:33:47.884171+00,2025-02-23 23:33:47.884171+00
888,fears,2025-02-24 00:15:52.049522+00,2025-02-24 00:15:52.049522+00
889,candy,2025-02-24 00:18:02.037151+00,2025-02-24 00:18:02.037151+00
890,home decor,2025-02-24 00:28:06.332053+00,2025-02-24 00:28:06.332053+00
891,gardening,2025-02-24 00:29:45.026818+00,2025-02-24 00:29:45.026818+00
892,advertisement,2025-02-24 00:35:07.681984+00,2025-02-24 00:35:07.681984+00
893,entrepreneurship,2025-02-24 01:06:05.37675+00,2025-02-24 01:06:05.37675+00
894,recommendation,2025-02-24 01:32:26.163816+00,2025-02-24 01:32:26.163816+00
895,selfie,2025-02-24 02:14:12.492502+00,2025-02-24 02:14:12.492502+00
896,collaboration,2025-02-24 02:35:18.137868+00,2025-02-24 02:35:18.137868+00
897,controversy,2025-02-24 02:48:41.726143+00,2025-02-24 02:48:41.726143+00
898,urban,2025-02-24 03:06:34.16234+00,2025-02-24 03:06:34.16234+00
899,rhyming,2025-02-24 03:09:21.018731+00,2025-02-24 03:09:21.018731+00
900,environmentalism,2025-02-24 03:11:38.332778+00,2025-02-24 03:11:38.332778+00
901,advocacy,2025-02-24 03:11:38.353078+00,2025-02-24 03:11:38.353078+00
902,heroism,2025-02-24 04:59:36.305492+00,2025-02-24 04:59:36.305492+00
903,introduction,2025-02-24 05:05:16.724842+00,2025-02-24 05:05:16.724842+00
904,motherhood,2025-02-24 06:36:45.044904+00,2025-02-24 06:36:45.044904+00
905,outrageous,2025-02-24 11:31:32.122588+00,2025-02-24 11:31:32.122588+00
906,team building,2025-02-24 14:55:42.068962+00,2025-02-24 14:55:42.068962+00
907,phone number,2025-02-24 15:24:11.800262+00,2025-02-24 15:24:11.800262+00
908,phone numbers,2025-02-24 15:24:17.362262+00,2025-02-24 15:24:17.362262+00
909,holidays,2025-02-24 15:33:43.885539+00,2025-02-24 15:33:43.885539+00
910,costumes,2025-02-24 15:33:43.905285+00,2025-02-24 15:33:43.905285+00
911,innovation,2025-02-24 15:37:02.618622+00,2025-02-24 15:37:02.618622+00
912,solving,2025-02-24 15:37:02.642918+00,2025-02-24 15:37:02.642918+00
913,mistakes,2025-02-24 15:44:21.793862+00,2025-02-24 15:44:21.793862+00
914,products,2025-02-24 15:58:08.506668+00,2025-02-24 15:58:08.506668+00
915,comparisons,2025-02-24 16:11:23.437081+00,2025-02-24 16:11:23.437081+00
916,celebrity gossip,2025-02-24 16:19:36.982674+00,2025-02-24 16:19:36.982674+00
917,athlete,2025-02-24 16:38:07.60532+00,2025-02-24 16:38:07.60532+00
918,prank,2025-02-24 16:45:40.196949+00,2025-02-24 16:45:40.196949+00
919,festival,2025-02-24 17:39:25.08926+00,2025-02-24 17:39:25.08926+00
920,true crime,2025-02-24 18:11:16.594146+00,2025-02-24 18:11:16.594146+00
921,serial killers,2025-02-24 18:11:16.614251+00,2025-02-24 18:11:16.614251+00
922,psychology,2025-02-24 18:13:40.496506+00,2025-02-24 18:13:40.496506+00
923,ohio,2025-02-24 18:59:26.933986+00,2025-02-24 18:59:26.933986+00
924,experiences,2025-02-24 20:50:27.729603+00,2025-02-24 20:50:27.729603+00
925,gathering,2025-02-25 00:32:27.895332+00,2025-02-25 00:32:27.895332+00
926,injuries,2025-02-25 00:51:03.569232+00,2025-02-25 00:51:03.569232+00
927,dinner,2025-02-25 01:29:56.264393+00,2025-02-25 01:29:56.264393+00
928,argument,2025-02-25 01:29:56.28253+00,2025-02-25 01:29:56.28253+00
929,virtual reality,2025-02-25 03:37:38.217499+00,2025-02-25 03:37:38.217499+00
930,vegetables,2025-02-25 10:28:09.62876+00,2025-02-25 10:28:09.62876+00
931,comic,2025-02-25 21:01:56.959242+00,2025-02-25 21:01:56.959242+00
932,warfare,2025-02-25 21:04:31.96186+00,2025-02-25 21:04:31.96186+00
933,sleep,2025-02-25 21:25:57.069512+00,2025-02-25 21:25:57.069512+00
934,swimming,2025-02-25 21:38:10.779195+00,2025-02-25 21:38:10.779195+00
935,motivational,2025-02-25 22:23:45.375928+00,2025-02-25 22:23:45.375928+00
936,parenthood,2025-02-25 22:37:01.070674+00,2025-02-25 22:37:01.070674+00
937,laughter,2025-02-25 22:41:49.759671+00,2025-02-25 22:41:49.759671+00
938,fan interaction,2025-02-26 00:05:27.168774+00,2025-02-26 00:05:27.168774+00
939,teacher,2025-02-26 01:49:36.182733+00,2025-02-26 01:49:36.182733+00
940,resolution,2025-02-26 02:01:14.397615+00,2025-02-26 02:01:14.397615+00
941,rejection,2025-02-26 02:26:21.89459+00,2025-02-26 02:26:21.89459+00
942,funeral,2025-02-26 05:58:13.598572+00,2025-02-26 05:58:13.598572+00
943,diy,2025-02-26 06:13:46.485214+00,2025-02-26 06:13:46.485214+00
944,weapons,2025-02-26 06:13:46.502381+00,2025-02-26 06:13:46.502381+00
945,dangerous,2025-02-26 06:16:39.199781+00,2025-02-26 06:16:39.199781+00
946,meetings,2025-02-26 15:37:30.519056+00,2025-02-26 15:37:30.519056+00
947,maze,2025-02-26 15:40:36.027624+00,2025-02-26 15:40:36.027624+00
948,festivities,2025-02-26 16:40:32.38203+00,2025-02-26 16:40:32.38203+00
949,wellness,2025-02-26 17:07:33.757167+00,2025-02-26 17:07:33.757167+00
950,body art,2025-02-26 20:30:29.425366+00,2025-02-26 20:30:29.425366+00
951,terrorism,2025-02-26 20:31:53.541707+00,2025-02-26 20:31:53.541707+00
952,law enforcement,2025-02-26 20:43:31.656819+00,2025-02-26 20:43:31.656819+00
953,organizations,2025-02-26 21:30:54.914779+00,2025-02-26 21:30:54.914779+00
954,arcade,2025-02-26 22:07:51.949982+00,2025-02-26 22:07:51.949982+00
955,bathroom humor,2025-02-26 22:14:12.296325+00,2025-02-26 22:14:12.296325+00
956,decision,2025-02-27 00:01:39.789667+00,2025-02-27 00:01:39.789667+00
957,museum,2025-02-27 00:15:37.582812+00,2025-02-27 00:15:37.582812+00
958,pokemon,2025-02-27 00:16:37.472429+00,2025-02-27 00:16:37.472429+00
959,sad,2025-02-27 01:03:18.063254+00,2025-02-27 01:03:18.063254+00
960,publishing,2025-02-27 05:15:38.636819+00,2025-02-27 05:15:38.636819+00
961,confusion,2025-02-27 13:03:51.293384+00,2025-02-27 13:03:51.293384+00
962,directions,2025-02-27 13:03:51.307383+00,2025-02-27 13:03:51.307383+00
963,career development,2025-02-27 14:33:02.704503+00,2025-02-27 14:33:02.704503+00
964,death,2025-02-27 17:53:22.233998+00,2025-02-27 17:53:22.233998+00
965,easter,2025-02-27 19:52:16.593799+00,2025-02-27 19:52:16.593799+00
966,description,2025-02-27 21:04:18.388136+00,2025-02-27 21:04:18.388136+00
967,robot,2025-02-27 21:19:59.794682+00,2025-02-27 21:19:59.794682+00
968,bingo,2025-02-27 23:39:58.059747+00,2025-02-27 23:39:58.059747+00
969,giving,2025-02-28 00:52:37.068842+00,2025-02-28 00:52:37.068842+00
970,dystopian,2025-02-28 01:54:54.610982+00,2025-02-28 01:54:54.610982+00
971,podcasts,2025-02-28 02:18:40.447359+00,2025-02-28 02:18:40.447359+00
972,parade,2025-02-28 02:25:30.761189+00,2025-02-28 02:25:30.761189+00
973,pride,2025-02-28 02:25:30.77024+00,2025-02-28 02:25:30.77024+00
974,workplace drama,2025-02-28 03:45:04.088776+00,2025-02-28 03:45:04.088776+00
975,descendants,2025-02-28 04:11:39.405526+00,2025-02-28 04:11:39.405526+00
976,girls,2025-02-28 04:11:55.208241+00,2025-02-28 04:11:55.208241+00
977,growth,2025-02-28 13:05:09.603558+00,2025-02-28 13:05:09.603558+00
978,student,2025-02-28 13:24:16.921337+00,2025-02-28 13:24:16.921337+00
979,vaping,2025-02-28 13:24:16.938849+00,2025-02-28 13:24:16.938849+00
980,apocalypse,2025-02-28 15:34:12.26939+00,2025-02-28 15:34:12.26939+00
981,jobs,2025-02-28 17:15:26.427288+00,2025-02-28 17:15:26.427288+00
982,moving,2025-02-28 17:31:54.443675+00,2025-02-28 17:31:54.443675+00
983,body image,2025-02-28 17:36:03.383487+00,2025-02-28 17:36:03.383487+00
984,self-help,2025-02-28 17:48:15.523563+00,2025-02-28 17:48:15.523563+00
985,positive affirmations,2025-02-28 17:48:15.538451+00,2025-02-28 17:48:15.538451+00
986,self-confidence,2025-02-28 19:04:50.905935+00,2025-02-28 19:04:50.905935+00
987,patriotism,2025-02-28 20:41:45.199106+00,2025-02-28 20:41:45.199106+00
988,reviews,2025-02-28 21:10:52.017647+00,2025-02-28 21:10:52.017647+00
989,digital,2025-02-28 21:14:35.365294+00,2025-02-28 21:14:35.365294+00
990,nutrition,2025-02-28 21:18:19.006645+00,2025-02-28 21:18:19.006645+00
991,cuisine,2025-03-01 05:24:55.459439+00,2025-03-01 05:24:55.459439+00
992,classroom,2025-03-01 06:16:37.918964+00,2025-03-01 06:16:37.918964+00
993,emotional,2025-03-01 07:58:04.263571+00,2025-03-01 07:58:04.263571+00
994,accomplishments,2025-03-01 08:58:39.65012+00,2025-03-01 08:58:39.65012+00
995,productivity,2025-03-01 18:01:06.396245+00,2025-03-01 18:01:06.396245+00
996,night,2025-03-01 20:51:56.250897+00,2025-03-01 20:51:56.250897+00
997,nfl,2025-03-01 21:11:57.313918+00,2025-03-01 21:11:57.313918+00
998,human interest,2025-03-01 21:15:01.237814+00,2025-03-01 21:15:01.237814+00
999,wild adventures,2025-03-01 21:55:47.443811+00,2025-03-01 21:55:47.443811+00
1000,musician,2025-03-01 21:56:11.016505+00,2025-03-01 21:56:11.016505+00
1001,role-playing,2025-03-02 04:11:47.15795+00,2025-03-02 04:11:47.15795+00
1002,curse,2025-03-02 05:32:32.208384+00,2025-03-02 05:32:32.208384+00
1003,grammar,2025-03-02 08:58:37.684785+00,2025-03-02 08:58:37.684785+00
1004,spirituality,2025-03-02 18:08:14.078894+00,2025-03-02 18:08:14.078894+00
1005,values,2025-03-02 18:08:14.096241+00,2025-03-02 18:08:14.096241+00
1006,athletics,2025-03-02 20:33:00.906215+00,2025-03-02 20:33:00.906215+00
1007,day off,2025-03-02 21:01:39.843604+00,2025-03-02 21:01:39.843604+00
1008,comics,2025-03-03 02:09:37.876253+00,2025-03-03 02:09:37.876253+00
1009,dental,2025-03-03 04:13:58.214447+00,2025-03-03 04:13:58.214447+00
1010,plot twist,2025-03-03 14:00:28.606097+00,2025-03-03 14:00:28.606097+00
1011,family outing,2025-03-03 15:31:10.995882+00,2025-03-03 15:31:10.995882+00
1012,presidents,2025-03-03 16:47:30.059613+00,2025-03-03 16:47:30.059613+00
1013,self-expression,2025-03-03 16:49:50.768337+00,2025-03-03 16:49:50.768337+00
1014,moral lesson,2025-03-03 18:38:31.77397+00,2025-03-03 18:38:31.77397+00
1015,hunting,2025-03-03 18:45:23.038935+00,2025-03-03 18:45:23.038935+00
1016,world domination,2025-03-03 18:58:46.422441+00,2025-03-03 18:58:46.422441+00
1017,veganism,2025-03-03 18:58:46.446243+00,2025-03-03 18:58:46.446243+00
1018,arts,2025-03-03 19:03:29.183822+00,2025-03-03 19:03:29.183822+00
1019,cultural,2025-03-03 22:00:49.969177+00,2025-03-03 22:00:49.969177+00
1020,invitation,2025-03-03 22:49:40.088276+00,2025-03-03 22:49:40.088276+00
1021,testimony,2025-03-04 03:02:48.900445+00,2025-03-04 03:02:48.900445+00
1022,belief,2025-03-04 03:02:48.9331+00,2025-03-04 03:02:48.9331+00
1023,hip hop,2025-03-04 06:30:57.434028+00,2025-03-04 06:30:57.434028+00
1024,rap,2025-03-04 12:01:59.881117+00,2025-03-04 12:01:59.881117+00
1025,spongebob,2025-03-04 13:15:42.24208+00,2025-03-04 13:15:42.24208+00
1026,immigration,2025-03-04 15:13:16.707274+00,2025-03-04 15:13:16.707274+00
1027,prehistory,2025-03-04 15:13:21.117435+00,2025-03-04 15:13:21.117435+00
1028,teenagers,2025-03-04 15:14:43.940241+00,2025-03-04 15:14:43.940241+00
1029,american culture,2025-03-04 15:47:58.641738+00,2025-03-04 15:47:58.641738+00
1030,coffee,2025-03-04 16:31:37.869985+00,2025-03-04 16:31:37.869985+00
1031,female detective,2025-03-04 18:31:04.099295+00,2025-03-04 18:31:04.099295+00
1032,strength,2025-03-04 18:31:42.107149+00,2025-03-04 18:31:42.107149+00
1033,debate,2025-03-04 18:32:04.608545+00,2025-03-04 18:32:04.608545+00
1034,food pantry,2025-03-04 18:54:51.59989+00,2025-03-04 18:54:51.59989+00
1035,humility,2025-03-04 18:54:51.609185+00,2025-03-04 18:54:51.609185+00
1036,physical activity,2025-03-04 19:15:01.668021+00,2025-03-04 19:15:01.668021+00
1037,planning,2025-03-04 20:33:58.353611+00,2025-03-04 20:33:58.353611+00
1038,event planning,2025-03-04 20:38:26.487855+00,2025-03-04 20:38:26.487855+00
1039,eco-friendly living,2025-03-05 00:22:08.262636+00,2025-03-05 00:22:08.262636+00
1040,urgent,2025-03-05 09:25:12.177424+00,2025-03-05 09:25:12.177424+00
1041,ranting,2025-03-05 09:25:42.844967+00,2025-03-05 09:25:42.844967+00
1042,teen drama,2025-03-05 11:03:52.58655+00,2025-03-05 11:03:52.58655+00
1043,self-discovery,2025-03-05 12:52:44.861247+00,2025-03-05 12:52:44.861247+00
1044,realization,2025-03-05 12:54:44.751163+00,2025-03-05 12:54:44.751163+00
1045,grocery,2025-03-05 15:35:32.417061+00,2025-03-05 15:35:32.417061+00
1046,airport,2025-03-05 15:37:44.263156+00,2025-03-05 15:37:44.263156+00
1047,sensory,2025-03-05 15:43:08.047751+00,2025-03-05 15:43:08.047751+00
1048,restaurants,2025-03-05 15:56:50.241633+00,2025-03-05 15:56:50.241633+00
1049,scary stories,2025-03-05 16:02:15.708829+00,2025-03-05 16:02:15.708829+00
1050,emojis,2025-03-05 16:17:12.196188+00,2025-03-05 16:17:12.196188+00
1051,mission,2025-03-05 16:31:45.321713+00,2025-03-05 16:31:45.321713+00
1052,appliances,2025-03-05 16:59:43.699075+00,2025-03-05 16:59:43.699075+00
1053,absurd,2025-03-05 19:49:47.58956+00,2025-03-05 19:49:47.58956+00
1054,circus,2025-03-05 22:11:14.713972+00,2025-03-05 22:11:14.713972+00
1055,journey,2025-03-05 23:50:51.208248+00,2025-03-05 23:50:51.208248+00
1056,international relations,2025-03-06 00:06:26.603279+00,2025-03-06 00:06:26.603279+00
1057,hobby,2025-03-06 00:39:51.364838+00,2025-03-06 00:39:51.364838+00
1058,new job,2025-03-06 05:48:07.315063+00,2025-03-06 05:48:07.315063+00
1059,dinosaur,2025-03-06 09:56:12.20551+00,2025-03-06 09:56:12.20551+00
1060,economy,2025-03-06 11:57:05.577258+00,2025-03-06 11:57:05.577258+00
1061,lost,2025-03-06 14:29:59.714234+00,2025-03-06 14:29:59.714234+00
1062,self-love,2025-03-06 15:13:04.992955+00,2025-03-06 15:13:04.992955+00
1063,farmers,2025-03-06 15:57:53.818324+00,2025-03-06 15:57:53.818324+00
1064,conferences,2025-03-06 15:57:53.832628+00,2025-03-06 15:57:53.832628+00
1065,tension,2025-03-06 19:40:02.445898+00,2025-03-06 19:40:02.445898+00
1066,sermon,2025-03-06 19:57:26.777718+00,2025-03-06 19:57:26.777718+00
1067,neighbor,2025-03-06 21:59:37.498882+00,2025-03-06 21:59:37.498882+00
1068,st patrick's day,2025-03-06 22:00:41.20033+00,2025-03-06 22:00:41.20033+00
1069,creature feature,2025-03-06 23:53:11.960596+00,2025-03-06 23:53:11.960596+00
1070,biographical,2025-03-07 00:01:03.142574+00,2025-03-07 00:01:03.142574+00
1071,crush,2025-03-07 00:50:21.051889+00,2025-03-07 00:50:21.051889+00
1072,truth or dare,2025-03-07 03:16:52.393143+00,2025-03-07 03:16:52.393143+00
1073,lesbian,2025-03-07 03:16:52.405918+00,2025-03-07 03:16:52.405918+00
1074,insects,2025-03-07 11:54:20.346837+00,2025-03-07 11:54:20.346837+00
1075,pet,2025-03-07 12:47:46.520834+00,2025-03-07 12:47:46.520834+00
1076,improvement,2025-03-07 15:58:53.170132+00,2025-03-07 15:58:53.170132+00
1077,program,2025-03-07 15:58:53.199439+00,2025-03-07 15:58:53.199439+00
1078,quiz,2025-03-07 17:08:27.859719+00,2025-03-07 17:08:27.859719+00
1079,yelp review,2025-03-07 17:11:43.03939+00,2025-03-07 17:11:43.03939+00
1080,presentation,2025-03-07 17:11:43.048707+00,2025-03-07 17:11:43.048707+00
1081,celebrity feuds,2025-03-07 18:41:39.273432+00,2025-03-07 18:41:39.273432+00
1082,spices,2025-03-07 18:43:36.770258+00,2025-03-07 18:43:36.770258+00
1083,commentary,2025-03-08 05:10:19.10975+00,2025-03-08 05:10:19.10975+00
1084,achievements,2025-03-08 05:31:51.450991+00,2025-03-08 05:31:51.450991+00
1085,tools,2025-03-08 15:03:17.294807+00,2025-03-08 15:03:17.294807+00
1086,industrial,2025-03-08 16:15:19.187545+00,2025-03-08 16:15:19.187545+00
1087,lunch,2025-03-08 17:45:53.608413+00,2025-03-08 17:45:53.608413+00
1088,mining,2025-03-08 22:54:26.10649+00,2025-03-08 22:54:26.10649+00
1089,personal hygiene,2025-03-09 00:28:08.017101+00,2025-03-09 00:28:08.017101+00
1090,proverbs,2025-03-09 00:49:42.81013+00,2025-03-09 00:49:42.81013+00
1091,chinese culture,2025-03-09 00:49:47.334473+00,2025-03-09 00:49:47.334473+00
1092,miscellaneous,2025-03-09 01:23:12.728601+00,2025-03-09 01:23:12.728601+00
1093,collecting,2025-03-09 01:31:03.712897+00,2025-03-09 01:31:03.712897+00
1094,dessert,2025-03-09 03:24:55.264368+00,2025-03-09 03:24:55.264368+00
1095,comparison,2025-03-09 04:29:34.692556+00,2025-03-09 04:29:34.692556+00
1096,workforce,2025-03-09 07:01:20.45227+00,2025-03-09 07:01:20.45227+00
1097,self-improvement,2025-03-09 16:30:45.143084+00,2025-03-09 16:30:45.143084+00
1098,computers,2025-03-09 17:22:52.572937+00,2025-03-09 17:22:52.572937+00
1099,evil,2025-03-09 19:31:43.039037+00,2025-03-09 19:31:43.039037+00
1100,critique,2025-03-09 21:54:57.362724+00,2025-03-09 21:54:57.362724+00
1101,positive psychology,2025-03-10 00:08:56.575227+00,2025-03-10 00:08:56.575227+00
1102,life coaching,2025-03-10 00:08:56.588743+00,2025-03-10 00:08:56.588743+00
1103,colonial times,2025-03-10 15:14:22.513027+00,2025-03-10 15:14:22.513027+00
1104,destruction,2025-03-10 15:52:02.495001+00,2025-03-10 15:52:02.495001+00
1105,siblings,2025-03-10 16:15:01.252826+00,2025-03-10 16:15:01.252826+00
1106,prison,2025-03-10 16:37:29.311887+00,2025-03-10 16:37:29.311887+00
1107,youth organization,2025-03-10 16:51:49.053117+00,2025-03-10 16:51:49.053117+00
1108,retreat,2025-03-10 16:51:49.063296+00,2025-03-10 16:51:49.063296+00
1109,advisors,2025-03-10 16:51:49.0742+00,2025-03-10 16:51:49.0742+00
1110,homeschooling,2025-03-10 18:31:40.258781+00,2025-03-10 18:31:40.258781+00
1111,geology,2025-03-10 18:50:58.47065+00,2025-03-10 18:50:58.47065+00
1112,natural disaster,2025-03-10 18:52:09.587778+00,2025-03-10 18:52:09.587778+00
1113,coping mechanisms,2025-03-10 19:05:02.138063+00,2025-03-10 19:05:02.138063+00
1114,rehab,2025-03-11 00:26:56.496421+00,2025-03-11 00:26:56.496421+00
1115,cities,2025-03-11 06:55:04.997235+00,2025-03-11 06:55:04.997235+00
1116,adult humor,2025-03-11 06:57:51.768263+00,2025-03-11 06:57:51.768263+00
1117,animal crossing,2025-03-11 14:02:02.523724+00,2025-03-11 14:02:02.523724+00
1118,famous works,2025-03-11 14:50:22.97536+00,2025-03-11 14:50:22.97536+00
1119,partnership,2025-03-11 17:21:06.622157+00,2025-03-11 17:21:06.622157+00
1120,leaders,2025-03-11 18:41:02.677955+00,2025-03-11 18:41:02.677955+00
1121,disgusting,2025-03-11 20:04:17.822045+00,2025-03-11 20:04:17.822045+00
1122,consumerism,2025-03-11 20:48:46.044251+00,2025-03-11 20:48:46.044251+00
1123,work life balance,2025-03-11 20:48:46.086603+00,2025-03-11 20:48:46.086603+00
1124,thank you letter,2025-03-12 00:57:16.072407+00,2025-03-12 00:57:16.072407+00
1125,politeness,2025-03-12 01:39:50.763707+00,2025-03-12 01:39:50.763707+00
1126,cyberpunk,2025-03-12 10:31:58.542458+00,2025-03-12 10:31:58.542458+00
1127,synonyms,2025-03-12 11:25:59.471543+00,2025-03-12 11:25:59.471543+00
1128,antonyms,2025-03-12 11:25:59.483928+00,2025-03-12 11:25:59.483928+00
1129,book,2025-03-12 11:52:56.10793+00,2025-03-12 11:52:56.10793+00
1130,trick-or-treating,2025-03-12 13:25:17.849121+00,2025-03-12 13:25:17.849121+00
1131,love triangle,2025-03-12 16:04:02.860774+00,2025-03-12 16:04:02.860774+00
1132,a person's name,2025-03-12 17:45:06.270949+00,2025-03-12 17:45:06.270949+00
1133,a male person's name,2025-03-12 17:45:06.281013+00,2025-03-12 17:45:06.281013+00
1134,fan fiction,2025-03-12 21:08:52.528853+00,2025-03-12 21:08:52.528853+00
1135,young adult,2025-03-12 22:31:27.679735+00,2025-03-12 22:31:27.679735+00
1136,body_of_water,2025-03-13 00:24:48.590453+00,2025-03-13 00:24:48.590453+00
1137,children's fairytale,2025-03-13 03:43:39.488394+00,2025-03-13 03:43:39.488394+00
1138,problems,2025-03-13 13:15:19.464954+00,2025-03-13 13:15:19.464954+00
1139,quality of care,2025-03-13 15:40:06.360917+00,2025-03-13 15:40:06.360917+00
1140,job,2025-03-13 18:07:03.323747+00,2025-03-13 18:07:03.323747+00
1141,outlaw,2025-03-13 18:16:14.804788+00,2025-03-13 18:16:14.804788+00
1142,sheriff,2025-03-13 18:16:14.818796+00,2025-03-13 18:16:14.818796+00
1143,protests,2025-03-13 18:48:20.22428+00,2025-03-13 18:48:20.22428+00
1144,rebellion,2025-03-13 19:07:24.143339+00,2025-03-13 19:07:24.143339+00
1145,mad libs,2025-03-13 19:20:57.467703+00,2025-03-13 19:20:57.467703+00
1146,arctic,2025-03-13 21:00:27.903354+00,2025-03-13 21:00:27.903354+00
1147,president,2025-03-13 21:16:10.46546+00,2025-03-13 21:16:10.46546+00
1148,decor,2025-03-14 00:42:23.200894+00,2025-03-14 00:42:23.200894+00
1149,regret,2025-03-14 02:11:20.01465+00,2025-03-14 02:11:20.01465+00
1150,nighttime,2025-03-14 03:07:17.561471+00,2025-03-14 03:07:17.561471+00
1151,pi day,2025-03-14 04:32:33.801972+00,2025-03-14 04:32:33.801972+00
1152,marriage,2025-03-14 06:07:29.992061+00,2025-03-14 06:07:29.992061+00
1153,witchcraft,2025-03-14 14:26:14.163169+00,2025-03-14 14:26:14.163169+00
1154,secret society,2025-03-14 16:10:38.140561+00,2025-03-14 16:10:38.140561+00
1155,mathematics,2025-03-14 16:13:56.663523+00,2025-03-14 16:13:56.663523+00
1156,urban development,2025-03-14 17:30:08.299935+00,2025-03-14 17:30:08.299935+00
1157,aspirational,2025-03-14 17:34:12.51709+00,2025-03-14 17:34:12.51709+00
1158,opposition,2025-03-14 17:39:56.88225+00,2025-03-14 17:39:56.88225+00
1159,convention,2025-03-14 17:50:48.791653+00,2025-03-14 17:50:48.791653+00
1160,cruise,2025-03-14 17:57:10.813219+00,2025-03-14 17:57:10.813219+00
1161,happiness,2025-03-14 18:10:49.499572+00,2025-03-14 18:10:49.499572+00
1162,optimism,2025-03-14 18:11:41.883692+00,2025-03-14 18:11:41.883692+00
1163,teens,2025-03-14 18:45:10.376384+00,2025-03-14 18:45:10.376384+00
1164,exaggeration,2025-03-15 15:00:35.54675+00,2025-03-15 15:00:35.54675+00
1165,hip-hop,2025-03-15 16:18:43.880369+00,2025-03-15 16:18:43.880369+00
1166,social services,2025-03-15 17:55:38.557328+00,2025-03-15 17:55:38.557328+00
1167,boarding school,2025-03-15 22:47:18.527746+00,2025-03-15 22:47:18.527746+00
1168,barber shop,2025-03-15 23:07:17.907721+00,2025-03-15 23:07:17.907721+00
1169,excuse,2025-03-16 02:11:08.410666+00,2025-03-16 02:11:08.410666+00
1170,clowns,2025-03-16 08:27:49.014312+00,2025-03-16 08:27:49.014312+00
1171,wizards,2025-03-16 20:01:08.945168+00,2025-03-16 20:01:08.945168+00
1172,divination,2025-03-16 20:01:08.956798+00,2025-03-16 20:01:08.956798+00
1173,problem,2025-03-16 23:23:57.510233+00,2025-03-16 23:23:57.510233+00
1174,sounds,2025-03-17 00:54:45.285465+00,2025-03-17 00:54:45.285465+00
1175,conflict resolution,2025-03-17 01:21:55.972446+00,2025-03-17 01:21:55.972446+00
1176,streaming,2025-03-17 01:29:40.356647+00,2025-03-17 01:29:40.356647+00
1177,demanding,2025-03-17 02:26:13.36727+00,2025-03-17 02:26:13.36727+00
1178,chemicals,2025-03-17 03:34:02.617445+00,2025-03-17 03:34:02.617445+00
1179,red carpet,2025-03-17 03:52:28.109646+00,2025-03-17 03:52:28.109646+00
1180,unexpected meeting,2025-03-17 10:56:08.508888+00,2025-03-17 10:56:08.508888+00
1181,partnerships,2025-03-17 13:44:26.626994+00,2025-03-17 13:44:26.626994+00
1182,irish,2025-03-17 15:10:07.373667+00,2025-03-17 15:10:07.373667+00
1183,project management,2025-03-17 17:02:13.96896+00,2025-03-17 17:02:13.96896+00
1184,transition,2025-03-17 17:48:22.944823+00,2025-03-17 17:48:22.944823+00
1185,media,2025-03-17 18:46:01.730741+00,2025-03-17 18:46:01.730741+00
1186,spicy,2025-03-17 18:57:30.949893+00,2025-03-17 18:57:30.949893+00
1187,social studies,2025-03-17 19:57:21.925084+00,2025-03-17 19:57:21.925084+00
1188,exercise,2025-03-17 20:13:24.824562+00,2025-03-17 20:13:24.824562+00
1189,workout,2025-03-17 20:13:24.837329+00,2025-03-17 20:13:24.837329+00
1190,pg,2025-03-17 22:07:55.401749+00,2025-03-17 22:07:55.401749+00
1191,tongue twister,2025-03-17 22:09:37.070064+00,2025-03-17 22:09:37.070064+00
1192,assassination,2025-03-18 02:09:00.470844+00,2025-03-18 02:09:00.470844+00
1193,ninja,2025-03-18 02:09:00.484431+00,2025-03-18 02:09:00.484431+00
1194,spa,2025-03-18 02:38:56.941044+00,2025-03-18 02:38:56.941044+00
1195,frozen,2025-03-18 12:45:36.873463+00,2025-03-18 12:45:36.873463+00
1196,programming,2025-03-18 14:52:40.510256+00,2025-03-18 14:52:40.510256+00
1197,experiments,2025-03-18 14:53:08.771365+00,2025-03-18 14:53:08.771365+00
1198,the lion king,2025-03-18 15:00:54.367564+00,2025-03-18 15:00:54.367564+00
1199,explosives,2025-03-18 15:09:18.263131+00,2025-03-18 15:09:18.263131+00
1200,experiment,2025-03-18 15:45:19.934789+00,2025-03-18 15:45:19.934789+00
1201,print,2025-03-18 15:53:36.169741+00,2025-03-18 15:53:36.169741+00
1202,greek mythology,2025-03-18 16:29:58.500917+00,2025-03-18 16:29:58.500917+00
1203,bullying prevention,2025-03-18 18:35:18.402235+00,2025-03-18 18:35:18.402235+00
1204,awareness,2025-03-18 18:35:18.415915+00,2025-03-18 18:35:18.415915+00
1205,protest,2025-03-18 19:01:50.07152+00,2025-03-18 19:01:50.07152+00
1206,intrigue,2025-03-18 20:25:35.276745+00,2025-03-18 20:25:35.276745+00
1207,historical fiction,2025-03-18 23:43:30.051823+00,2025-03-18 23:43:30.051823+00
1208,responsibility,2025-03-19 01:33:17.487673+00,2025-03-19 01:33:17.487673+00
1209,poem,2025-03-19 06:25:35.625064+00,2025-03-19 06:25:35.625064+00
1210,fruits,2025-03-19 06:25:35.644317+00,2025-03-19 06:25:35.644317+00
1211,sales,2025-03-19 11:41:55.537263+00,2025-03-19 11:41:55.537263+00
1212,neighbors,2025-03-19 12:01:29.534312+00,2025-03-19 12:01:29.534312+00
1213,positivity,2025-03-19 12:54:57.07968+00,2025-03-19 12:54:57.07968+00
1214,body part,2025-03-19 13:53:44.361727+00,2025-03-19 13:53:44.361727+00
1215,radio,2025-03-19 15:55:08.315024+00,2025-03-19 15:55:08.315024+00
1216,social deduction,2025-03-19 16:30:36.369266+00,2025-03-19 16:30:36.369266+00
1217,multiplayer,2025-03-19 16:30:36.379087+00,2025-03-19 16:30:36.379087+00
1218,nonsense,2025-03-19 17:16:16.151123+00,2025-03-19 17:16:16.151123+00
1219,detective story,2025-03-19 17:54:34.954562+00,2025-03-19 17:54:34.954562+00
1220,theatre,2025-03-19 23:14:54.201451+00,2025-03-19 23:14:54.201451+00
1221,mascot,2025-03-19 23:48:37.071551+00,2025-03-19 23:48:37.071551+00
1222,cheerleading,2025-03-19 23:48:37.083062+00,2025-03-19 23:48:37.083062+00
1223,recruitment,2025-03-20 00:45:55.863862+00,2025-03-20 00:45:55.863862+00
1224,organization,2025-03-20 00:45:55.877687+00,2025-03-20 00:45:55.877687+00
1225,performing arts,2025-03-20 00:47:24.633599+00,2025-03-20 00:47:24.633599+00
1226,proposal,2025-03-20 02:07:42.374536+00,2025-03-20 02:07:42.374536+00
1227,sacrament,2025-03-20 02:37:54.720716+00,2025-03-20 02:37:54.720716+00
1228,persuasive,2025-03-20 11:51:45.018716+00,2025-03-20 11:51:45.018716+00
1229,work-life balance,2025-03-20 11:51:54.583657+00,2025-03-20 11:51:54.583657+00
1230,movement,2025-03-20 13:17:22.337557+00,2025-03-20 13:17:22.337557+00
1231,skills,2025-03-20 15:33:34.191091+00,2025-03-20 15:33:34.191091+00
1232,urban myth,2025-03-20 17:16:30.871939+00,2025-03-20 17:16:30.871939+00
1233,simulation,2025-03-20 17:16:30.880459+00,2025-03-20 17:16:30.880459+00
1234,hospitality,2025-03-20 18:09:14.007873+00,2025-03-20 18:09:14.007873+00
1235,security,2025-03-20 18:43:59.149878+00,2025-03-20 18:43:59.149878+00
1236,slam poetry,2025-03-20 19:07:26.297427+00,2025-03-20 19:07:26.297427+00
1237,living abroad,2025-03-20 19:07:26.310875+00,2025-03-20 19:07:26.310875+00
1238,birthdays,2025-03-20 19:59:30.486518+00,2025-03-20 19:59:30.486518+00
1239,slam poem,2025-03-20 20:00:06.041054+00,2025-03-20 20:00:06.041054+00
1240,penguin,2025-03-20 20:00:06.05301+00,2025-03-20 20:00:06.05301+00
1241,ai,2025-03-20 20:03:16.848695+00,2025-03-20 20:03:16.848695+00
1242,ancient history,2025-03-20 20:06:44.719913+00,2025-03-20 20:06:44.719913+00
1243,journal,2025-03-20 20:20:29.434334+00,2025-03-20 20:20:29.434334+00
1244,energy,2025-03-21 05:56:50.546596+00,2025-03-21 05:56:50.546596+00
1245,world,2025-03-21 12:05:05.829714+00,2025-03-21 12:05:05.829714+00
1246,instruction,2025-03-21 12:25:59.228413+00,2025-03-21 12:25:59.228413+00
1247,campus life,2025-03-21 15:13:09.570339+00,2025-03-21 15:13:09.570339+00
1248,quarantine,2025-03-21 15:48:43.407521+00,2025-03-21 15:48:43.407521+00
1249,reassurance,2025-03-21 15:56:14.579031+00,2025-03-21 15:56:14.579031+00
1250,learning,2025-03-21 18:11:55.766675+00,2025-03-21 18:11:55.766675+00
1251,9/11,2025-03-21 18:36:07.336878+00,2025-03-21 18:36:07.336878+00
1252,teasing,2025-03-22 02:10:06.746923+00,2025-03-22 02:10:06.746923+00
1253,pain,2025-03-22 02:30:47.228304+00,2025-03-22 02:30:47.228304+00
1254,nintendo,2025-03-22 11:09:13.966462+00,2025-03-22 11:09:13.966462+00
1255,operating systems,2025-03-22 11:12:48.053147+00,2025-03-22 11:12:48.053147+00
1256,symptoms,2025-03-22 19:05:57.616707+00,2025-03-22 19:05:57.616707+00
1257,sickness,2025-03-22 19:06:43.35193+00,2025-03-22 19:06:43.35193+00
1258,hospitals,2025-03-22 20:58:30.092249+00,2025-03-22 20:58:30.092249+00
1259,eating,2025-03-22 23:33:40.108595+00,2025-03-22 23:33:40.108595+00
1260,children's entertainment,2025-03-23 06:32:14.420155+00,2025-03-23 06:32:14.420155+00
1261,treasure hunting,2025-03-23 23:39:04.73851+00,2025-03-23 23:39:04.73851+00
1262,how-to,2025-03-24 00:08:03.564986+00,2025-03-24 00:08:03.564986+00
1263,inequality,2025-03-24 00:53:39.020582+00,2025-03-24 00:53:39.020582+00
1264,embarrassing situations,2025-03-24 01:08:26.225964+00,2025-03-24 01:08:26.225964+00
1265,kink,2025-03-24 01:30:06.826738+00,2025-03-24 01:30:06.826738+00
1266,play,2025-03-24 01:30:06.836985+00,2025-03-24 01:30:06.836985+00
1267,fire demo,2025-03-24 01:30:06.845995+00,2025-03-24 01:30:06.845995+00
1268,folklore,2025-03-24 07:58:16.213631+00,2025-03-24 07:58:16.213631+00
1269,martial arts,2025-03-24 08:09:00.545477+00,2025-03-24 08:09:00.545477+00
1270,crime-solving,2025-03-24 16:36:29.010486+00,2025-03-24 16:36:29.010486+00
1271,ban,2025-03-24 17:09:33.1507+00,2025-03-24 17:09:33.1507+00
1272,ghost,2025-03-24 17:22:29.659045+00,2025-03-24 17:22:29.659045+00
1273,breakfast,2025-03-24 17:25:28.361934+00,2025-03-24 17:25:28.361934+00
1274,dreamy,2025-03-24 21:12:34.7977+00,2025-03-24 21:12:34.7977+00
1275,playgrounds,2025-03-25 02:55:23.592112+00,2025-03-25 02:55:23.592112+00
1276,avarice,2025-03-25 03:34:03.813528+00,2025-03-25 03:34:03.813528+00
1277,bachelorette party,2025-03-25 06:10:33.722517+00,2025-03-25 06:10:33.722517+00
1278,one night stand,2025-03-25 08:20:54.035348+00,2025-03-25 08:20:54.035348+00
1279,accusation,2025-03-25 09:51:52.483333+00,2025-03-25 09:51:52.483333+00
1280,pharmaceuticals,2025-03-25 13:49:32.707303+00,2025-03-25 13:49:32.707303+00
1281,public speaking,2025-03-25 18:01:23.128382+00,2025-03-25 18:01:23.128382+00
1282,design,2025-03-25 20:09:03.58892+00,2025-03-25 20:09:03.58892+00
1283,disneyland,2025-03-26 03:21:24.006389+00,2025-03-26 03:21:24.006389+00
1284,theme park,2025-03-26 03:23:02.949761+00,2025-03-26 03:23:02.949761+00
1285,recording,2025-03-26 05:54:45.742838+00,2025-03-26 05:54:45.742838+00
1286,police,2025-03-26 12:55:31.108878+00,2025-03-26 12:55:31.108878+00
1287,alien,2025-03-26 14:05:18.999261+00,2025-03-26 14:05:18.999261+00
1288,mission statement,2025-03-26 15:29:12.709254+00,2025-03-26 15:29:12.709254+00
1289,intelligence,2025-03-26 17:08:54.606855+00,2025-03-26 17:08:54.606855+00
1290,graduation,2025-03-26 17:43:59.047991+00,2025-03-26 17:43:59.047991+00
1291,currency exchange,2025-03-26 18:32:37.448809+00,2025-03-26 18:32:37.448809+00
1292,currency,2025-03-26 18:37:34.433062+00,2025-03-26 18:37:34.433062+00
1293,water sports,2025-03-26 18:48:39.244423+00,2025-03-26 18:48:39.244423+00
1294,emo,2025-03-26 18:54:35.565591+00,2025-03-26 18:54:35.565591+00
1295,planets,2025-03-26 18:54:35.579656+00,2025-03-26 18:54:35.579656+00
1296,cute,2025-03-26 20:28:25.012331+00,2025-03-26 20:28:25.012331+00
1297,biblical,2025-03-26 21:16:17.780587+00,2025-03-26 21:16:17.780587+00
1298,mythological,2025-03-26 21:16:17.789871+00,2025-03-26 21:16:17.789871+00
1299,goals,2025-03-26 22:57:14.30442+00,2025-03-26 22:57:14.30442+00
1300,antarctica,2025-03-27 02:10:09.118223+00,2025-03-27 02:10:09.118223+00
1301,resource management,2025-03-27 12:55:22.526305+00,2025-03-27 12:55:22.526305+00
1302,nostalgic,2025-03-27 12:59:04.739732+00,2025-03-27 12:59:04.739732+00
1303,plural nouns,2025-03-27 16:21:04.198233+00,2025-03-27 16:21:04.198233+00
1304,legends,2025-03-27 20:04:32.191144+00,2025-03-27 20:04:32.191144+00
1305,correspondence,2025-03-27 22:37:10.516764+00,2025-03-27 22:37:10.516764+00
1306,sisterhood,2025-03-28 05:14:04.559889+00,2025-03-28 05:14:04.559889+00
1307,bonding,2025-03-28 05:20:17.042951+00,2025-03-28 05:20:17.042951+00
1308,management,2025-03-28 15:35:49.991735+00,2025-03-28 15:35:49.991735+00
1309,human resources,2025-03-28 15:35:50.009314+00,2025-03-28 15:35:50.009314+00
1310,public transportation,2025-03-28 17:19:38.304798+00,2025-03-28 17:19:38.304798+00
1311,commute,2025-03-28 17:19:38.319179+00,2025-03-28 17:19:38.319179+00
1312,nightmares,2025-03-28 20:04:43.226387+00,2025-03-28 20:04:43.226387+00
1313,california,2025-03-28 20:20:02.065002+00,2025-03-28 20:20:02.065002+00
1314,empathy,2025-03-29 00:42:37.721742+00,2025-03-29 00:42:37.721742+00
1315,casual,2025-03-29 01:46:54.175576+00,2025-03-29 01:46:54.175576+00
1316,sustainability,2025-03-29 17:48:38.719882+00,2025-03-29 17:48:38.719882+00
1317,collectibles,2025-03-29 20:03:21.138644+00,2025-03-29 20:03:21.138644+00
1318,field trip,2025-03-29 23:11:25.840929+00,2025-03-29 23:11:25.840929+00
1319,surprising,2025-03-30 03:00:16.601937+00,2025-03-30 03:00:16.601937+00
1320,courses,2025-03-30 04:49:48.709747+00,2025-03-30 04:49:48.709747+00
1321,heroic acts,2025-03-30 04:58:35.828065+00,2025-03-30 04:58:35.828065+00
1322,world events,2025-03-30 06:02:00.659249+00,2025-03-30 06:02:00.659249+00
1323,inventions,2025-03-30 06:02:00.669619+00,2025-03-30 06:02:00.669619+00
1324,parting,2025-03-30 07:24:45.784403+00,2025-03-30 07:24:45.784403+00
1325,april fool's day,2025-03-30 17:21:50.381144+00,2025-03-30 17:21:50.381144+00
1326,maternity leave,2025-03-30 20:03:39.539015+00,2025-03-30 20:03:39.539015+00
1327,job interview,2025-03-30 21:50:44.159517+00,2025-03-30 21:50:44.159517+00
1328,unlucky,2025-03-30 22:31:58.159639+00,2025-03-30 22:31:58.159639+00
1329,happy,2025-03-30 22:32:45.16468+00,2025-03-30 22:32:45.16468+00
1330,automobiles,2025-03-31 00:07:11.495441+00,2025-03-31 00:07:11.495441+00
1331,fight,2025-03-31 00:30:37.427757+00,2025-03-31 00:30:37.427757+00
1332,jewelry,2025-03-31 00:55:38.628386+00,2025-03-31 00:55:38.628386+00
1333,seo,2025-03-31 01:02:56.018585+00,2025-03-31 01:02:56.018585+00
1334,accessories,2025-03-31 01:24:30.225593+00,2025-03-31 01:24:30.225593+00
1335,formal event,2025-03-31 01:33:23.690636+00,2025-03-31 01:33:23.690636+00
1336,fire,2025-03-31 01:46:03.476041+00,2025-03-31 01:46:03.476041+00
1337,patriotic,2025-03-31 03:24:03.961814+00,2025-03-31 03:24:03.961814+00
1338,car,2025-03-31 16:44:45.522378+00,2025-03-31 16:44:45.522378+00
1339,patients,2025-03-31 17:10:00.349649+00,2025-03-31 17:10:00.349649+00
1340,village,2025-03-31 20:04:58.017788+00,2025-03-31 20:04:58.017788+00
1341,proper noun,2025-04-01 01:38:32.170403+00,2025-04-01 01:38:32.170403+00
1342,exclamation,2025-04-01 01:38:32.18268+00,2025-04-01 01:38:32.18268+00
1343,groceries,2025-04-01 11:19:41.554884+00,2025-04-01 11:19:41.554884+00
1344,creature,2025-04-01 13:30:01.669748+00,2025-04-01 13:30:01.669748+00
1345,student life,2025-04-01 17:23:54.780097+00,2025-04-01 17:23:54.780097+00
1346,nightmare,2025-04-01 18:28:30.790734+00,2025-04-01 18:28:30.790734+00
1347,rock,2025-04-01 21:05:20.472813+00,2025-04-01 21:05:20.472813+00
1348,easy,2025-04-01 21:09:17.586602+00,2025-04-01 21:09:17.586602+00
1349,sensual,2025-04-02 01:27:56.262735+00,2025-04-02 01:27:56.262735+00
1350,professionals,2025-04-02 20:17:02.21429+00,2025-04-02 20:17:02.21429+00
1351,twist ending,2025-04-02 21:55:41.871077+00,2025-04-02 21:55:41.871077+00
1352,baby care,2025-04-02 22:01:25.97691+00,2025-04-02 22:01:25.97691+00
1353,infant care,2025-04-02 22:01:29.131899+00,2025-04-02 22:01:29.131899+00
1354,prom,2025-04-02 22:31:58.153233+00,2025-04-02 22:31:58.153233+00
1355,outlaws,2025-04-03 09:38:16.57633+00,2025-04-03 09:38:16.57633+00
1356,fairy tales,2025-04-03 11:52:30.488642+00,2025-04-03 11:52:30.488642+00
1357,naughty,2025-04-03 18:38:05.020335+00,2025-04-03 18:38:05.020335+00
1358,novel,2025-04-03 19:08:19.370345+00,2025-04-03 19:08:19.370345+00
1359,spelling,2025-04-07 03:41:48.84939+00,2025-04-07 03:41:48.84939+00
1360,statistics,2025-04-07 14:27:54.074334+00,2025-04-07 14:27:54.074334+00
1361,graduates,2025-04-07 14:27:54.085701+00,2025-04-07 14:27:54.085701+00
1362,georgian language,2025-04-07 15:19:36.250165+00,2025-04-07 15:19:36.250165+00
1363,meeting someone new,2025-04-07 18:40:28.583909+00,2025-04-07 18:40:28.583909+00
1364,boating,2025-04-07 20:32:07.527579+00,2025-04-07 20:32:07.527579+00
1365,paradox,2025-04-07 20:40:29.727257+00,2025-04-07 20:40:29.727257+00
1366,corporate,2025-04-07 20:53:53.928402+00,2025-04-07 20:53:53.928402+00
1367,dr. suess,2025-04-07 22:19:00.431212+00,2025-04-07 22:19:00.431212+00
1368,ritual,2025-04-08 02:11:21.341424+00,2025-04-08 02:11:21.341424+00
1369,sacrifice,2025-04-08 02:11:21.35304+00,2025-04-08 02:11:21.35304+00
1370,bicycles,2025-04-08 02:50:58.330648+00,2025-04-08 02:50:58.330648+00
1371,volunteers,2025-04-08 14:19:15.483951+00,2025-04-08 14:19:15.483951+00
1372,life skills,2025-04-08 15:55:42.65007+00,2025-04-08 15:55:42.65007+00
1373,language learning,2025-04-08 15:56:19.846563+00,2025-04-08 15:56:19.846563+00
1374,machinery,2025-04-08 16:10:20.096641+00,2025-04-08 16:10:20.096641+00
1375,otome game,2025-04-08 20:03:29.507787+00,2025-04-08 20:03:29.507787+00
1376,reward,2025-04-08 23:13:15.865009+00,2025-04-08 23:13:15.865009+00
1377,existentialism,2025-04-09 00:29:18.764013+00,2025-04-09 00:29:18.764013+00
1378,wordplay,2025-04-09 08:49:22.01539+00,2025-04-09 08:49:22.01539+00
1379,foreign,2025-04-09 12:17:55.953356+00,2025-04-09 12:17:55.953356+00
1380,senior living,2025-04-09 14:50:30.357036+00,2025-04-09 14:50:30.357036+00
1381,trouble,2025-04-09 19:18:54.592162+00,2025-04-09 19:18:54.592162+00
1382,meeting people,2025-04-09 21:28:56.949543+00,2025-04-09 21:28:56.949543+00
1383,monster,2025-04-09 22:00:25.025215+00,2025-04-09 22:00:25.025215+00
1384,speedrunning,2025-04-10 00:07:17.585034+00,2025-04-10 00:07:17.585034+00
1385,disgusting situations,2025-04-10 14:14:54.809125+00,2025-04-10 14:14:54.809125+00
1386,lesson,2025-04-10 16:43:30.644334+00,2025-04-10 16:43:30.644334+00
1387,fart,2025-04-11 01:07:30.93457+00,2025-04-11 01:07:30.93457+00
1388,object,2025-04-11 01:57:05.83564+00,2025-04-11 01:57:05.83564+00
1389,interior design,2025-04-11 01:57:42.219091+00,2025-04-11 01:57:42.219091+00
1390,post apocalypse,2025-04-11 03:08:43.254762+00,2025-04-11 03:08:43.254762+00
1391,spring break,2025-04-11 15:15:40.421326+00,2025-04-11 15:15:40.421326+00
1392,trading,2025-04-11 17:22:22.057396+00,2025-04-11 17:22:22.057396+00
1393,fair,2025-04-11 17:41:40.128951+00,2025-04-11 17:41:40.128951+00
1394,self help,2025-04-11 18:09:46.826822+00,2025-04-11 18:09:46.826822+00
1395,mindset,2025-04-11 19:08:36.292403+00,2025-04-11 19:08:36.292403+00
1396,apocalyptic,2025-04-11 19:11:09.692949+00,2025-04-11 19:11:09.692949+00
1397,social activities,2025-04-11 19:13:19.354176+00,2025-04-11 19:13:19.354176+00
1398,food fight,2025-04-12 01:25:48.870564+00,2025-04-12 01:25:48.870564+00
1399,memorable,2025-04-12 01:25:48.880682+00,2025-04-12 01:25:48.880682+00
1400,forbidden love,2025-04-12 01:31:11.212388+00,2025-04-12 01:31:11.212388+00
1401,memorial,2025-04-12 01:36:08.060345+00,2025-04-12 01:36:08.060345+00
1402,prophecy,2025-04-12 01:51:32.238458+00,2025-04-12 01:51:32.238458+00
1403,uprising,2025-04-12 02:23:19.950045+00,2025-04-12 02:23:19.950045+00
1404,educational,2025-04-12 03:04:15.018757+00,2025-04-12 03:04:15.018757+00
1405,twist,2025-04-12 03:07:22.973038+00,2025-04-12 03:07:22.973038+00
1406,canadian culture,2025-04-12 22:14:48.85052+00,2025-04-12 22:14:48.85052+00
1407,jokes,2025-04-12 23:38:33.454809+00,2025-04-12 23:38:33.454809+00
1408,cryptids,2025-04-13 00:58:16.644817+00,2025-04-13 00:58:16.644817+00
1409,dimension,2025-04-13 01:22:16.151637+00,2025-04-13 01:22:16.151637+00
1410,tea parties,2025-04-13 01:44:10.367691+00,2025-04-13 01:44:10.367691+00
1411,fan experience,2025-04-13 04:03:06.449689+00,2025-04-13 04:03:06.449689+00
1412,heartbreak,2025-04-13 04:52:46.121729+00,2025-04-13 04:52:46.121729+00
1413,name,2025-04-13 19:15:56.733714+00,2025-04-13 19:15:56.733714+00
1414,risk,2025-04-13 19:55:38.839593+00,2025-04-13 19:55:38.839593+00
1415,baby girl shower,2025-04-13 21:26:07.510995+00,2025-04-13 21:26:07.510995+00
1416,fame,2025-04-13 21:37:50.180378+00,2025-04-13 21:37:50.180378+00
1417,newspaper,2025-04-13 21:37:50.191502+00,2025-04-13 21:37:50.191502+00
1418,virtual,2025-04-13 22:51:41.086045+00,2025-04-13 22:51:41.086045+00
1419,room,2025-04-14 06:14:28.272053+00,2025-04-14 06:14:28.272053+00
1420,astrology,2025-04-14 10:56:49.332335+00,2025-04-14 10:56:49.332335+00
1421,workshop,2025-04-14 13:10:17.225201+00,2025-04-14 13:10:17.225201+00
1422,folktale,2025-04-14 14:02:16.387512+00,2025-04-14 14:02:16.387512+00
1423,classic tale,2025-04-14 14:02:50.32972+00,2025-04-14 14:02:50.32972+00
1424,card games,2025-04-14 15:33:41.278004+00,2025-04-14 15:33:41.278004+00
1425,airline,2025-04-14 20:21:37.747498+00,2025-04-14 20:21:37.747498+00
1426,hydration,2025-04-14 20:53:35.39014+00,2025-04-14 20:53:35.39014+00
1427,first kiss,2025-04-14 21:16:15.614878+00,2025-04-14 21:16:15.614878+00
1428,england,2025-04-15 01:03:41.811588+00,2025-04-15 01:03:41.811588+00
1429,opportunity,2025-04-15 15:59:51.794325+00,2025-04-15 15:59:51.794325+00
1430,book club,2025-04-15 19:35:27.512108+00,2025-04-15 19:35:27.512108+00
1431,earth day,2025-04-15 19:50:58.114832+00,2025-04-15 19:50:58.114832+00
1432,number,2025-04-15 21:18:55.761203+00,2025-04-15 21:18:55.761203+00
1433,idiom,2025-04-15 21:23:24.797531+00,2025-04-15 21:23:24.797531+00
1434,myths,2025-04-15 23:37:35.527639+00,2025-04-15 23:37:35.527639+00
1435,ancient greece,2025-04-15 23:37:35.542666+00,2025-04-15 23:37:35.542666+00
1436,companionship,2025-04-15 23:47:49.43676+00,2025-04-15 23:47:49.43676+00
1437,amazement,2025-04-16 01:25:11.302799+00,2025-04-16 01:25:11.302799+00
1438,fables,2025-04-16 03:30:06.187653+00,2025-04-16 03:30:06.187653+00
1439,personal information,2025-04-16 14:52:49.354239+00,2025-04-16 14:52:49.354239+00
1440,minions,2025-04-16 15:57:54.092424+00,2025-04-16 15:57:54.092424+00
1441,contest,2025-04-16 16:09:28.449497+00,2025-04-16 16:09:28.449497+00
1442,wild behavior,2025-04-16 16:09:28.459165+00,2025-04-16 16:09:28.459165+00
1443,90s,2025-04-16 21:34:18.354927+00,2025-04-16 21:34:18.354927+00
1444,starry night,2025-04-16 21:34:18.370576+00,2025-04-16 21:34:18.370576+00
1445,tribute,2025-04-16 22:45:35.076475+00,2025-04-16 22:45:35.076475+00
1446,legacy,2025-04-16 22:45:35.094265+00,2025-04-16 22:45:35.094265+00
1447,animated,2025-04-16 23:46:29.16872+00,2025-04-16 23:46:29.16872+00
1448,roasting,2025-04-17 01:30:46.581872+00,2025-04-17 01:30:46.581872+00
1449,goth,2025-04-17 02:40:05.828967+00,2025-04-17 02:40:05.828967+00
1450,road trip,2025-04-17 11:35:19.725758+00,2025-04-17 11:35:19.725758+00
1451,australia,2025-04-17 11:35:19.751594+00,2025-04-17 11:35:19.751594+00
1452,non-profit,2025-04-17 22:29:08.840863+00,2025-04-17 22:29:08.840863+00
1453,unexpected events,2025-04-18 08:56:58.118671+00,2025-04-18 08:56:58.118671+00
1454,baby girl,2025-04-18 21:13:26.713124+00,2025-04-18 21:13:26.713124+00
1455,criticism,2025-04-19 00:07:16.476719+00,2025-04-19 00:07:16.476719+00
1456,family_member,2025-04-19 01:02:15.508799+00,2025-04-19 01:02:15.508799+00
1457,vows,2025-04-19 01:42:24.099963+00,2025-04-19 01:42:24.099963+00
1458,tournament,2025-04-19 02:38:34.391498+00,2025-04-19 02:38:34.391498+00
1459,fun & games,2025-04-19 03:57:10.413294+00,2025-04-19 03:57:10.413294+00
1460,profanity,2025-04-19 06:47:20.282441+00,2025-04-19 06:47:20.282441+00
1461,spell,2025-04-19 16:48:56.832459+00,2025-04-19 16:48:56.832459+00
1462,fill-in-the-blank,2025-04-19 20:52:48.371247+00,2025-04-19 20:52:48.371247+00
1463,emergency services,2025-04-20 04:49:54.108789+00,2025-04-20 04:49:54.108789+00
1464,household items,2025-04-20 05:29:59.467313+00,2025-04-20 05:29:59.467313+00