adlibId,categoryId
1,1
1,2
2,2
2,3
2,4
3,5
3,6
3,7
4,2
4,5
5,8
5,9
5,10
6,2
6,11
6,12
7,4
7,13
7,14
8,2
8,15
9,8
9,10
10,12
10,16
10,17
11,2
11,18
12,2
12,12
12,19
13,20
13,21
14,1
14,14
14,22
15,14
15,22
15,23
16,24
16,25
16,26
17,1
17,2
17,27
18,28
18,29
18,30
19,2
19,8
19,12
20,2
20,25
20,31
21,2
21,32
21,33
22,1
22,2
22,12
23,21
23,34
24,2
24,5
24,18
25,2
25,35
26,21
26,36
27,22
27,37
27,38
28,39
28,40
28,41
29,2
29,12
29,42
30,2
30,18
31,43
31,44
31,45
32,2
32,32
32,43
33,46
33,47
33,48
34,29
34,49
34,50
35,8
35,51
35,52
35,53
36,49
36,52
36,54
37,1
37,34
37,55
38,46
38,56
38,57
39,21
39,39
40,18
40,44
40,58
41,1
41,39
41,59
42,52
42,60
43,62
43,63
43,64
44,2
44,18
45,65
45,66
46,39
46,57
47,2
47,18
47,67
48,2
48,12
48,19
49,2
49,12
49,68
50,1
50,33
50,69
51,2
51,25
51,67
52,2
52,32
52,70
53,21
53,57
54,34
54,71
54,72
55,2
55,4
55,57
56,2
56,12
56,73
57,34
57,74
58,1
58,61
58,75
59,2
59,18
60,2
60,18
61,1
61,8
61,76
62,2
62,18
63,77
63,78
63,79
64,2
64,18
65,1
65,2
65,8
66,14
66,66
66,80
67,10
67,56
67,81
68,2
68,56
68,82
69,2
69,25
69,83
70,2
70,25
71,2
71,18
71,84
72,39
72,85
73,2
73,12
73,86
74,56
74,87
74,88
75,89
75,90
75,91
76,2
76,4
76,92
77,10
77,34
77,55
78,1
78,93
78,94
79,19
79,95
80,12
80,96
80,97
81,1
81,22
81,98
82,21
82,61
82,99
83,32
83,100
83,101
84,2
84,21
84,102
84,103
85,1
85,74
85,104
86,39
86,57
86,105
87,2
87,5
87,66
88,8
88,50
89,2
89,18
90,1
90,26
90,42
91,57
91,106
92,2
92,66
93,56
93,107
93,108
94,2
94,79
95,2
95,10
95,21
96,43
96,109
96,110
96,111
97,1
97,74
97,112
98,21
98,53
98,76
99,1
99,2
99,113
100,114
100,115
100,116
101,39
101,57
101,59
102,52
102,61
103,2
103,12
103,35
104,117
104,118
104,119
104,120
104,121
104,122
105,2
105,123
105,124
106,2
106,114
107,2
107,18
107,26
108,10
108,125
108,126
109,2
109,26
109,127
110,2
110,18
111,2
111,21
111,75
112,25
112,95
112,129
113,2
113,18
114,32
114,92
115,2
115,66
115,130
116,1
116,2
116,131
117,2
117,4
117,132
118,2
118,4
118,70
119,32
119,65
119,72
120,4
120,133
120,134
121,6
121,33
121,39
122,2
122,18
123,21
123,63
124,75
124,94
124,135
125,21
125,75
125,136
126,2
126,12
126,18
127,2
127,66
128,14
128,57
129,2
129,12
129,66
130,2
130,21
131,21
131,37
131,79
132,2
132,18
132,114
133,65
133,66
133,137
134,2
134,66
134,137
135,2
135,8
135,66
136,57
136,105
137,2
137,65
137,138
138,1
138,39
138,57
139,39
139,59
140,2
140,18
140,35
141,2
141,21
141,26
142,2
142,66
143,2
143,32
143,66
144,21
144,63
145,21
145,139
146,8
146,63
147,21
147,140
147,141
148,14
148,21
148,63
149,2
149,18
149,84
150,26
150,68
150,114
151,19
151,63
152,2
152,21
152,56
153,2
153,66
154,2
154,142
155,2
155,26
155,66
156,21
156,32
156,57
157,4
157,13
157,57
158,2
158,12
158,26
158,114
159,2
159,66
160,18
160,25
160,66
161,1
161,57
162,2
162,18
162,84
163,2
163,66
164,2
164,18
164,39
165,2
165,25
165,31
166,57
166,143
167,18
167,105
167,144
168,46
168,57
168,74
169,2
169,66
170,2
170,18
170,145
171,10
171,19
171,75
172,2
172,63
173,34
173,55
173,105
174,2
174,19
174,146
175,1
175,147
175,148
176,25
176,40
176,149
177,2
177,66
177,150
178,2
178,66
178,75
179,1
179,2
179,12
180,2
180,11
180,33
181,2
181,32
182,65
182,66
182,70
183,19
183,63
184,2
184,18
185,2
185,66
186,2
186,66
186,151
187,119
187,120
187,121
187,122
188,21
188,140
189,19
189,140
190,2
190,18
190,19
191,2
191,18
192,2
192,25
192,152
193,2
193,83
193,151
194,2
194,18
194,153
195,3
195,4
195,65
196,119
196,120
197,2
197,152
197,154
198,79
198,141
199,2
199,25
200,2
200,25
200,26
201,2
201,18
202,37
202,75
202,79
203,2
203,66
203,75
204,32
204,57
205,57
205,155
206,36
206,156
207,2
207,107
208,32
208,157
208,158
209,39
209,57
209,155
210,2
210,34
211,61
211,76
211,159
212,9
212,160
213,54
213,57
213,161
214,21
214,89
215,21
215,162
216,21
216,65
216,66
217,2
217,8
217,21
218,21
218,164
219,2
219,12
219,165
220,61
220,76
220,117
221,2
221,66
221,114
222,8
222,21
222,63
223,61
223,76
223,166
224,49
224,167
225,1
225,79
225,168
226,2
226,66
226,75
227,2
227,18
227,84
228,61
228,76
228,129
229,37
229,79
229,169
230,2
230,8
230,132
231,8
231,94
231,171
231,172
232,2
232,21
233,1
233,2
233,13
234,21
234,34
235,2
235,18
235,173
236,2
236,12
236,174
237,2
237,25
238,2
238,25
238,31
239,2
239,68
239,114
240,2
240,18
241,2
241,66
241,68
242,2
242,18
243,2
243,18
243,84
244,2
244,25
244,114
245,2
245,18
246,2
246,175
246,176
247,2
247,25
247,31
248,1
248,42
248,69
248,177
249,2
249,114
250,18
250,34
250,178
251,2
251,18
252,2
252,18
253,2
253,18
254,13
254,57
254,180
255,2
255,66
255,137
256,2
256,18
256,84
257,75
257,79
257,96
258,21
258,181
259,2
259,25
259,31
260,19
260,181
260,182
261,21
261,38
261,181
262,75
262,95
262,183
263,2
263,31
263,83
264,34
264,94
264,184
265,12
265,99
266,29
266,75
266,79
267,1
267,2
267,12
268,2
268,43
268,66
269,76
269,185
269,186
269,187
270,39
270,135
270,188
271,184
271,189
272,2
272,25
272,31
273,2
273,19
273,96
274,2
274,18
275,2
275,12
275,190
276,1
276,2
276,25
277,2
277,18
277,66
278,2
278,12
278,18
279,34
279,49
280,2
280,178
281,2
281,18
282,2
282,66
282,191
283,2
283,192
284,2
284,18
284,193
285,2
285,25
285,66
286,2
286,18
286,194
287,1
287,2
288,2
288,25
289,2
289,25
289,152
290,2
290,12
290,18
291,2
291,18
292,13
292,80
292,195
293,2
293,12
293,152
294,2
294,25
294,152
295,2
295,21
296,2
296,34
296,66
297,2
297,66
297,68
298,10
298,196
299,2
299,32
300,21
300,74
300,197
301,2
301,193
301,198
302,2
302,113
302,114
303,2
303,32
303,66
304,2
304,66
304,68
305,1
305,42
305,199
306,2
306,18
306,21
307,14
307,22
307,169
308,2
308,25
308,31
309,2
309,35
310,1
310,2
310,109
311,2
311,10
311,18
312,2
312,25
313,2
313,8
313,25
314,1
314,74
314,94
315,2
315,12
315,25
316,2
316,5
316,18
317,21
317,76
318,2
318,12
318,26
319,4
319,105
320,2
320,12
320,200
321,2
321,175
321,176
322,21
322,43
322,201
323,119
323,120
324,12
324,73
324,202
325,21
325,66
325,68
326,2
326,11
326,66
327,2
327,25
327,31
328,21
328,203
329,10
329,21
329,204
330,21
330,61
330,76
331,1
331,75
331,79
332,2
332,63
332,66
333,1
333,79
334,21
334,68
334,205
335,2
335,32
336,19
336,63
337,29
337,34
337,71
338,14
338,114
338,206
339,2
339,12
339,96
340,2
340,12
340,207
341,76
341,208
341,209
342,76
342,77
342,208
343,2
343,25
343,66
344,2
344,32
345,66
345,75
345,137
346,76
346,210
346,211
347,1
347,113
347,212
348,1
348,76
348,79
349,8
349,75
349,213
350,2
350,18
350,84
351,57
351,143
351,214
352,21
352,76
353,2
353,127
353,183
353,199
354,57
354,94
354,215
355,21
355,213
356,11
356,188
357,21
357,55
357,216
358,2
358,12
358,18
359,2
359,18
360,10
360,217
360,218
360,219
361,19
361,220
362,19
362,76
362,180
363,36
363,221
363,222
364,2
364,18
365,73
365,181
366,73
366,223
366,224
367,73
367,223
367,225
368,73
368,226
368,227
369,2
369,8
369,12
370,73
370,223
370,228
371,73
371,223
371,228
372,73
372,181
373,73
373,229
374,73
374,223
374,225
375,12
375,18
375,26
375,230
376,73
376,231
377,38
377,75
377,79
378,78
378,79
378,213
379,8
379,10
379,191
380,79
380,213
381,78
381,79
381,213
382,213
382,232
383,12
383,99
383,233
384,2
384,12
384,25
385,10
385,95
385,234
386,2
386,12
386,147
387,2
387,65
387,66
388,21
388,75
389,2
389,18
389,84
390,34
390,71
390,174
391,2
391,12
391,235
392,26
392,163
392,213
393,1
393,26
393,146
394,19
394,163
394,213
395,2
395,67
395,236
396,21
396,36
396,237
397,89
397,238
397,239
398,2
398,25
398,152
399,12
399,76
399,103
400,12
400,21
400,148
401,2
401,66
402,8
402,29
402,40
403,8
403,240
404,1
404,2
404,8
405,2
405,8
405,18
406,2
406,114
406,241
407,2
407,84
407,242
408,2
408,38
408,66
409,2
409,25
409,31
410,6
410,39
410,243
411,21
411,244
412,2
412,25
412,152
413,8
413,37
413,79
414,1
414,2
414,26
415,9
415,21
415,79
416,57
416,105
417,2
417,18
418,2
418,12
418,25
419,2
419,26
419,113
419,245
420,18
420,157
420,207
421,10
421,246
422,10
422,247
423,12
423,73
424,21
424,73
424,248
425,13
425,39
425,249
426,2
426,4
426,5
427,13
427,65
427,250
428,13
428,65
428,250
429,57
429,203
429,251
430,13
430,54
430,65
430,252
431,2
431,114
431,253
432,24
432,64
432,254
433,195
433,255
434,49
434,256
434,257
435,105
435,258
435,259
436,2
436,6
436,34
437,18
437,164
438,18
438,34
439,26
439,100
439,260
440,26
440,100
440,261
441,2
441,18
441,193
442,1
442,2
442,114
443,2
443,56
443,262
444,2
444,66
445,2
445,19
445,34
446,21
446,34
447,34
447,66
447,263
448,2
448,43
448,66
449,1
449,2
449,12
450,2
450,25
450,114
451,119
451,120
451,121
451,264
452,1
452,2
452,100
453,24
453,40
453,131
454,2
454,66
454,265
455,2
455,35
455,86
456,25
456,146
456,191
457,2
457,18
457,193
458,2
458,18
458,84
459,2
459,66
460,2
460,8
460,132
461,2
461,18
461,193
462,94
462,266
463,2
463,18
464,61
464,79
465,12
465,18
465,198
466,1
466,2
466,12
467,2
467,5
467,18
468,1
468,2
468,215
469,14
469,186
469,267
470,39
470,57
471,14
471,186
471,267
472,2
472,66
473,12
473,14
474,10
474,65
474,66
475,10
475,19
475,66
476,2
476,114
476,269
477,12
477,25
477,270
478,1
478,2
479,2
479,12
479,271
480,1
480,79
481,21
481,79
482,75
482,79
482,96
483,2
483,12
483,79
484,12
484,66
484,163
485,2
485,12
485,66
485,137
486,12
486,66
486,163
487,66
487,68
487,163
488,25
488,95
488,131
489,79
489,272
490,2
490,114
490,273
491,2
491,75
491,113
492,10
492,66
492,75
493,1
493,49
494,65
494,66
494,137
495,2
495,18
496,12
496,19
496,274
497,2
497,12
497,66
498,1
498,2
499,21
499,76
499,275
500,2
500,18
500,84
501,2
501,176
501,276
502,2
502,56
502,107
503,2
503,66
503,152
504,2
504,18
504,84
505,2
505,18
505,84
506,2
506,66
507,2
507,152
507,277
508,2
508,25
508,152
509,2
509,19
509,215
510,32
510,144
510,278
511,2
511,18
512,2
512,31
512,114
513,2
513,18
513,84
514,119
514,120
514,121
514,122
515,2
515,67
516,8
516,12
516,19
516,274
517,2
517,12
517,166
517,279
518,2
518,8
518,10
519,10
519,21
519,43
520,6
520,65
520,66
521,2
521,11
521,66
522,2
522,100
523,21
523,79
524,2
524,280
524,281
525,2
525,65
525,66
526,2
526,18
527,2
527,32
527,105
528,2
528,4
529,75
529,282
529,283
530,65
530,66
530,137
531,105
531,157
532,1
532,26
533,2
533,26
534,2
534,114
534,141
535,49
535,55
535,284
536,1
536,10
536,285
537,1
537,2
537,12
538,2
538,175
538,176
539,66
540,2
540,18
541,2
541,152
541,286
542,1
542,27
542,42
543,65
543,66
543,287
544,189
544,288
544,289
545,2
545,82
546,49
546,191
547,61
547,75
548,2
548,25
548,113
549,2
549,25
549,31
550,74
550,79
550,290
551,2
551,25
552,26
552,40
552,61
552,75
553,41
553,291
554,2
554,176
554,276
554,292
555,36
555,56
556,96
556,293
556,294
557,71
557,94
557,184
558,2
558,18
559,21
559,163
560,2
560,12
560,295
561,2
561,151
561,152
562,114
562,214
562,296
563,6
563,68
563,94
564,2
564,66
565,2
565,114
566,12
566,44
566,54
566,297
567,18
567,193
567,298
568,2
568,12
568,18
569,18
569,56
569,298
570,13
570,34
570,71
571,2
571,18
572,18
572,298
572,299
573,18
573,56
573,298
574,2
574,12
574,147
575,2
575,19
575,147
576,2
576,12
576,26
577,1
577,2
578,2
578,18
579,1
579,12
579,25
580,2
580,12
580,176
580,300
581,2
581,12
581,300
582,12
582,25
582,301
583,2
583,35
583,302
584,2
584,12
585,2
585,151
585,277
586,4
586,35
586,106
587,2
587,18
587,86
588,2
588,18
588,303
589,2
589,18
589,67
590,79
590,114
591,2
591,79
592,46
592,304
592,305
593,2
593,18
594,64
594,306
594,307
595,2
595,5
595,18
596,38
596,308
596,309
597,1
597,2
597,8
598,2
598,25
598,113
599,2
599,66
599,75
600,56
600,114
600,310
601,2
601,18
602,38
602,76
602,311
603,2
603,66
603,152
604,57
604,163
605,2
605,18
605,25
606,2
606,176
606,276
607,76
607,94
607,211
608,2
608,18
609,2
609,14
609,57
610,2
610,11
610,312
611,14
611,26
611,313
612,21
612,61
612,215
613,75
613,115
613,314
613,315
614,2
614,11
614,68
615,6
615,21
615,76
616,2
616,18
616,318
617,2
617,66
618,21
618,63
618,195
619,21
619,33
619,57
620,2
620,114
620,319
621,1
621,2
621,18
622,2
622,12
622,83
623,2
623,25
623,31
624,2
624,66
625,32
625,66
625,144
626,2
626,25
626,114
627,2
627,25
627,114
628,2
628,25
628,114
629,2
629,21
629,35
630,2
630,12
630,15
631,2
631,12
631,18
632,2
632,10
632,18
633,2
633,25
633,31
634,2
634,18
634,320
635,2
635,12
635,114
636,2
636,5
636,66
637,2
637,31
637,114
638,2
638,276
638,277
639,18
639,24
639,193
640,2
640,152
640,321
641,2
641,18
642,2
642,25
642,152
643,2
643,18
644,2
644,18
644,66
646,2
646,25
646,31
647,2
647,18
647,66
648,1
648,2
648,26
649,2
649,31
649,114
650,2
650,18
651,2
651,66
651,68
652,2
652,18
653,2
653,194
653,324
654,2
654,25
654,31
655,2
655,18
656,75
656,313
656,325
657,2
657,70
658,2
658,18
658,154
659,2
659,66
659,68
660,2
660,12
660,96
661,2
661,66
661,152
662,21
662,313
662,326
663,2
663,15
663,114
664,2
664,25
664,31
665,2
665,18
665,84
666,49
666,61
666,313
667,2
667,32
667,70
668,21
668,329
669,18
669,32
669,330
670,13
670,18
670,19
671,2
671,32
672,8
672,10
672,331
673,2
673,12
673,21
674,21
674,63
674,332
675,19
675,203
675,333
676,99
676,334
677,12
677,18
677,173
678,2
678,25
679,21
679,327
680,2
680,25
681,12
681,21
681,66
682,76
682,335
682,336
683,2
683,66
684,114
684,337
685,2
685,25
685,114
686,1
686,2
686,114
687,75
687,79
687,338
688,75
688,79
688,338
689,8
689,14
689,232
690,1
690,79
691,2
691,18
692,2
692,18
693,2
693,66
693,75
694,2
694,5
694,86
695,12
695,118
695,217
695,339
696,2
696,12
696,25
697,21
697,43
697,340
698,21
698,49
699,2
699,5
699,86
700,29
700,195
700,261
701,2
701,12
701,66
702,2
702,12
702,68
703,12
703,36
703,213
704,67
704,96
705,33
705,342
706,21
706,96
706,313
707,8
707,34
707,75
708,189
708,310
709,57
709,100
709,143
710,2
710,12
710,35
711,343
711,344
711,345
712,2
712,18
712,84
713,2
713,114
713,346
714,2
714,66
715,2
715,32
716,2
716,18
716,25
717,2
717,25
717,273
718,12
718,252
718,347
719,32
719,144
720,2
720,25
720,31
721,34
721,342
722,2
722,25
722,114
723,2
723,12
723,18
724,2
724,18
725,4
725,70
726,2
726,21
727,34
727,346
728,2
728,18
729,2
729,276
729,277
730,2
730,67
731,2
731,18
731,84
732,2
732,18
732,147
733,2
733,18
733,84
734,2
734,66
735,1
735,2
736,2
736,25
736,114
737,2
737,66
738,11
738,32
738,96
739,2
739,66
740,10
740,21
740,76
741,2
741,31
742,2
742,18
742,84
743,14
743,22
743,348
744,1
744,2
745,2
745,18
746,2
746,25
746,31
747,2
747,18
748,21
748,148
749,2
749,66
749,68
750,2
750,12
750,18
750,193
751,2
751,18
752,2
752,66
753,2
753,18
754,2
754,11
754,75
755,2
755,25
755,31
756,2
756,21
756,147
757,2
757,114
757,126
758,2
758,12
758,25
759,2
759,25
760,2
760,66
761,2
761,66
761,70
762,2
762,32
763,2
763,18
763,84
764,2
764,25
764,31
765,2
765,66
766,2
766,175
766,277
767,2
767,18
768,2
768,18
768,21
769,14
769,61
770,11
770,32
770,298
771,2
771,12
771,25
772,2
772,18
773,2
773,18
774,2
774,25
774,349
775,2
775,18
775,84
776,2
776,18
776,25
777,2
777,25
777,31
778,34
778,135
778,195
779,2
779,66
780,14
780,61
781,105
781,350
781,351
782,34
782,195
783,65
783,81
783,275
784,2
784,18
784,35
785,13
785,19
785,352
786,2
786,25
786,151
787,8
787,353
787,354
788,8
788,29
788,355
789,2
789,18
789,324
790,13
790,57
790,304
791,2
791,151
791,276
792,21
792,80
793,2
793,12
793,68
793,113
794,49
794,75
795,1
795,75
795,79
796,2
796,114
796,310
797,1
797,2
797,12
798,21
798,57
799,2
799,25
799,31
800,149
800,356
800,357
801,2
801,66
802,24
802,40
802,131
803,2
803,21
804,2
804,12
805,19
805,163
805,333
806,2
806,18
806,84
807,2
807,18
807,84
808,1
808,2
808,57
809,1
809,26
809,114
809,199
810,358
810,359
811,2
811,25
811,66
812,2
812,18
812,157
813,2
813,18
814,2
814,66
814,152
815,1
815,75
815,141
816,14
816,360
817,2
817,18
818,2
818,66
819,2
819,18
819,105
820,75
820,79
820,211
821,2
821,18
821,145
821,361
822,2
822,25
823,2
823,25
824,2
824,34
824,71
825,2
825,34
826,34
826,71
826,178
827,25
827,34
827,95
828,2
828,67
829,119
829,120
829,122
829,362
830,21
830,63
831,1
831,2
832,2
832,31
832,83
833,21
833,75
833,103
834,12
834,19
834,75
835,68
835,363
835,364
836,2
836,21
837,79
837,338
837,365
838,1
838,12
838,113
839,24
839,360
839,366
840,38
840,79
841,2
841,18
842,2
842,18
843,263
843,367
843,368
844,2
844,18
845,2
845,18
846,2
846,12
846,18
847,63
847,79
848,21
848,49
848,63
849,1
849,2
849,114
850,61
850,75
850,290
851,39
851,57
852,8
852,21
852,215
853,57
853,105
854,57
854,100
854,256
855,8
855,369
855,370
856,65
856,96
856,352
856,371
857,10
857,41
857,372
858,2
858,66
858,152
859,2
859,34
859,105
860,61
860,76
861,21
861,89
861,373
862,89
862,373
862,374
863,76
863,373
863,375
864,2
864,151
864,152
865,29
865,191
866,191
866,376
867,8
867,40
867,191
868,2
868,12
868,14
869,54
869,57
870,2
870,25
870,114
871,2
871,35
872,12
872,15
872,18
873,18
873,84
874,39
874,57
875,2
875,66
875,152
876,2
876,31
876,114
877,1
877,2
877,25
878,21
878,305
879,2
879,25
879,151
880,65
880,66
880,105
880,137
881,2
881,12
881,21
882,2
882,8
882,114
883,2
883,21
884,2
884,11
884,66
885,2
885,25
885,31
886,39
886,377
887,2
887,213
888,2
888,25
888,31
889,2
889,21
890,2
890,25
890,114
891,2
891,18
891,193
892,2
892,378
893,18
893,96
894,2
894,12
894,18
895,2
895,19
895,114
896,32
896,142
896,379
897,43
897,64
897,182
898,49
898,54
899,1
899,380
899,381
900,94
900,99
900,382
901,99
901,383
901,384
902,96
902,144
902,298
903,66
903,265
903,385
904,69
904,93
904,94
904,109
905,1
905,2
905,57
906,1
906,6
906,39
907,21
907,34
907,184
908,32
908,66
908,386
909,2
909,21
910,2
910,18
911,387
911,388
911,389
912,2
912,25
913,10
913,217
913,219
914,21
914,63
915,2
915,18
916,8
916,94
917,2
917,35
917,258
918,21
918,63
919,40
919,390
920,2
920,391
921,84
921,203
922,75
922,215
922,263
923,1
923,6
923,215
924,1
924,8
924,39
925,1
925,6
925,215
926,114
926,392
927,14
927,393
928,99
928,100
929,6
929,12
929,394
930,2
930,86
930,152
931,10
931,21
931,114
932,2
932,25
932,152
933,2
933,18
934,21
934,75
934,395
935,2
935,18
936,12
936,66
936,76
937,10
937,138
937,396
938,10
938,138
938,396
939,1
939,2
939,25
940,234
940,397
940,398
941,25
941,61
941,131
942,2
942,31
942,83
943,12
943,181
943,399
944,21
944,34
945,2
945,18
945,21
946,1
946,10
946,43
947,10
947,12
947,113
947,177
948,10
948,12
948,283
949,12
949,26
949,400
950,2
950,18
950,84
951,2
951,18
951,193
952,2
952,18
952,105
953,34
953,195
954,26
954,401
954,402
955,21
955,313
955,403
956,2
956,46
956,157
957,2
957,65
957,66
958,2
958,31
959,2
959,66
960,8
960,12
960,21
961,2
961,8
961,113
962,2
962,8
962,114
963,2
963,8
963,114
964,2
964,404
965,77
965,199
965,405
966,21
966,42
966,199
967,21
967,42
967,199
968,2
968,18
969,2
969,95
969,132
970,61
970,76
971,6
971,94
971,174
972,2
972,18
972,105
973,1
973,132
973,406
974,34
974,67
974,173
975,39
975,57
975,215
976,2
976,34
976,199
977,1
977,40
977,195
978,42
978,131
978,199
979,1
979,2
979,157
980,2
980,18
980,92
981,2
981,18
981,100
982,2
982,135
982,157
983,2
983,92
983,114
984,2
984,100
984,114
985,2
985,92
985,106
986,2
986,12
986,54
987,2
987,199
987,407
988,21
988,42
988,199
989,26
989,402
989,408
990,2
990,25
991,21
991,49
992,2
992,83
992,114
993,2
993,18
994,2
994,144
995,2
995,31
995,114
996,2
996,25
996,68
997,129
997,163
997,213
998,34
998,71
998,184
999,21
999,143
1000,93
1000,94
1000,413
1001,2
1001,25
1001,34
1002,2
1002,18
1003,2
1003,32
1003,66
1004,2
1004,66
1004,68
1005,1
1005,2
1005,12
1006,8
1006,174
1006,415
1007,2
1007,18
1007,174
1008,2
1008,18
1009,2
1009,5
1010,13
1010,21
1010,39
1011,2
1011,8
1011,12
1012,2
1012,18
1013,2
1013,18
1014,34
1014,59
1014,304
1015,2
1015,18
1015,84
1016,2
1016,25
1016,114
1017,14
1017,57
1018,73
1018,417
1019,2
1019,5
1020,94
1020,418
1020,419
1021,2
1021,12
1021,25
1022,94
1022,420
1023,2
1023,8
1023,25
1024,94
1024,169
1024,420
1025,57
1025,94
1026,57
1026,94
1027,10
1027,19
1027,69
1028,2
1028,8
1028,57
1029,2
1029,66
1029,79
1030,1
1030,8
1030,421
1031,10
1031,65
1031,66
1032,12
1032,233
1032,422
1033,2
1033,18
1033,194
1034,66
1034,144
1034,298
1035,119
1035,120
1035,362
1035,423
1036,34
1036,114
1036,424
1037,2
1037,175
1037,176
1038,34
1038,174
1038,195
1039,2
1039,26
1039,114
1040,2
1040,66
1040,152
1041,2
1041,25
1041,114
1042,2
1042,35
1042,86
1043,2
1043,18
1044,19
1044,163
1044,213
1045,2
1045,18
1045,34
1046,21
1046,66
1046,425
1047,2
1047,66
1047,265
1048,2
1048,12
1048,18
1049,12
1049,39
1049,57
1050,2
1050,21
1050,35
1051,2
1051,66
1052,2
1052,66
1053,2
1053,25
1053,31
1054,2
1054,18
1054,84
1055,14
1055,21
1056,2
1056,151
1056,152
1057,2
1057,66
1057,68
1058,119
1058,121
1058,322
1058,426
1059,2
1059,25
1060,11
1060,387
1060,427
1061,2
1061,31
1061,83
1062,2
1062,66
1062,68
1063,10
1063,21
1063,75
1064,2
1064,18
1065,2
1065,66
1065,68
1066,2
1066,66
1066,117
1066,428
1067,2
1067,18
1068,2
1068,18
1068,324
1069,2
1069,18
1070,2
1070,18
1071,2
1071,12
1071,152
1072,2
1072,18
1073,14
1073,66
1074,2
1074,18
1074,193
1075,65
1075,66
1075,429
1076,2
1076,18
1077,2
1077,66
1078,2
1078,18
1079,2
1079,84
1080,2
1080,18
1081,2
1081,26
1081,66
1082,57
1082,66
1082,430
1083,1
1083,12
1083,96
1084,89
1084,208
1084,274
1085,2
1085,18
1086,2
1086,10
1086,19
1087,39
1087,57
1087,59
1088,2
1088,18
1088,84
1089,2
1089,18
1090,2
1090,18
1091,2
1091,154
1091,431
1092,2
1092,25
1092,324
1093,34
1093,195
1094,2
1094,32
1095,2
1095,25
1095,31
1096,2
1096,66
1096,152
1097,2
1097,10
1097,19
1098,75
1098,94
1098,432
1099,20
1099,382
1099,433
1100,10
1100,135
1100,434
1101,2
1101,66
1101,151
1102,2
1102,18
1103,66
1103,174
1104,40
1104,49
1104,84
1105,2
1105,18
1105,276
1106,2
1106,105
1107,1
1107,12
1107,96
1108,12
1108,25
1108,435
1109,34
1109,436
1109,437
1110,9
1110,10
1111,2
1111,21
1111,438
1112,8
1112,21
1113,1
1113,49
1114,2
1114,18
1115,2
1115,65
1115,66
1116,2
1116,19
1116,138
1117,2
1117,11
1117,142
1118,2
1118,18
1119,2
1119,10
1119,12
1120,13
1120,105
1120,439
1121,34
1121,440
1122,2
1122,65
1122,66
1123,2
1123,25
1124,14
1124,115
1124,268
1125,2
1125,8
1125,114
1126,2
1126,12
1126,26
1127,34
1127,55
1127,195
1128,2
1128,4
1128,12
1129,2
1129,66
1130,2
1130,66
1130,124
1131,6
1131,342
1132,2
1132,66
1132,175
1132,176
1133,2
1133,276
1133,277
1134,19
1134,26
1134,441
1135,57
1135,100
1135,105
1136,2
1136,18
1136,100
1137,65
1137,66
1137,137
1138,12
1138,19
1138,442
1139,2
1139,18
1139,66
1140,221
1140,443
1140,444
1141,49
1141,166
1142,4
1142,105
1143,43
1143,66
1143,119
1144,6
1144,74
1144,445
1145,1
1145,2
1145,12
1146,2
1146,18
1147,10
1147,114
1147,310
1148,21
1148,76
1148,446
1149,2
1149,320
1150,2
1150,19
1150,26
1151,2
1151,18
1151,84
1152,2
1152,6
1152,10
1153,2
1153,25
1154,65
1154,66
1154,137
1155,191
1155,447
1155,448
1156,19
1156,67
1157,2
1157,32
1157,66
1158,2
1158,18
1158,361
1159,34
1159,71
1159,174
1160,119
1160,120
1160,174
1160,426
1161,24
1161,174
1161,415
1162,1
1162,2
1162,140
1163,2
1163,18
1163,84
1164,34
1164,71
1164,263
1165,2
1165,3
1165,4
1166,79
1166,167
1166,214
1167,2
1167,114
1167,449
1168,6
1168,93
1168,94
1169,18
1169,19
1170,2
1170,18
1170,66
1171,2
1171,66
1171,76
1172,2
1172,31
1172,280
1173,1
1173,2
1173,12
1174,39
1174,196
1174,422
1175,2
1175,25
1175,245
1176,2
1176,18
1176,201
1177,12
1177,75
1177,450
1178,21
1178,213
1178,451
1179,34
1179,71
1179,174
1180,19
1180,76
1180,140
1181,77
1181,114
1182,1
1182,13
1182,177
1183,8
1183,232
1183,366
1184,119
1184,120
1184,121
1184,264
1185,21
1185,63
1186,12
1186,96
1186,452
1187,24
1187,114
1187,453
1188,18
1188,21
1189,21
1189,342
1190,1
1190,2
1190,132
1191,2
1191,18
1192,29
1192,174
1192,390
1193,18
1193,25
1193,212
1194,2
1194,18
1194,66
1195,18
1195,25
1195,34
1196,26
1196,205
1196,379
1197,21
1197,40
1197,313
1198,1
1198,147
1198,379
1199,34
1199,55
1199,195
1200,34
1200,342
1201,342
1201,409
1202,1
1202,8
1202,21
1203,2
1203,12
1204,2
1204,18
1205,195
1205,250
1205,261
1206,1
1206,6
1206,195
1207,2
1207,18
1207,34
1208,2
1208,18
1209,14
1209,22
1209,454
1210,2
1210,18
1210,84
1211,2
1211,18
1211,84
1212,2
1212,66
1213,39
1213,57
1214,21
1214,26
1215,2
1215,12
1215,455
1216,2
1216,25
1216,114
1217,71
1217,94
1217,184
1218,144
1218,298
1218,456
1219,12
1219,18
1219,193
1220,2
1220,66
1220,68
1221,10
1221,68
1221,146
1222,1
1222,2
1222,132
1223,10
1223,12
1223,19
1223,57
1224,2
1224,66
1224,151
1225,2
1225,18
1225,84
1226,2
1226,31
1226,114
1227,2
1227,31
1227,114
1228,2
1228,18
1228,84
1229,2
1229,25
1229,66
1230,2
1230,12
1230,19
1231,2
1231,18
1232,2
1232,12
1232,66
1233,2
1233,18
1233,84
1234,2
1234,35
1234,457
1235,2
1235,18
1235,84
1236,2
1236,18
1237,2
1237,18
1237,84
1238,2
1238,18
1238,84
1239,2
1239,18
1240,2
1240,12
1240,86
1241,2
1241,66
1241,135
1242,66
1242,458
1242,459
1243,2
1243,24
1243,31
1244,2
1244,12
1244,66
1245,2
1245,25
1245,114
1246,2
1246,276
1246,341
1247,65
1247,66
1247,70
1248,21
1248,63
1249,2
1249,11
1249,66
1250,2
1250,18
1251,79
1251,96
1251,460
1252,2
1252,32
1252,298
1253,2
1253,25
1254,32
1254,298
1254,386
1255,2
1255,11
1255,157
1256,2
1256,25
1256,31
1257,2
1257,18
1258,2
1258,25
1258,280
1259,2
1259,66
1259,151
1260,10
1260,96
1260,297
1261,2
1261,66
1262,1
1262,2
1262,66
1263,12
1263,94
1263,235
1264,2
1264,8
1264,10
1264,114
1265,2
1265,18
1265,194
1266,2
1266,12
1266,75
1267,2
1267,18
1267,194
1268,2
1268,175
1268,277
1269,61
1269,79
1270,2
1270,66
1270,132
1271,2
1271,18
1271,84
1272,2
1272,12
1272,66
1273,2
1273,66
1273,68
1274,2
1274,18
1274,84
1275,65
1275,66
1275,458
1276,6
1276,38
1276,89
1277,2
1277,66
1278,37
1278,86
1278,461
1279,2
1279,151
1279,462
1280,1
1280,37
1280,79
1281,32
1281,386
1281,466
1282,28
1282,213
1283,2
1283,18
1283,66
1284,2
1284,18
1285,2
1285,66
1286,119
1286,120
1286,121
1286,264
1286,426
1287,2
1287,105
1288,21
1288,140
1288,168
1289,57
1289,105
1289,143
1290,2
1290,12
1290,18
1291,57
1291,105
1291,467
1292,57
1292,381
1292,467
1293,57
1293,467
1293,468
1294,34
1294,39
1294,71
1295,2
1295,18
1296,29
1296,39
1297,8
1297,10
1297,469
1298,10
1298,21
1298,146
1299,123
1299,470
1299,471
1300,34
1300,195
1301,14
1301,22
1301,406
1302,1
1302,2
1302,43
1303,21
1303,43
1303,147
1304,73
1304,79
1304,443
1305,21
1305,320
1306,2
1306,18
1307,2
1307,12
1307,66
1308,2
1308,12
1308,18
1308,193
1309,66
1309,137
1309,459
1310,2
1310,18
1311,2
1311,18
1311,84
1312,32
1312,57
1312,302
1313,2
1313,18
1313,84
1314,2
1314,12
1314,25
1314,29
1315,2
1315,18
1315,194
1316,2
1316,25
1316,31
1317,2
1317,25
1318,1
1318,96
1318,472
1319,26
1319,131
1319,473
1320,12
1320,29
1320,114
1320,456
1321,2
1321,12
1321,18
1322,2
1322,12
1322,193
1323,2
1323,100
1324,21
1324,191
1324,474
1325,15
1325,155
1325,317
1326,5
1326,258
1327,1
1327,2
1327,25
1328,2
1328,18
1328,114
1329,18
1329,84
1330,2
1330,25
1331,2
1331,32
1331,144
1332,9
1332,77
1332,79
1333,34
1333,413
1333,475
1334,76
1334,185
1334,476
1335,2
1335,12
1336,2
1336,35
1336,457
1337,1
1337,13
1337,39
1338,2
1338,12
1338,26
1339,2
1339,66
1340,2
1340,151
1340,152
1341,2
1341,18
1341,84
1342,2
1342,18
1343,1
1343,2
1343,114
1344,34
1344,94
1344,174
1345,71
1345,174
1345,415
1346,34
1346,71
1346,174
1347,34
1347,68
1347,174
1348,378
1348,477
1348,478
1348,479
1349,56
1349,480
1350,481
1350,482
1351,2
1351,18
1352,1
1352,20
1353,95
1353,213
1353,483
1354,3
1354,4
1354,65
1355,9
1355,10
1355,59
1356,29
1356,484
1357,1
1357,79
1357,304
1358,2
1358,75
1358,212
1359,2
1359,12
1359,25
1360,2
1360,4
1360,65
1361,2
1361,66
1361,68
1362,12
1362,18
1362,114
1363,2
1363,18
1363,21
1364,2
1364,14
1364,443
1365,76
1365,96
1365,485
1366,76
1366,96
1366,196
1367,117
1367,119
1367,120
1367,121
1367,486
1368,2
1368,276
1368,277
1369,4
1369,56
1369,107
1370,79
1370,317
1370,487
1371,2
1371,18
1371,84
1372,2
1372,18
1372,35
1373,2
1373,114
1373,252
1374,18
1374,84
1375,21
1375,76
1376,2
1376,18
1377,12
1377,295
1377,489
1378,2
1378,25
1379,2
1379,66
1379,75
1380,2
1380,8
1380,152
1380,176
1381,38
1381,79
1381,490
1382,2
1382,66
1382,75
1383,2
1383,136
1383,475
1384,56
1384,239
1384,491
1385,46
1385,79
1385,443
1386,56
1386,107
1386,337
1387,21
1387,34
1387,263
1388,34
1388,492
1389,2
1389,114
1389,310
1390,2
1390,4
1390,25
1391,21
1391,140
1392,2
1392,21
1392,66
1393,2
1393,21
1393,66
1394,2
1394,66
1394,152
1395,12
1395,32
1395,65
1396,1
1396,79
1397,2
1397,18
1397,493
1398,18
1398,34
1398,299
1399,2
1399,18
1399,67
1400,2
1400,18
1400,34
1401,2
1401,21
1401,66
1402,76
1402,209
1402,311
1403,1
1403,2
1403,12
1404,34
1404,71
1404,432
1405,105
1405,166
1405,213
1406,2
1406,18
1406,194
1407,2
1407,12
1407,114
1408,2
1408,4
1408,12
1409,10
1409,65
1409,105
1410,2
1410,18
1410,117
1411,2
1411,84
1412,38
1412,79
1412,494
1413,11
1413,24
1413,32
1414,34
1414,71
1414,174
1415,2
1415,8
1415,114
1416,2
1416,22
1416,114
1416,215
1417,2
1417,66
1417,68
1418,34
1418,94
1418,184
1419,22
1419,114
1419,215
1420,19
1420,25
1420,132
1421,22
1421,114
1421,215
1422,18
1422,178
1422,193
1423,2
1423,18
1424,2
1424,10
1424,21
1425,2
1425,18
1426,32
1426,105
1426,144
1427,2
1427,18
1428,10
1428,12
1428,21
1429,2
1429,10
1429,12
1429,114
1430,6
1430,93
1430,94
1431,2
1431,35
1432,100
1432,495
1433,79
1433,168
1433,310
1434,6
1434,263
1435,6
1435,94
1435,263
1436,2
1436,12
1436,200
1437,2
1437,66
1437,463
1438,2
1438,12
1438,200
1439,21
1439,63
1440,21
1440,26
1440,131
1441,2
1441,31
1441,83
1442,155
1442,483
1443,2
1443,18
1444,2
1444,25
1444,114
1445,2
1445,25
1445,31
1446,2
1446,12
1446,66
1446,137
1447,2
1447,18
1447,84
1448,2
1448,12
1448,22
1448,68
1449,5
1449,21
1450,2
1450,276
1450,277
1451,2
1451,18
1452,4
1452,12
1452,497
1453,2
1453,9
1453,10
1454,21
1454,195
1455,2
1455,18
1455,84
1456,2
1456,152
1456,175
1456,176
1457,2
1457,19
1457,68
1458,18
1458,67
1459,2
1459,12
1459,66
1460,2
1460,18
1460,25
1461,8
1461,34
1461,275
1462,34
1462,275
1462,498
1463,32
1463,144
1464,2
1464,25
1465,2
1465,18
1465,84
1466,79
1466,460
1467,2
1467,11
1467,66
1468,73
1468,248
1468,499
1469,1
1469,2
1470,1
1470,2
1470,6
1471,36
1471,61
1471,310
1472,2
1472,66
1473,2
1473,26
1473,132
1474,2
1474,12
1474,19
1474,145
1475,56
1475,310
1475,500
1476,2
1476,151
1476,152
1477,2
1477,12
1477,25
1478,2
1478,10
1478,18
1479,57
1479,213
1480,2
1480,18
1481,34
1481,71
1481,263
1482,9
1482,77
1482,213
1483,19
1483,501
1483,502
1484,14
1484,26
1484,61
1484,75
1485,21
1485,76
1485,195
1486,2
1486,66
1486,68
1487,10
1487,38
1487,79
1488,76
1488,195
1488,503
1489,2
1489,18
1490,19
1490,147
1490,504
1491,2
1491,161
1492,2
1492,12
1492,274
1493,11
1493,193
1493,298
1494,11
1494,94
1494,174
1495,163
1495,505
1496,1
1496,79
1497,2
1497,32
1498,43
1498,142
1498,506
1499,135
1499,279
1499,455
1500,21
1500,38
1500,79
1501,14
1501,57
1502,11
1502,89
1502,387
1503,2
1503,11
1503,146
1504,2
1504,68
1504,151
1505,19
1505,507
1505,508
1506,34
1506,174
1506,195
1507,2
1507,21
1507,114
1508,2
1508,214
1508,345
1509,12
1509,18
1509,21
1510,2
1510,13
1510,66
1511,2
1511,18
1512,21
1512,163
1513,2
1513,11
1513,26
1514,94
1514,114
1514,509
1515,2
1515,18
1516,2
1516,49
1516,114
1517,5
1517,32
1517,66
1518,2
1518,8
1518,68
1518,146
1519,12
1519,53
1519,157
1520,2
1520,53
1520,68
1521,75
1521,313
1521,325
1522,1
1522,26
1522,75
1523,1
1523,79
1524,10
1524,75
1524,95
1524,122
1525,26
1525,29
1525,75
1525,313
1526,29
1526,79
1526,209
1527,61
1527,75
1527,119
1527,274
1528,75
1528,79
1528,234
1529,29
1529,75
1529,428
1530,79
1530,131
1530,510
1531,2
1531,12
1531,75
1531,191
1532,1
1532,2
1532,75
1533,8
1533,29
1533,75
1534,2
1534,12
1534,75
1535,2
1535,75
1535,96
1536,2
1536,66
1536,152
1537,2
1537,18
1537,194
1538,21
1538,63
1539,12
1539,25
1539,34
1540,2
1540,65
1540,66
1541,13
1541,19
1541,39
1542,1
1542,95
1542,199
1543,34
1543,195
1544,12
1544,21
1544,279
1544,447
1544,511
1545,2
1545,25
1545,114
1546,2
1546,18
1546,84
1547,2
1547,32
1547,66
1548,14
1548,217
1548,218
1548,219
1548,447
1549,2
1549,18
1550,21
1550,79
1551,1
1551,6
1551,512
1552,513
1552,514
1553,1
1553,2
1553,12
1554,79
1554,515
1554,516
1555,2
1555,12
1555,25
1556,2
1556,66
1556,68
1557,6
1557,21
1557,182
1558,2
1558,24
1558,346
1559,6
1559,19
1559,182
1560,2
1560,18
1560,152
1561,11
1561,278
1561,298
1562,21
1562,57
1563,2
1563,25
1563,152
1564,8
1564,39
1564,135
1565,2
1565,12
1565,25
1566,2
1566,151
1566,462
1567,2
1567,12
1567,86
1568,2
1568,5
1568,457
1569,2
1569,18
1570,2
1570,66
1571,2
1571,18
1571,84
1572,2
1572,66
1573,14
1573,65
1573,66
1574,2
1574,12
1574,161
1575,2
1575,12
1575,94
1576,2
1576,21
1576,114
1577,2
1577,18
1577,66
1578,34
1578,195
1579,8
1579,10
1579,135
1580,2
1580,182
1580,212
1581,18
1581,35
1581,517
1582,1
1582,79
1582,168
1583,2
1583,25
1583,518
1584,79
1584,94
1584,519
1585,2
1585,25
1585,117
1586,2
1586,26
1586,105
1587,2
1587,18
1587,35
1588,2
1588,520
1588,521
1589,21
1589,244
1589,313
1590,2
1590,105
1590,147
1591,2
1591,18
1591,157
1592,2
1592,18
1593,2
1593,66
1594,2
1594,25
1594,522
1595,34
1595,263
1596,2
1596,32
1596,66
1597,19
1597,22
1597,523
1598,65
1598,66
1598,137
1599,2
1599,4
1599,18
1600,12
1600,21
1600,524
1601,146
1601,525
1602,2
1602,4
1602,32
1603,2
1603,94
1603,526
1604,75
1604,79
1604,527
1605,2
1605,31
1605,83
1606,2
1606,12
1606,83
1607,43
1607,57
1608,15
1608,214
1609,34
1609,71
1609,174
1610,2
1610,4
1610,35
1611,26
1611,93
1611,94
1612,6
1612,8
1612,94
1613,34
1613,94
1613,174
1614,2
1614,35
1614,86
1615,2
1615,35
1616,2
1616,453
1617,2
1617,114
1618,2
1618,12
1618,66
1619,68
1619,94
1619,184
1620,12
1620,94
1620,181
1621,2
1621,18
1621,84
1622,10
1622,12
1622,68
1622,94
1623,34
1623,39
1623,54
1623,184
1624,12
1624,57
1624,94
1624,184
1625,21
1625,34
1626,12
1626,181
1626,195
1626,528
1627,12
1627,21
1627,55
1628,2
1628,175
1628,176
1628,361
1629,2
1629,66
1629,351
1630,8
1630,94
1630,171
1631,33
1631,39
1631,57
1632,1
1632,12
1632,40
1633,2
1633,12
1633,26
1634,2
1634,18
1635,2
1635,12
1635,113
1636,2
1636,18
1637,19
1637,93
1637,94
1638,2
1638,25
1638,114
1639,2
1639,25
1639,114
1640,2
1640,18
1640,21
1641,2
1641,18
1641,84
1642,12
1642,18
1642,86
1643,1
1643,74
1643,380
1644,1
1644,215
1644,483
1645,213
1645,529
1646,2
1646,151
1646,277
1647,2
1647,18
1648,1
1648,2
1648,43
1649,2
1649,12
1649,18
1649,530
1650,1
1650,2
1650,12
1651,2
1651,18
1651,178
1652,2
1652,25
1652,66
1653,65
1653,66
1653,137
1654,75
1654,105
1654,141
1655,2
1655,18
1656,2
1656,25
1656,152
1657,2
1657,15
1658,65
1658,66
1658,70
1659,21
1659,39
1659,181
1660,10
1660,114
1660,310
1661,2
1661,12
1661,25
1662,1
1662,2
1663,1
1663,6
1663,13
1664,10
1664,531
1664,532
1665,77
1665,189
1666,49
1666,68
1666,195
1667,34
1667,342
1667,533
1668,39
1668,534
1669,33
1669,34
1669,536
1670,1
1670,6
1670,13
1671,21
1671,342
1672,21
1672,34
1672,537
1673,65
1673,66
1673,75
1674,2
1674,13
1674,118
1675,2
1675,65
1675,66
1676,2
1676,12
1676,114
1677,2
1677,8
1677,105
1678,26
1678,33
1678,66
1679,21
1679,34
1679,73
1680,36
1680,155
1681,2
1681,66
1682,2
1682,13
1682,459
1683,54
1683,114
1683,455
1684,401
1684,538
1685,33
1685,34
1685,539
1686,12
1686,19
1686,235
1687,2
1687,34
1687,114
1688,2
1688,114
1688,253
1689,8
1689,29
1689,195
1689,341
1690,2
1690,34
1691,2
1691,114
1691,253
1692,1
1692,2
1692,8
1693,2
1693,66
1693,200
1694,2
1694,70
1695,14
1695,95
1695,186
1696,12
1696,66
1697,119
1697,120
1697,121
1697,122
1697,166
1697,486
1697,540
1698,114
1698,310
1698,355
1699,13
1699,57
1699,311
1700,2
1700,18
1701,2
1701,12
1701,18
1702,8
1702,40
1702,191
1703,49
1703,174
1704,49
1704,213
1704,541
1705,34
1705,195
1706,2
1706,18
1707,514
1707,542
1708,2
1708,18
1708,25
1709,2
1709,18
1709,84
1710,2
1710,83
1710,152
1711,2
1711,31
1711,83
1712,24
1712,174
1712,415
1713,37
1713,75
1713,79
1714,21
1714,150
1714,201
1715,10
1715,543
1716,21
1716,34
1717,2
1717,66
1717,86
1718,1
1718,2
1718,199
1719,2
1719,3
1719,4
1720,8
1720,21
1721,21
1721,342
1722,8
1722,415
1722,545
1723,4
1723,100
1723,546
1724,57
1724,547
1724,548
1725,21
1725,332
1726,2
1726,25
1727,21
1727,63
1728,8
1728,176
1728,341
1728,434
1729,21
1729,99
1730,5
1730,18
1731,1
1731,2
1731,99
1732,6
1732,8
1732,19
1733,57
1733,105
1734,10
1734,21
1735,1
1735,2
1735,12
1736,2
1736,114
1736,152
1737,25
1737,43
1737,122
1738,2
1738,84
1739,21
1739,63
1740,2
1740,18
1741,2
1741,66
1742,1
1742,26
1742,549
1743,21
1743,34
1744,2
1744,18
1744,550
1745,12
1745,68
1745,76
1746,21
1746,75
1746,79
1747,38
1747,249
1748,38
1748,249
1749,21
1749,499
1750,2
1750,19
1750,117
1751,2
1751,18
1751,84
1752,2
1752,35
1752,86
1753,2
1753,66
1754,2
1754,19
1755,2
1755,18
1756,19
1756,57
1756,551
1757,2
1757,114
1757,500
1758,2
1758,18
1759,2
1759,176
1759,276
1760,12
1760,21
1760,114
1761,2
1761,18
1762,2
1762,12
1762,25
1763,18
1763,66
1764,12
1764,18
1764,37
1765,2
1765,12
1765,554
1766,8
1766,170
1766,555
1767,34
1767,71
1767,174
1768,2
1768,277
1768,462
1769,21
1769,63
1770,13
1770,54
1770,397
1771,21
1771,105
1771,342
1772,76
1772,94
1772,392
1772,446
1773,49
1773,195
1773,345
1774,2
1774,4
1774,18
1775,2
1775,12
1775,86
1776,21
1776,63
1777,2
1777,25
1777,152
1778,2
1778,36
1778,56
1779,34
1779,195
1780,57
1780,105
1781,2
1781,31
1781,83
1782,26
1782,75
1782,263
1783,2
1783,21
1783,35
1784,2
1784,18
1785,2
1785,114
1785,152
1786,2
1786,12
1786,25
1787,2
1787,83
1787,114
1788,26
1788,39
1788,75
1789,10
1789,21
1789,26
1790,14
1790,22
1790,169
1791,2
1791,5
1791,86
1792,71
1792,383
1792,558
1793,2
1793,18
1794,2
1794,18
1795,2
1795,12
1795,57
1796,2
1796,8
1796,113
1797,6
1797,65
1797,66
1798,8
1798,95
1798,452
1799,10
1799,57
1799,94
1800,21
1800,57
1801,21
1801,34
1802,2
1802,25
1802,114
1803,66
1803,75
1803,335
1804,34
1804,35
1804,157
1805,46
1805,49
1806,46
1806,376
1806,559
1807,2
1807,18
1808,1
1808,9
1808,462
1809,6
1809,14
1809,94
1810,14
1810,57
1810,94
1811,61
1811,75
1811,560
1812,61
1812,76
1812,561
1813,2
1813,127
1813,199
1814,2
1814,12
1814,25
1815,2
1815,19
1816,2
1816,19
1816,109
1817,6
1817,13
1817,39
1818,10
1818,26
1819,34
1819,195
1820,2
1820,3
1820,18
1821,2
1821,38
1821,562
1822,1
1822,95
1822,132
1823,21
1823,63
1824,2
1824,12
1824,113
1825,1
1825,26
1825,95
1826,2
1826,18
1826,193
1827,1
1827,26
1827,379
1828,2
1828,8
1828,32
1829,2
1829,12
1829,18
1830,33
1830,74
1831,1
1831,33
1831,74
1832,21
1832,332
1833,2
1833,66
1834,2
1834,25
1834,31
1835,1
1835,75
1835,79
1836,1
1836,49
1837,1
1837,2
1837,191
1838,2
1838,18
1839,2
1839,42
1839,199
1839,253
1840,2
1840,12
1840,212
1841,26
1841,372
1841,379
1842,63
1842,191
1842,563
1843,1
1843,79
1844,2
1844,12
1844,56
1845,6
1845,68
1845,94
1846,8
1846,10
1846,174
1847,21
1847,57
1848,21
1848,57
1848,342
1849,2
1849,25
1850,2
1850,18
1851,2
1851,66
1851,75
1852,2
1852,25
1852,31
1853,2
1853,18
1853,157
1854,21
1854,342
1855,2
1855,8
1855,235
1856,19
1856,57
1856,342
1857,8
1857,66
1857,389
1857,564
1858,2
1858,18
1859,19
1859,49
1859,143
1860,2
1860,18
1861,2
1861,18
1861,84
1862,2
1862,26
1862,152
1863,2
1863,39
1863,141
1864,2
1864,25
1864,152
1865,21
1865,73
1865,157
1866,76
1866,94
1866,138
1866,565
1867,65
1867,66
1867,137
1868,2
1868,161
1869,57
1869,95
1869,132
1870,2
1870,66
1870,75
1871,1
1871,2
1871,132
1872,2
1872,25
1872,152
1873,2
1873,75
1873,200
1874,25
1874,34
1874,75
1874,263
1875,2
1875,25
1875,31
1876,2
1876,12
1876,21
1877,12
1877,68
1877,75
1878,2
1878,82
1878,337
1879,34
1879,49
1880,75
1880,79
1880,96
1881,2
1881,18
1882,2
1882,18
1883,1
1883,2
1883,21
1884,2
1884,4
1884,100
1885,2
1885,92
1886,2
1886,100
1887,6
1887,21
1888,6
1888,12
1888,18
1889,2
1889,105
1890,75
1890,290
1890,313
1891,2
1891,12
1891,25
1892,2
1892,12
1892,86
1893,2
1893,18
1894,19
1894,49
1894,147
1895,19
1895,191
1895,566
1896,2
1896,19
1897,2
1897,567
1897,568
1897,569
1898,2
1898,86
1898,92
1899,56
1899,73
1899,228
1900,2
1900,86
1900,318
1901,2
1901,86
1901,100
1902,1
1902,75
1902,570
1903,2
1903,43
1903,67
1904,56
1904,75
1904,78
1905,2
1905,66
1905,462
1906,57
1906,213
1907,2
1907,4
1907,18
1908,2
1908,18
1909,2
1909,18
1909,35
1910,2
1910,18
1910,35
1911,2
1911,175
1911,277
1912,2
1912,12
1912,75
1913,2
1913,12
1913,75
1914,21
1914,63
1915,21
1915,63
1916,37
1916,572
1917,34
1917,263
1918,61
1918,76
1919,1
1919,2
1919,12
1920,21
1920,61
1920,76
1921,21
1921,573
1922,2
1922,18
1922,574
1923,2
1923,57
1923,114
1924,1
1924,2
1924,14
1925,2
1925,95
1925,114
1926,21
1926,140
1927,2
1927,18
1927,84
1928,1
1928,2
1928,100
1929,1
1929,69
1929,95
1930,2
1930,92
1931,1
1931,2
1931,100
1932,2
1932,100
1933,2
1933,4
1933,100
1934,2
1934,8
1934,25
1934,114
1935,2
1935,18
1935,39
1936,1
1936,14
1936,95
1937,76
1937,79
1938,18
1938,34
1938,576
1939,119
1939,120
1939,322
1939,426
1939,577
1940,8
1940,66
1940,68
1941,173
1941,223
1941,578
1942,12
1942,21
1942,63
1943,2
1943,25
1943,114
1944,21
1944,435
1944,495
1945,73
1945,101
1945,202
1946,32
1946,466
1946,579
1947,10
1947,138
1947,543
1948,1
1948,10
1948,146
1949,65
1949,66
1949,75
1950,34
1950,114
1950,424
1951,37
1951,79
1951,580
1952,2
1952,66
1953,39
1953,75
1953,399
1954,2
1954,114
1954,146
1955,19
1955,581
1955,582
1956,65
1956,66
1956,259
1957,2
1957,25
1958,34
1958,413
1959,1
1959,2
1959,26
1960,26
1960,74
1961,2
1961,8
1961,66
1962,1
1962,2
1962,26
1963,8
1963,10
1963,174
1964,18
1964,29
1964,173
1964,583
1965,1
1965,8
1965,57
1966,2
1966,66
1966,137
1967,1
1967,6
1967,8
1968,2
1968,49
1968,126
1969,2
1969,25
1969,114
1970,1
1970,8
1970,174
1971,2
1971,49
1971,65
1972,8
1972,19
1972,65
1973,9
1973,10
1973,584
1974,2
1974,66
1975,19
1975,41
1975,66
1976,8
1976,21
1976,585
1977,4
1977,443
1977,574
1978,2
1978,66
1979,2
1979,18
1979,380
1980,2
1980,12
1980,18
1981,2
1981,18
1982,2
1982,12
1982,18
1982,586
1983,18
1983,57
1983,114
1984,587
1984,588
1984,589
1985,1
1985,39
1985,57
1986,1
1986,57
1987,49
1987,213
1987,590
1988,1
1988,2
1988,245
1989,19
1989,43
1989,485
1990,21
1990,485
1990,591
1991,13
1991,39
1991,57
1992,2
1992,142
1992,298
1993,65
1993,66
1993,137
1994,21
1994,79
1995,2
1995,12
1995,66
1996,50
1996,56
1996,94
1997,1
1997,2
1997,12
1998,6
1998,299
1998,382
1999,1
1999,25
1999,42
1999,199
2000,2
2000,25
2001,73
2001,248
2002,592
2002,593
2002,594
2003,2
2003,26
2003,440
2004,2
2004,43
2004,66
2005,57
2005,94
2006,57
2006,94
2006,548
2007,2
2007,18
2008,33
2008,49
2008,57
2009,26
2009,71
2009,595
2010,2
2010,66
2011,26
2011,71
2011,595
2012,93
2012,94
2012,596
2013,1
2013,2
2013,14
2014,6
2014,93
2014,94
2015,93
2015,94
2015,596
2016,2
2016,18
2016,576
2017,2
2017,18
2018,2
2018,18
2018,34
2019,57
2019,100
2020,2
2020,8
2020,152
2021,1
2021,2
2021,114
2022,119
2022,122
2022,264
2022,514
2023,14
2023,57
2023,597
2024,57
2024,598
2024,599
2025,2
2025,21
2026,2
2026,18
2027,2
2027,175
2027,277
2028,2
2028,25
2029,2
2029,151
2029,152
2030,1
2030,2
2030,66
2031,21
2031,63
2032,2
2032,18
2032,84
2033,2
2033,18
2033,35
2034,73
2034,600
2035,39
2035,305
2036,2
2036,5
2037,2
2037,14
2037,22
2038,2
2038,66
2038,151
2039,2
2039,32
2040,2
2040,21
2041,2
2041,152
2041,277
2042,2
2042,12
2042,83
2043,2
2043,25
2043,152
2044,2
2044,12
2044,420
2045,2
2045,18
2046,2
2046,25
2046,31
2047,2
2047,25
2047,114
2048,525
2048,601
2049,74
2049,94
2050,21
2050,75
2050,313
2051,18
2051,602
2052,1
2052,2
2052,25
2053,21
2053,237
2054,94
2054,603
2055,2
2055,114
2055,462
2056,2
2056,66
2057,2
2057,5
2058,2
2058,19
2059,2
2059,35
2060,2
2060,276
2060,277
2061,5
2061,6
2061,86
2062,373
2062,420
2062,604
2063,2
2063,18
2063,605
2064,1
2064,2
2065,18
2065,174
2066,14
2066,57
2067,10
2067,40
2067,199
2068,2
2068,12
2068,26
2069,1
2069,39
2069,57
2070,57
2070,607
2070,608
2071,34
2071,71
2071,94
2072,34
2072,71
2072,195
2073,2
2073,276
2073,277
2074,89
2074,214
2075,2
2075,25
2075,34
2076,2
2076,25
2077,33
2077,34
2077,342
2078,1
2078,57
2078,131
2078,191
2079,2
2079,18
2080,10
2080,109
2080,119
2080,121
2080,486
2081,66
2081,335
2081,389
2082,2
2082,25
2082,114
2083,10
2083,105
2084,2
2084,66
2085,2
2085,18
2085,84
2086,2
2086,32
2087,2
2087,18
2087,22
2088,2
2088,18
2088,84
2089,8
2089,76
2089,79
2090,2
2090,43
2090,66
2091,2
2091,57
2091,100
2092,2
2092,609
2093,93
2093,94
2093,610
2094,65
2094,66
2094,137
2095,2
2095,26
2095,379
2096,2
2096,66
2097,19
2097,163
2097,611
2098,2
2098,18
2098,173
2099,8
2099,21
2099,61
2100,2
2100,18
2101,2
2101,25
2101,152
2102,65
2102,66
2102,612
2103,2
2103,12
2103,157
2103,173
2104,2
2104,18
2105,2
2105,25
2105,31
2106,8
2106,613
2107,21
2107,68
2107,435
2108,2
2108,12
2108,21
2109,2
2109,12
2110,10
2110,29
2110,138
2111,2
2111,114
2111,253
2112,21
2112,344
2112,513
2113,2
2113,25
2113,31
2114,61
2114,614
2115,1
2115,12
2115,34
2116,2
2116,12
2116,585
2117,95
2117,610
2117,615
2118,10
2118,21
2118,25
2119,39
2119,57
2119,159
2120,10
2120,21
2121,2
2121,12
2121,128
2122,10
2122,21
2123,18
2123,84
2124,2
2124,18
2125,393
2125,616
2125,617
2126,66
2126,373
2127,2
2127,273
2128,2
2128,31
2128,114
2129,1
2129,2
2130,2
2130,18
2130,84
2131,2
2131,54
2131,148
2132,119
2132,612
2132,618
2132,619
2133,57
2133,131
2133,191
2134,2
2134,5
2135,12
2135,217
2135,218
2136,620
2136,621
2136,622
2137,10
2137,21
2137,63
2138,2
2138,18
2138,84
2139,2
2139,18
2139,19
2140,21
2140,143
2141,2
2141,8
2141,456
2142,2
2142,18
2142,25
2143,2
2143,25
2143,114
2144,25
2144,114
2145,2
2145,25
2145,114
2146,34
2146,71
2146,174
2147,2
2147,12
2147,193
2147,585
2148,2
2148,25
2148,31
2149,21
2149,73
2150,12
2150,21
2151,2
2151,276
2151,277
2152,10
2152,21
2152,623
2153,213
2153,475
2154,49
2154,213
2154,590
2155,49
2155,79
2156,49
2156,213
2157,2
2157,12
2157,18
2157,193
2158,59
2158,259
2158,624
2159,57
2159,159
2159,259
2160,24
2160,40
2160,274
2160,625
2161,39
2161,135
2162,2
2162,8
2162,21
2163,2
2163,259
2163,624
2164,2
2164,4
2164,18
2165,1
2165,2
2165,12
2165,159
2166,18
2166,34
2167,2
2167,13
2167,15
2168,2
2168,12
2168,152
2169,2
2169,105
2169,140
2170,14
2170,57
2171,2
2171,65
2171,105
2172,49
2172,213
2172,590
2173,10
2173,117
2173,119
2173,121
2173,426
2173,486
2174,1
2174,434
2174,549
2175,2
2175,10
2175,18
2176,67
2176,627
2177,1
2177,6
2177,128
2178,2
2178,66
2179,12
2179,18
2179,22
2180,2
2180,12
2180,25
2181,1
2181,6
2181,68
2182,1
2182,2
2182,49
2183,79
2183,310
2183,628
2184,18
2184,26
2184,96
2185,2
2185,21
2185,66
2186,2
2186,21
2187,49
2187,213
2187,590
2188,2
2188,8
2188,151
2189,2
2189,4
2189,92
2190,4
2190,5
2190,92
2191,49
2191,213
2191,590
2192,387
2192,389
2192,427
2193,96
2193,350
2193,351
2194,2
2194,31
2194,114
2195,2
2195,18
2196,2
2196,12
2196,150
2197,1
2197,79
2198,2
2198,66
2198,68
2199,2
2199,381
2199,629
2200,2
2200,6
2200,26
2200,86
2201,2
2201,5
2201,26
2202,43
2202,66
2202,630
2203,2
2203,10
2203,144
2204,38
2204,79
2204,89
2205,2
2205,66
2205,457
2206,2
2206,18
2206,178
2207,2
2207,19
2207,631
2208,2
2208,25
2208,273
2209,1
2209,8
2209,95
2210,2
2210,25
2210,114
2211,25
2211,114
2212,2
2212,25
2212,114
2213,2
2213,18
2213,194
2214,2
2214,25
2214,114
2215,2
2215,25
2215,114
2216,1
2216,380
2216,632
2217,46
2217,392
2218,2
2218,18
2218,66
2219,24
2219,40
2220,2
2220,18
2221,25
2221,95
2221,132
2222,1
2222,2
2222,114
2223,14
2223,380
2223,633
2224,1
2224,2
2224,132
2225,2
2225,66
2225,151
2226,2
2226,4
2226,132
2227,1
2227,2
2227,634
2228,2
2228,18
2228,21
2229,2
2229,25
2229,147
2230,21
2230,38
2231,2
2231,18
2232,19
2232,49
2232,635
2233,2
2233,18
2234,2
2234,18
2234,194
2235,34
2235,71
2235,195
2236,1
2236,14
2236,57
2237,2
2237,12
2237,19
2238,2
2238,18
2239,2
2239,31
2239,114
2240,2
2240,25
2241,2
2241,66
2242,2
2242,12
2242,26
2243,34
2243,195
2243,636
2244,2
2244,175
2244,277
2245,2
2245,21
2245,65
2246,2
2246,14
2247,2
2247,66
2247,68
2248,21
2248,65
2249,12
2249,142
2249,637
2250,2
2250,114
2250,182
2251,2
2251,18
2251,34
2252,21
2252,79
2253,2
2253,18
2253,84
2254,1
2254,2
2254,21
2255,2
2255,176
2255,276
2256,57
2256,462
2256,607
2257,2
2257,15
2257,114
2258,2
2258,25
2258,66
2259,2
2259,25
2259,142
2260,10
2260,21
2260,638
2261,2
2261,35
2261,114
2262,13
2262,39
2263,2
2263,18
2264,2
2264,34
2264,81
2265,21
2265,63
2266,19
2266,55
2266,639
2267,2
2267,32
2267,142
2268,2
2268,18
2269,29
2269,75
2269,640
2270,34
2270,263
2271,34
2271,263
2272,2
2272,18
2273,22
2273,75
2273,641
2274,2
2274,18
2275,2
2275,12
2275,18
2275,193
2276,2
2276,18
2277,12
2277,18
2277,193
2278,2
2278,25
2278,66
2279,2
2279,18
2280,2
2280,18
2280,193
2281,34
2282,34
2282,71
2282,642
2282,643
2283,34
2283,71
2283,642
2284,34
2284,71
2284,195
2285,2
2285,66
2286,2
2286,176
2286,276
2287,2
2287,175
2287,277
2288,2
2288,18
2289,2
2289,12
2289,18
2289,193
2290,2
2290,25
2290,114
2291,41
2291,644
2292,223
2292,299
2292,645
2293,1
2293,2
2293,21
2294,10
2294,21
2295,2
2295,100
2296,2
2296,26
2296,92
2297,2
2297,66
2297,152
2298,18
2298,21
2299,2
2299,18
2300,2
2300,32
2300,66
2301,2
2301,12
2301,96
2302,2
2302,32
2303,4
2303,92
2304,1
2304,2
2304,92
2305,12
2305,19
2306,2
2306,19
2306,43
2307,2
2307,18
2308,2
2308,18
2308,66
2309,8
2309,94
2309,174
2310,2
2310,12
2310,25
2311,2
2311,19
2311,68
2312,68
2312,146
2312,646
2313,8
2313,129
2313,452
2314,117
2314,119
2314,362
2314,426
2315,2
2315,117
2316,12
2316,34
2316,67
2317,2
2317,12
2317,26
2318,21
2318,313
2318,328
2319,2
2319,12
2319,25
2320,6
2320,39
2320,66
2321,2
2321,18
2321,105
2322,2
2322,5
2322,18
2323,2
2323,18
2324,2
2324,66
2325,2
2325,4
2325,5
2326,2
2326,31
2326,114
2327,1
2327,2
2327,12
2328,1
2328,40
2328,99
2329,2
2329,18
2330,2
2330,175
2330,277
2331,12
2331,66
2332,76
2332,186
2332,649
2333,2
2333,12
2333,18
2334,2
2334,18
2334,86
2335,2
2335,11
2335,66
2336,2
2336,65
2336,66
2337,34
2337,71
2337,174
2338,2
2338,18
2338,66
2339,2
2339,18
2340,56
2340,73
2340,79
2341,2
2341,19
2341,75
2342,34
2342,71
2342,174
2343,2
2343,151
2343,152
2344,34
2344,174
2345,34
2345,174
2345,650
2346,2
2346,18
2347,79
2347,651
2348,1
2348,39
2348,79
2349,1
2349,76
2350,2
2350,18
2351,2
2351,18
2352,2
2352,6
2352,19
2353,105
2353,214
2354,1
2354,2
2354,76
2355,2
2355,66
2355,79
2356,4
2356,12
2356,68
2357,2
2357,152
2357,276
2358,2
2358,25
2358,280
2359,12
2359,71
2359,263
2360,57
2360,79
2360,141
2361,11
2361,66
2361,287
2362,21
2362,38
2363,2
2363,19
2363,66
2364,57
2364,652
2365,2
2365,42
2365,151
2366,1
2366,2
2366,113
2367,2
2367,18
2368,2
2368,18
2369,2
2369,25
2370,2
2370,18
2371,39
2371,57
2372,39
2372,57
2373,39
2373,57
2373,119
2374,25
2374,49
2375,59
2375,79
2375,96
2376,12
2376,193
2376,397
2377,20
2377,40
2377,129
2378,34
2379,1
2379,146
2379,274
2380,2
2380,114
2381,34
2381,55
2381,174
2382,34
2382,71
2383,2
2383,26
2383,86
2384,34
2384,71
2384,174
2385,6
2385,93
2385,94
2386,34
2386,174
2387,34
2387,253
2387,263
2388,1
2388,34
2388,174
2389,1
2389,2
2389,57
2390,34
2390,55
2390,174
2391,2
2391,18
2392,21
2392,168
2393,14
2393,57
2394,39
2394,57
2395,2
2395,66
2395,75
2396,2
2396,12
2396,105
2397,1
2397,2
2397,105
2398,12
2398,25
2398,79
2399,79
2399,324
2400,43
2400,301
2400,653
2401,2
2401,11
2401,66
2402,13
2402,39
2402,57
2403,2
2403,68
2404,2
2404,12
2404,25
2405,1
2405,2
2405,18
2406,2
2406,18
2406,84
2407,1
2407,61
2407,122
2408,2
2408,12
2408,177
2409,2
2409,127
2409,199
2410,119
2410,120
2410,146
2410,274
2411,132
2411,401
2411,654
2412,1
2412,26
2412,95
2413,18
2413,32
2413,655
2414,1
2414,8
2414,212
2415,2
2415,66
2415,68
2416,2
2416,34
2417,2
2417,100
2418,189
2418,195
2419,2
2419,18
2419,656
2420,2
2420,114
2420,310
2421,2
2421,66
2421,75
2422,2
2422,114
2422,310
2423,2
2423,8
2423,114
2424,2
2424,276
2424,277
2425,6
2425,11
2425,19
2426,59
2426,304
2426,305
2427,8
2427,57
2427,114
2428,12
2428,49
2428,397
2428,536
2429,2
2429,32
2430,2
2430,18
2431,79
2431,298
2432,2
2432,12
2432,26
2433,40
2433,657
2433,658
2434,64
2434,659
2434,660
2435,22
2435,270
2435,562
2436,2
2436,12
2436,18
2437,2
2437,18
2437,84
2438,12
2438,18
2438,75
2439,2
2439,114
2440,12
2440,19
2440,217
2440,661
2441,2
2441,25
2441,114
2442,2
2442,18
2442,193
2443,66
2443,137
2443,265
2444,2
2444,276
2444,277
2445,12
2445,40
2445,195
2446,79
2446,114
2447,2
2447,57
2447,304
2448,36
2448,79
2448,96
2449,8
2449,96
2449,662
2450,2
2450,12
2450,18
2451,1
2451,10
2451,663
2452,57
2452,69
2452,105
2453,12
2453,18
2453,108
2454,1
2454,2
2454,12
2455,18
2455,35
2456,18
2456,29
2456,153
2457,2
2457,32
2457,183
2458,1
2458,2
2458,79
2459,21
2459,73
2460,12
2460,29
2460,447
2461,2
2461,6
2461,12
2462,2
2462,12
2462,18
2463,2
2463,19
2463,117
2464,2
2464,12
2464,21
2465,75
2465,263
2465,664
2466,8
2466,21
2467,21
2467,173
2467,178
2468,2
2468,18
2468,19
2469,1
2469,2
2469,12
2470,2
2470,105
2470,258
2471,8
2471,21
2471,213
2472,2
2472,8
2473,12
2473,18
2473,25
2474,2
2474,66
2474,163
2475,18
2475,19
2475,182
2476,2
2476,66
2476,456
2477,1
2477,10
2478,2
2478,12
2478,25
2479,19
2479,69
2479,147
2480,2
2480,18
2481,2
2481,12
2481,25
2482,2
2482,25
2482,113
2483,22
2483,79
2484,2
2484,12
2484,154
2485,2
2485,56
2486,2
2486,18
2486,35
2487,2
2487,66
2488,1
2488,20
2489,2
2489,8
2489,96
2490,14
2490,22
2490,141
2491,100
2491,633
2491,665
2492,8
2492,14
2492,57
2493,2
2493,4
2493,493
2494,2
2494,66
2494,70
2495,21
2495,166
2495,250
2496,20
2496,68
2496,74
2497,20
2497,21
2498,62
2498,65
2498,66
2499,2
2499,25
2500,65
2500,66
2501,129
2501,213
2501,279
2502,2
2502,276
2502,666
2503,3
2503,21
2503,524
2504,19
2504,39
2504,57
2504,203
2505,2
2505,12
2505,25
2506,1
2506,42
2506,199
2507,79
2507,114
2508,34
2508,174
2508,667
2509,2
2509,12
2509,25
2510,2
2510,18
2510,145
2511,21
2511,75
2512,21
2512,34
2512,263
2513,2
2513,66
2514,2
2514,18
2514,84
2515,1
2515,26
2515,549
2516,2
2516,175
2516,176
2517,19
2517,147
2517,177
2518,2
2518,18
2519,39
2519,57
2519,95
2520,2
2520,18
2520,84
2521,2
2521,25
2521,152
2522,2
2522,182
2523,2
2523,12
2523,25
2524,2
2524,18
2524,25
2525,25
2525,64
2525,182
2526,2
2526,18
2527,4
2527,25
2527,29
2528,25
2528,64
2528,182
2529,2
2529,25
2529,67
2530,25
2530,64
2530,304
2531,2
2531,4
2531,416
2532,2
2532,25
2532,182
2533,2
2533,3
2533,4
2534,213
2534,518
2534,668
2535,25
2535,40
2535,99
2536,6
2536,10
2536,21
2537,2
2537,12
2537,25
2537,29
2538,4
2538,78
2538,182
2539,57
2539,96
2540,2
2540,12
2540,25
2540,381
2541,2
2541,18
2542,2
2542,25
2543,2
2543,66
2543,142
2544,2
2544,18
2544,66
2545,32
2545,466
2546,19
2546,140
2547,14
2547,21
2548,10
2548,21
2549,2
2549,4
2549,35
2550,2
2550,12
2550,25
2551,14
2551,669
2551,670
2552,2
2552,12
2552,193
2553,2
2553,18
2553,67
2554,2
2554,18
2555,1
2555,12
2555,25
2556,2
2556,100
2557,1
2557,95
2557,109
2558,2
2558,276
2558,277
2559,1
2559,99
2559,113
2560,2
2560,18
2561,2
2561,12
2561,25
2562,2
2562,21
2563,4
2563,78
2563,182
2564,2
2564,12
2565,2
2565,12
2565,18
2566,10
2566,65
2566,66
2567,2
2567,12
2567,105
2568,2
2568,12
2568,157
2569,2
2569,12
2569,18
2570,2
2570,18
2571,57
2571,100
2571,105
2572,92
2572,105
2573,12
2573,25
2573,270
2574,2
2574,12
2574,96
2575,3
2575,4
2575,10
2576,21
2576,75
2576,263
2576,638
2577,2
2577,12
2577,18
2578,14
2578,22
2578,669
2579,1
2579,8
2579,10
2580,14
2580,217
2580,218
2580,219
2580,661
2581,14
2581,669
2581,670
2582,2
2582,18
2582,416
2583,2
2583,18
2583,25
2584,2
2584,12
2584,21
2585,9
2585,10
2585,12
2586,21
2586,94
2586,182
2587,2
2587,18
2588,2
2588,4
2588,18
2589,2
2589,12
2589,25
2590,2
2590,114
2591,1
2591,2
2591,34
2592,1
2592,2
2592,26
2593,25
2593,82
2593,325
2594,2
2594,25
2594,31
2595,21
2595,114
2596,2
2596,66
2596,68
2597,14
2597,22
2597,606
2598,21
2598,89
2599,2
2599,12
2599,22
2600,2
2600,12
2600,86
2601,2
2601,12
2601,107
2602,21
2602,57
2602,81
2603,2
2603,11
2603,25
2604,34
2604,71
2604,401
2605,2
2605,12
2605,154
2606,12
2606,25
2606,95
2607,2
2607,66
2607,68
2608,75
2608,100
2608,313
2609,2
2609,114
2609,643
2610,63
2610,75
2611,2
2611,18
2612,2
2612,66
2613,66
2613,76
2614,21
2614,76
2615,2
2615,25
2616,8
2616,32
2616,144
2617,671
2617,672
2618,34
2618,174
2619,29
2619,34
2619,195
2620,68
2620,93
2620,94
2621,34
2621,263
2621,673
2622,2
2622,12
2622,273
2623,10
2623,25
2623,114
2624,2
2624,18
2624,147
2625,2
2625,19
2625,26
2625,199
2626,34
2626,40
2626,68
2626,674
2627,13
2627,49
2627,95
2628,2
2628,5
2628,86
2629,2
2629,18
2629,84
2630,2
2630,12
2630,114
2631,166
2631,196
2632,34
2632,66
2632,174
2633,2
2633,21
2633,35
2634,21
2634,76
2634,596
2635,34
2635,299
2635,675
2636,21
2636,63
2636,76
2637,2
2637,127
2637,199
2638,34
2638,455
2638,674
2639,46
2639,81
2639,275
2640,2
2640,43
2640,66
2641,21
2641,313
2641,332
2642,10
2642,19
2642,75
2643,2
2643,12
2643,32
2644,15
2644,114
2645,2
2645,12
2645,21
2646,2
2646,25
2647,34
2647,676
2648,2
2648,78
2648,132
2648,280
2649,117
2649,677
2649,678
2650,10
2650,68
2650,75
2651,21
2651,332
2651,679
2652,96
2652,115
2652,181
2653,2
2653,122
2654,29
2654,39
2654,94
2655,2
2655,25
2655,152
2656,2
2656,12
2656,25
2657,2
2657,25
2657,114
2658,2
2658,18
2658,84
2659,6
2659,26
2659,94
2660,26
2660,79
2660,460
2661,4
2661,13
2661,35
2662,14
2662,57
2663,40
2663,69
2663,79
2663,434
2664,2
2664,12
2664,21
2665,2
2665,18
2665,84
2666,2
2666,25
2666,114
2667,2
2667,18
2667,25
2668,11
2668,32
2668,142
2669,2
2669,105
2669,259
2670,2
2670,66
2670,68
2671,1
2671,2
2671,12
2672,14
2672,348
2672,680
2673,2
2673,152
2673,681
2674,14
2674,57
2675,119
2675,120
2675,121
2675,122
2675,323
2675,426
2676,21
2676,682
2677,11
2677,142
2677,298
2678,2
2678,86
2678,152
2679,13
2679,14
2679,21
2680,2
2680,12
2681,2
2681,12
2681,105
2682,21
2682,140
2683,11
2683,144
2683,387
2684,2
2684,18
2685,2
2685,3
2685,4
2686,1
2686,2
2686,26
2687,2
2687,34
2687,401
2688,1
2688,2
2688,12
2689,8
2689,99
2689,191
2690,2
2690,92
2691,1
2691,2
2691,157
2692,12
2692,21
2692,89
2693,75
2693,79
2693,683
2694,14
2694,94
2694,122
2695,2
2695,25
2695,31
2696,34
2696,40
2696,195
2697,26
2697,92
2697,105
2697,282
2698,71
2698,263
2698,275
2699,19
2699,29
2700,2
2700,57
2701,15
2701,75
2701,96
2702,39
2702,95
2702,152
2703,2
2703,86
2704,19
2704,140
2704,147
2705,65
2705,66
2705,459
2706,1
2706,2
2706,12
2707,21
2707,99
2708,2
2708,12
2708,66
2709,10
2709,21
2710,2
2710,12
2710,103
2710,282
2711,2
2711,12
2711,18
2712,2
2712,25
2712,114
2713,2
2713,21
2713,35
2714,14
2714,57
2715,2
2715,4
2715,66
2716,14
2716,29
2716,217
2716,252
2717,2
2717,39
2717,75
2718,75
2718,263
2718,275
2719,2
2719,18
2719,105
2720,65
2720,66
2720,275
2721,2
2721,5
2721,18
2722,1
2722,119
2722,120
2722,140
2723,2
2723,32
2723,684
2724,73
2724,248
2725,1
2725,6
2725,74
2726,18
2726,43
2726,193
2727,2
2727,201
2727,280
2728,2
2728,92
2729,21
2729,75
2729,282
2730,39
2730,57
2731,14
2731,57
2732,1
2732,12
2732,132
2733,1
2733,2
2733,12
2734,2
2734,12
2734,235
2735,2
2735,18
2736,75
2736,686
2736,687
2737,21
2737,49
2737,688
2738,2
2738,31
2738,83
2739,2
2739,65
2739,66
2740,2
2740,18
2740,25
2741,119
2741,120
2741,121
2742,21
2742,52
2743,21
2743,22
2743,244
2744,2
2744,18
2745,2
2745,12
2745,690
2746,52
2746,54
2746,691
2747,2
2747,66
2748,39
2748,57
2749,2
2749,152
2749,277
2750,8
2750,19
2750,146
2751,2
2751,21
2751,524
2752,75
2752,79
2752,692
2753,6
2753,8
2753,94
2754,2
2754,12
2754,693
2755,2
2755,18
2755,105
2756,2
2756,18
2756,84
2757,13
2757,39
2757,57
2758,2
2758,183
2759,14
2759,57
2760,2
2760,12
2760,18
2761,2
2761,18
2762,2
2762,12
2762,26
2763,2
2763,25
2763,273
2764,2
2764,4
2764,133
2765,2
2765,18
2765,258
2766,2
2766,12
2766,146
2767,8
2767,38
2767,96
2768,8
2768,52
2768,146
2769,79
2769,460
2770,2
2770,12
2770,19
2771,2
2771,19
2771,49
2772,1
2772,2
2772,99
2773,2
2773,12
2774,6
2774,14
2774,57
2775,10
2775,21
2775,96
2776,2
2776,18
2776,157
2777,2
2777,18
2777,258
2778,65
2778,66
2778,137
2779,2
2779,26
2779,27
2780,2
2780,25
2780,152
2781,8
2781,113
2781,114
2782,10
2782,114
2782,310
2783,19
2783,43
2783,49
2784,49
2784,52
2784,54
2785,2
2785,35
2785,38
2786,14
2786,105
2787,21
2787,76
2787,694
2788,34
2788,71
2788,174
2789,2
2789,12
2789,25
2790,24
2790,40
2791,1
2791,131
2791,196
2792,2
2792,66
2792,68
2793,2
2793,18
2793,145
2794,34
2794,141
2794,195
2795,2
2795,12
2795,25
2796,14
2796,51
2796,385
2797,2
2797,12
2797,154
2798,1
2798,6
2798,33
2798,69
2799,34
2799,71
2799,174
2800,71
2800,94
2800,174
2801,34
2801,63
2802,2
2802,18
2803,1
2803,2
2803,35
2804,21
2804,412
2805,2
2805,18
2806,95
2806,96
2807,8
2807,39
2807,40
2808,2
2808,18
2809,2
2809,18
2810,1
2810,10
2810,113
2811,2
2811,12
2811,18
2812,2
2812,25
2812,31
2813,2
2813,35
2813,183
2814,2
2814,12
2814,18
2815,2
2815,19
2815,140
2816,1
2816,8
2816,114
2817,12
2817,18
2817,193
2818,2
2818,25
2818,132
2819,21
2819,35
2820,21
2820,35
2821,1
2821,2
2821,10
2822,64
2822,695
2822,696
2823,26
2823,263
2824,2
2824,18
2824,19
2825,5
2825,38
2825,697
2826,5
2826,38
2826,697
2827,29
2827,75
2827,274
2828,5
2828,38
2828,697
2829,38
2829,73
2829,697
2830,36
2830,73
2830,251
2831,2
2831,12
2831,152
2832,19
2832,63
2833,34
2833,174
2833,195
2834,114
2834,405
2835,18
2835,34
2836,21
2836,63
2837,8
2837,36
2837,399
2838,1
2838,6
2838,94
2839,2
2839,25
2839,31
2840,2
2840,152
2840,276
2841,34
2841,174
2842,2
2842,25
2842,31
2843,2
2843,66
2843,68
2844,1
2844,2
2844,12
2845,29
2845,39
2845,40
2846,2
2846,25
2846,31
2847,6
2847,8
2847,313
2848,2
2848,25
2848,31
2849,34
2849,71
2849,195
2850,2
2850,25
2850,31
2851,1
2851,24
2851,79
2852,2
2852,18
2853,3
2853,79
2854,10
2854,119
2854,120
2854,485
2855,2
2855,32
2856,2
2856,32
2856,66
2857,2
2857,26
2857,75
2858,10
2858,19
2858,140
2859,2
2859,18
2860,2
2860,8
2860,114
2861,2
2861,18
2862,10
2862,18
2862,193
2863,2
2863,10
2863,18
2864,119
2864,120
2864,122
2864,322
2864,362
2864,698
2865,2
2865,76
2866,2
2866,4
2866,12
2867,2
2867,18
2868,2
2868,178
2868,569
2869,2
2869,100
2869,416
2870,52
2870,54
2870,613
2871,2
2871,21
2871,66
2872,2
2872,12
2872,18
2873,8
2873,9
2873,10
2874,2
2874,25
2874,83
2875,2
2875,18
2876,2
2876,18
2877,12
2877,40
2877,406
2877,447
2878,4
2878,14
2878,57
2879,2
2879,265
2880,2
2880,21
2881,1
2881,85
2881,376
2882,2
2882,18
2883,2
2883,12
2883,25
2884,2
2884,18
2884,19
2885,2
2885,31
2885,83
2886,2
2886,18
2886,276
2887,2
2887,26
2888,12
2888,21
2888,68
2889,2
2889,26
2889,114
2890,2
2890,18
2891,1
2891,6
2891,94
2892,25
2892,376
2893,326
2893,699
2893,700
2894,2
2894,66
2894,68
2895,2
2895,49
2895,701
2896,2
2896,18
2896,66
2897,12
2897,59
2897,702
2898,1
2898,43
2898,140
2899,2
2899,12
2899,66
2900,21
2900,49
2900,52
2901,14
2901,22
2901,633
2902,2
2902,152
2902,277
2903,119
2903,120
2903,486
2904,2
2904,25
2904,31
2905,1
2905,12
2905,68
2906,2
2906,12
2906,18
2907,14
2907,22
2907,633
2908,2
2908,18
2909,1
2909,12
2909,79
2909,500
2910,2
2910,18
2911,13
2911,57
2912,2
2912,26
2912,114
2913,2
2913,66
2914,34
2914,94
2914,174
2915,71
2915,195
2915,233
2916,2
2916,18
2917,1
2917,79
2917,141
2918,119
2918,120
2918,121
2919,2
2919,49
2919,703
2920,2
2920,18
2921,1
2921,6
2921,74
2922,1
2922,2
2922,95
2923,19
2923,146
2923,704
2924,34
2924,71
2924,174
2925,34
2925,549
2925,674
2926,1
2926,10
2926,68
2927,2
2927,18
2928,2
2928,35
2929,21
2929,705
2929,706
2930,21
2930,590
2930,707
2931,22
2931,47
2931,708
2932,8
2932,114
2932,337
2933,21
2933,33
2934,57
2934,100
2935,2
2935,26
2935,114
2936,1
2936,14
2936,96
2937,4
2937,14
2937,162
2938,43
2938,44
2938,45
2939,14
2939,49
2939,709
2940,46
2940,47
2940,56
2941,34
2941,195
2941,629
2942,2
2942,21
2943,119
2943,120
2944,1
2944,2
2944,25
2945,2
2945,12
2945,105
2946,34
2946,71
2946,174
2947,66
2947,75
2947,79
2948,2
2948,66
2948,75
2949,119
2949,120
2949,121
2949,264
2950,2
2950,12
2950,18
2951,2
2951,18
2951,22
2952,66
2952,75
2953,2
2953,25
2953,681
2954,2
2954,100
2955,34
2955,68
2955,263
2956,2
2956,18
2957,2
2957,66
2958,1
2958,10
2958,138
2959,2
2959,12
2959,26
2960,2
2960,8
2960,710
2961,75
2961,79
2961,711
2962,49
2962,52
2963,2
2963,12
2963,18
2964,10
2964,674
2965,10
2965,21
2966,117
2966,119
2966,120
2966,712
2967,18
2967,65
2967,66
2968,1
2968,10
2969,2
2969,12
2969,66
2970,21
2970,95
2970,327
2971,2
2971,18
2971,26
2971,361
2972,2
2972,18
2973,2
2973,18
2973,295
2974,76
2974,311
2974,648
2975,26
2975,94
2975,415
2976,76
2976,186
2976,364
2977,34
2977,71
2977,713
2978,34
2978,174
2979,34
2979,68
2979,174
2980,66
2980,79
2981,21
2981,163
2982,34
2982,174
2982,714
2983,26
2983,94
2984,2
2984,10
2984,18
2985,2
2985,18
2985,67
2986,2
2986,18
2987,10
2987,26
2987,174
2988,34
2988,71
2988,174
2989,2
2989,66
2990,94
2990,263
2990,715
2991,2
2991,8
2991,99
2992,55
2992,263
2992,716
2993,2
2993,32
2993,66
2994,99
2994,263
2995,67
2995,236
2995,427
2996,1
2996,2
2996,43
2997,2
2997,18
2997,84
2998,1
2998,2
2998,26
2999,2
2999,12
2999,18
3000,57
3000,310
3000,599
3001,57
3001,310
3002,57
3002,310
3003,34
3003,39
3003,263
3004,2
3004,12
3004,161
3005,2
3005,66
3005,114
3006,2
3006,18
3006,46
3007,2
3007,12
3007,25
3008,34
3008,71
3009,2
3009,18
3010,12
3010,19
3011,12
3011,32
3011,96
3012,29
3012,213
3012,529
3013,19
3013,166
3013,717
3014,34
3014,195
3015,2
3015,5
3016,2
3016,18
3017,34
3017,71
3017,195
3018,65
3018,718
3018,719
3019,2
3019,18
3020,2
3020,25
3020,31
3021,2
3021,12
3021,18
3022,2
3022,12
3022,25
3023,34
3023,71
3023,720
3024,34
3024,174
3025,34
3025,71
3025,263
3026,39
3026,114
3026,399
3027,76
3027,94
3028,2
3028,74
3028,114
3029,1
3029,12
3029,235
3030,26
3030,263
3031,55
3031,71
3031,263
3031,721
3032,2
3032,4
3032,12
3033,75
3033,193
3033,722
3034,18
3034,75
3034,193
3035,2
3035,18
3036,8
3036,191
3036,434
3037,57
3037,100
3038,8
3038,58
3038,138
3039,21
3039,52
3039,196
3040,8
3040,723
3040,724
3041,21
3041,342
3042,2
3042,152
3042,518
3043,2
3043,66
3043,114
3044,14
3044,57
3044,94
3045,34
3045,174
3046,2
3046,66
3047,34
3047,94
3047,174
3048,34
3048,263
3049,2
3049,18
3049,157
3050,2
3050,19
3050,140
3051,2
3051,19
3051,113
3052,8
3052,443
3052,483
3053,1
3053,42
3053,199
3054,2
3054,276
3054,277
3055,13
3055,33
3055,34
3055,54
3056,34
3056,195
3056,674
3057,2
3057,12
3057,96
3058,2
3058,31
3058,83
3059,49
3059,76
3059,485
3060,2
3060,12
3060,86
3061,34
3061,71
3061,174
3062,1
3062,2
3062,114
3063,8
3063,25
3063,641
3064,2
3064,725
3064,726
3065,39
3065,195
3065,234
3066,6
3066,76
3066,263
3067,2
3067,10
3067,114
3068,2
3068,12
3068,25
3068,26
3069,21
3069,75
3069,140
3070,21
3070,79
3070,460
3071,2
3071,728
3072,1
3072,2
3072,138
3072,543
3073,10
3073,21
3073,138
3074,2
3074,31
3074,83
3075,66
3075,137
3075,287
3075,458
3076,2
3076,18
3077,2
3077,25
3077,280
3078,2
3078,18
3079,2
3079,276
3079,277
3080,1
3080,2
3080,49
3081,2
3081,66
3081,68
3082,13
3082,57
3082,302
3083,119
3083,120
3083,362
3083,698
3083,729
3084,11
3084,21
3085,1
3085,2
3085,12
3086,40
3086,99
3086,730
3087,2
3087,66
3087,152
3088,49
3088,74
3088,79
3089,10
3089,57
3089,215
3090,2
3090,18
3090,71
3091,32
3091,96
3091,731
3092,10
3092,138
3092,543
3092,730
3093,21
3093,73
3093,79
3094,34
3094,432
3095,71
3095,100
3095,263
3096,99
3096,263
3096,650
3097,34
3097,174
3098,2
3098,114
3099,142
3099,732
3100,12
3100,34
3101,12
3101,25
3101,34
3102,18
3102,263
3103,13
3103,19
3103,352
3104,2
3104,4
3104,92
3105,12
3105,34
3106,25
3106,26
3106,733
3106,734
3107,99
3107,263
3108,18
3108,34
3108,67
3109,1
3109,12
3110,21
3110,22
3110,100
3111,8
3111,25
3111,34
3112,34
3112,68
3112,174
3112,735
3113,2
3113,12
3113,26
3114,11
3114,96
3114,731
3115,2
3115,32
3116,89
3116,736
3116,737
3117,12
3117,25
3117,71
3118,2
3118,10
3118,21
3119,12
3119,18
3119,29
3120,2
3120,12
3120,18
3121,2
3121,12
3121,18
3122,21
3122,57
3122,100
3123,34
3123,174
3124,96
3124,265
3124,731
3125,2
3125,18
3126,12
3126,18
3126,29
3127,2
3127,12
3128,1
3128,10
3128,76
3129,8
3129,25
3129,71
3130,12
3130,25
3130,34
3131,12
3131,18
3131,122
3132,2
3132,12
3132,79
3133,10
3133,25
3133,34
3134,2
3134,18
3135,1
3135,2
3135,12
3136,2
3136,10
3136,21
3137,2
3137,4
3137,100
3138,2
3138,18
3139,12
3139,18
3139,75
3140,2
3140,25
3140,31
3141,2
3141,99
3141,399
3142,1
3142,2
3142,99
3143,12
3143,25
3143,40
3144,25
3144,40
3144,390
3145,21
3145,33
3145,195
3146,79
3146,94
3146,738
3147,2
3147,12
3147,25
3148,2
3148,12
3148,86
3149,2
3149,26
3149,114
3150,2
3150,18
3150,84
3151,18
3151,21
3152,2
3152,66
3153,65
3153,66
3153,137
3154,2
3154,32
3155,12
3155,150
3155,739
3156,2
3156,18
3156,25
3157,2
3157,114
3157,740
3158,2
3158,46
3158,114
3159,2
3159,114
3159,381
3160,2
3160,114
3160,381
3161,2
3161,114
3162,39
3162,79
3162,105
3163,6
3163,75
3163,215
3164,2
3164,32
3164,144
3164,741
3165,1
3165,146
3165,742
3166,2
3166,18
3167,2
3167,18
3167,66
3168,2
3168,12
3168,35
3169,2
3169,25
3169,114
3170,2
3170,66
3171,2
3171,18
3171,84
3172,2
3172,31
3173,2
3173,18
3173,193
3174,34
3174,46
3174,81
3175,2
3175,114
3175,232
3176,2
3176,4
3176,92
3177,54
3177,143
3177,743
3178,1
3178,38
3178,744
3179,13
3179,73
3179,143
3180,2
3180,96
3180,174
3181,2
3181,25
3181,114
3182,2
3182,22
3182,100
3183,2
3183,114
3183,252
3184,2
3184,57
3184,66
3185,2
3185,66
3185,652
3186,2
3186,25
3186,280
3187,2
3187,12
3187,154
3188,2
3188,21
3188,35
3189,2
3189,94
3190,2
3190,35
3190,86
3191,2
3191,18
3191,457
3192,2
3192,18
3192,457
3193,34
3193,71
3193,195
3194,2
3194,12
3194,66
3195,6
3195,93
3195,94
3196,1
3196,8
3196,10
3197,12
3197,19
3197,150
3198,2
3198,18
3199,1
3199,8
3199,10
3200,2
3200,38
3200,65
3201,2
3201,3
3201,4
3202,2
3202,3
3202,4
3203,2
3203,18
3204,2
3204,12
3204,21
3204,25
3205,9
3205,10
3205,644
3206,2
3206,18
3207,2
3207,66
3207,152
3208,2
3208,12
3208,25
3209,1
3209,2
3209,114
3210,2
3210,12
3210,21
3211,1
3211,2
3211,147
3212,1
3212,2
3212,147
3213,2
3213,4
3213,107
3214,2
3214,12
3214,157
3215,105
3215,412
3216,14
3216,22
3216,94
3217,2
3217,65
3217,157
3218,2
3218,32
3219,2
3219,8
3219,18
3220,2
3220,12
3220,18
3221,2
3221,24
3221,151
3222,1
3222,24
3222,69
3223,2
3223,4
3223,18
3224,2
3224,18
3224,108
3225,42
3225,132
3225,199
3226,34
3226,57
3227,39
3227,57
3227,745
3228,2
3228,12
3228,18
3229,19
3229,26
3229,108
3230,2
3230,18
3230,746
3231,2
3231,12
3231,26
3232,2
3232,4
3232,12
3233,37
3233,572
3233,638
3234,2
3234,66
3235,119
3235,120
3235,747
3235,748
3235,749
3235,750
3236,2
3236,66
3237,11
3237,66
3237,389
3238,2
3238,66
3239,21
3239,34
3239,263
3240,8
3240,94
3240,174
3241,54
3241,141
3241,143
3242,2
3242,31
3242,751
3243,2
3243,18
3243,66
3244,8
3244,29
3244,195
3244,529
3245,2
3245,18
3245,25
3246,2
3246,19
3246,279
3247,32
3247,34
3247,754
3248,2
3248,25
3248,113
3249,2
3249,66
3250,8
3250,10
3250,22
3251,8
3251,10
3251,22
3252,39
3252,57
3252,203
3253,20
3253,26
3253,755
3254,6
3254,21
3254,756
3255,1
3255,6
3255,18
3256,8
3256,96
3256,757
3257,32
3257,94
3257,174
3258,2
3258,66
3258,636
3259,2
3259,18
3259,84
3260,2
3260,18
3261,34
3261,184
3262,1
3262,39
3262,215
3263,2
3263,114
3263,524
3264,19
3264,333
3265,1
3265,8
3265,94
3266,2
3266,12
3267,119
3267,120
3267,322
3267,426
3267,698
3267,758
3268,2
3268,12
3268,25
3269,21
3269,182
3269,524
3270,1
3270,2
3271,2
3271,12
3271,178
3272,2
3272,25
3272,31
3273,5
3273,21
3274,2
3274,5
3275,39
3275,57
3275,759
3276,1
3276,2
3276,26
3277,9
3277,10
3278,2
3278,8
3278,18
3279,2
3279,18
3279,361
3279,760
3280,2
3280,25
3281,2
3281,12
3281,381
3282,2
3282,12
3282,18
3282,105
3283,2
3283,19
3283,300
3284,57
3284,761
3285,2
3285,10
3285,19
3286,2
3286,11
3286,66
3287,73
3287,228
3287,763
3288,2
3288,21
3289,2
3289,92
3289,157
3290,24
3290,25
3290,40
3291,2
3291,21
3291,92
3292,2
3292,12
3292,66
3293,19
3293,318
3293,764
3294,11
3294,298
3294,765
3295,1
3295,2
3295,352
3296,21
3296,195
3297,2
3297,92
3298,12
3298,34
3299,2
3299,10
3299,19
3300,10
3300,21
3300,35
3301,12
3301,71
3301,766
3302,12
3302,71
3302,263
3303,2
3303,18
3303,19
3304,63
3304,105
3305,2
3305,18
3306,2
3306,18
3307,2
3307,92
3307,157
3308,2
3308,11
3308,66
3309,21
3309,65
3309,212
3310,2
3310,12
3310,18
3311,12
3311,68
3311,157
3312,2
3312,12
3312,276
3313,2
3313,12
3313,18
3314,4
3314,12
3314,105
3315,12
3315,213
3316,1
3316,2
3317,2
3317,57
3317,105
3318,54
3318,57
3318,182
3319,21
3319,54
3320,10
3320,131
3320,730
3321,2
3321,25
3321,114
3322,4
3322,108
3322,288
3323,2
3323,18
3323,92
3324,2
3324,12
3324,25
3325,1
3325,2
3325,100
3326,2
3326,8
3326,12
3326,66
3327,65
3327,66
3327,767
3328,8
3328,95
3329,18
3329,397
3329,768
3330,2
3330,12
3330,18
3331,38
3331,288
3332,34
3332,195
3333,34
3333,71
3333,195
3334,2
3334,769
3334,770
3335,19
3335,57
3335,203
3336,10
3336,26
3336,674
3336,771
3337,2
3337,4
3337,123
3338,2
3338,12
3338,18
3339,10
3339,76
3339,211
3340,6
3340,93
3340,136
3341,2
3341,152
3341,232
3342,119
3342,120
3342,121
3342,486
3343,56
3343,73
3343,114
3344,2
3344,13
3344,39
3345,21
3345,213
3346,2
3346,774
3347,2
3347,18
3348,2
3348,10
3348,12
3349,8
3349,14
3349,57
3350,2
3350,66
3350,514
3351,2
3351,24
3351,25
3352,2
3352,66
3352,105
3353,14
3353,57
3354,14
3354,57
3355,2
3355,276
3355,277
3356,2
3356,25
3356,114
3357,2
3357,32
3358,26
3358,261
3358,775
3359,73
3359,776
3360,2
3360,35
3361,2
3361,66
3362,2
3362,114
3363,2
3363,10
3363,12
3364,9
3364,10
3364,399
3365,2
3365,100
3366,114
3366,253
3366,769
3367,12
3367,217
3367,219
3367,279
3368,2
3368,18
3368,193
3369,2
3369,25
3369,67
3370,2
3370,18
3371,2
3371,18
3372,2
3372,18
3373,2
3373,18
3374,2
3374,66
3375,18
3375,21
3376,2
3376,66
3377,2
3377,18
3377,84
3378,2
3378,18
3378,194
3379,2
3379,18
3380,2
3380,18
3381,2
3381,18
3381,84
3382,2
3382,11
3382,25
3383,8
3383,21
3384,34
3384,94
3384,184
3385,65
3385,66
3385,137
3386,2
3386,31
3386,83
3387,2
3387,25
3387,150
3388,105
3388,144
3389,1
3389,2
3389,32
3390,2
3390,18
3390,25
3391,2
3391,18
3392,8
3392,94
3392,174
3393,2
3393,66
3393,427
3394,2
3394,12
3394,84
3395,2
3395,25
3396,2
3396,66
3397,12
3397,18
3397,21
3398,8
3398,93
3398,94
3399,2
3399,25
3399,114
3400,2
3400,18
3401,2
3401,32
3402,21
3402,63
3403,2
3403,21
3404,1
3404,26
3404,629
3405,21
3405,63
3406,21
3406,25
3407,1
3407,21
3407,147
3408,65
3408,66
3408,163
3409,21
3409,49
3410,67
3410,94
3410,173
3411,2
3411,25
3411,113
3412,2
3412,66
3413,6
3413,93
3413,94
3414,2
3414,66
3414,462
3415,1
3415,21
3416,39
3416,57
3417,1
3417,39
3417,57
3418,1
3418,10
3418,132
3419,8
3419,10
3419,25
3419,113
3420,1
3420,14
3420,57
3421,1
3421,21
3421,95
3422,1
3422,168
3422,310
3423,2
3423,37
3423,182
3424,2
3424,18
3424,84
3425,50
3425,66
3425,777
3426,2
3426,18
3427,2
3427,66
3427,265
3427,777
3428,50
3428,66
3428,777
3429,13
3429,66
3429,68
3429,777
3430,2
3430,12
3430,778
3431,2
3431,18
3431,25
3432,2
3432,4
3432,166
3433,8
3433,21
3433,75
3434,21
3434,52
3434,613
3435,63
3435,105
3436,2
3436,18
3437,2
3437,12
3437,21
3438,2
3438,35
3439,10
3439,12
3439,75
3440,2
3440,8
3440,25
3441,2
3441,18
3441,194
3442,2
3442,35
3443,1
3443,8
3443,10
3444,2
3444,19
3444,333
3445,1
3445,2
3445,146
3446,34
3446,195
3447,21
3447,57
3447,342
3448,34
3448,49
3449,65
3449,75
3449,162
3450,21
3450,65
3450,718
3451,21
3451,34
3451,342
3452,1
3452,183
3452,406
3453,2
3453,8
3453,113
3454,66
3454,137
3454,287
3455,34
3455,342
3456,2
3456,25
3456,114
3457,2
3457,66
3458,2
3458,151
3458,152
3459,2
3459,4
3459,5
3460,2
3460,18
3460,84
3461,2
3461,4
3461,65
3462,2
3462,18
3463,2
3463,18
3463,302
3464,12
3464,25
3464,215
3465,2
3465,3
3465,4
3466,2
3466,24
3466,455
3467,1
3467,8
3467,57
3468,2
3468,18
3469,57
3469,135
3469,779
3470,2
3470,8
3470,114
3471,2
3471,12
3471,19
3472,2
3472,18
3473,21
3473,63
3474,2
3474,66
3474,652
3475,34
3475,136
3475,195
3476,21
3476,163
3477,2
3477,11
3477,24
3478,1
3478,2
3478,163
3479,21
3479,213
3480,2
3480,25
3480,31
3481,14
3481,57
3482,2
3482,26
3482,105
3483,2
3483,18
3483,25
3484,8
3484,10
3484,40
3485,1
3485,2
3485,8
3486,8
3486,29
3486,63
3487,12
3487,19
3487,26
3488,2
3488,18
3489,2
3489,25
3489,114
3490,2
3490,18
3490,32
3491,2
3491,25
3491,29
3492,2
3492,66
3493,8
3493,114
3493,253
3494,34
3494,114
3494,195
3495,8
3495,29
3495,195
3496,21
3496,63
3497,6
3497,10
3497,199
3498,2
3498,18
3498,84
3499,2
3499,18
3500,39
3500,57
3501,57
3501,114
3502,1
3502,2
3502,404
3503,57
3503,114
3504,2
3504,12
3504,43
3505,34
3505,195
3505,342
3506,21
3506,63
3507,34
3507,780
3508,2
3508,18
3508,194
3509,2
3509,12
3509,94
3510,2
3510,18
3511,13
3511,57
3511,108
3512,18
3512,34
3512,355
3513,12
3513,69
3513,235
3514,64
3514,76
3514,781
3515,150
3515,782
3515,783
3516,14
3516,22
3516,183
3517,10
3517,21
3518,57
3518,94
3518,784
3519,8
3519,93
3519,94
3520,8
3520,96
3520,163
3521,2
3521,114
3521,360
3522,155
3522,213
3522,785
3523,54
3523,587
3523,786
3524,94
3524,787
3525,102
3525,213
3525,483
3526,2
3526,25
3526,152
3527,10
3527,76
3527,94
3528,12
3528,29
3528,157
3529,28
3529,131
3529,788
3530,21
3530,75
3531,1
3531,75
3531,789
3532,8
3532,79
3533,2
3533,25
3533,31
3534,4
3534,790
3535,2
3535,66
3535,157
3536,2
3536,114
3536,253
3537,57
3537,105
3538,2
3538,32
3539,2
3539,18
3540,8
3540,199
3540,253
3541,2
3541,18
3542,14
3542,34
3542,46
3543,2
3543,457
3543,791
3544,79
3544,792
3545,117
3545,119
3545,122
3545,426
3545,793
3545,794
3545,795
3546,2
3546,18
3546,68
3547,12
3547,79
3547,96
3548,21
3548,57
3549,2
3549,18
3549,173
3550,14
3550,796
3551,2
3551,12
3551,25
3552,2
3552,18
3552,66
3553,119
3553,120
3554,71
3554,796
3555,2
3555,18
3555,100
3556,6
3556,21
3556,332
3557,2
3557,18
3558,2
3558,21
3558,22
3559,119
3559,121
3559,485
3560,475
3560,590
3560,797
3561,2
3561,67
3562,2
3562,66
3562,92
3563,1
3563,14
3563,57
3564,8
3564,68
3564,151
3565,8
3565,274
3565,328
3566,8
3566,94
3566,184
3567,8
3567,189
3567,798
3568,29
3568,39
3568,57
3569,34
3569,355
3570,1
3570,2
3570,13
3571,19
3571,63
3572,2
3572,32
3572,66
3573,2
3573,18
3573,194
3574,21
3574,32
3574,35
3575,2
3575,18
3575,194
3576,2
3576,18
3577,39
3577,57
3578,2
3578,25
3579,2
3579,18
3580,2
3580,12
3580,66
3581,19
3581,184
3582,2
3582,66
3582,298
3583,2
3583,114
3583,151
3584,8
3584,34
3584,68
3585,2
3585,18
3585,34
3586,66
3586,386
3586,387
3587,2
3587,6
3587,799
3588,19
3588,140
3589,57
3589,599
3589,607
3590,14
3590,57
3591,2
3591,18
3591,84
3592,2
3592,66
3592,265
3593,6
3593,174
3593,664
3594,10
3594,105
3595,2
3595,12
3595,18
3596,12
3596,18
3596,215
3597,29
3597,75
3597,79
3598,19
3598,94
3598,800
3599,1
3599,24
3599,212
3600,56
3600,304
3600,310
3601,26
3601,76
3601,210
3602,46
3602,56
3602,310
3603,6
3603,210
3603,509
3604,56
3604,57
3604,310
3605,6
3605,210
3606,2
3606,25
3606,114
3607,21
3607,63
3608,24
3608,57
3608,801
3609,21
3609,43
3610,1
3610,2
3610,26
3611,2
3611,12
3611,21
3611,114
3612,21
3612,89
3613,2
3613,18
3613,84
3614,8
3614,94
3614,802
3615,8
3615,94
3615,802
3616,1
3616,2
3616,25
3617,6
3617,94
3617,446
3618,32
3618,38
3618,76
3619,2
3619,14
3619,66
3620,2
3620,12
3620,126
3621,1
3621,69
3621,104
3622,95
3622,803
3623,2
3623,21
3624,2
3624,66
3624,68
3625,2
3625,18
3626,21
3626,57
3626,355
3627,21
3627,63
3627,197
3628,21
3628,66
3629,65
3629,66
3629,804
3630,157
3630,564
3630,722
3631,18
3631,34
3631,416
3632,33
3632,39
3632,57
3633,6
3633,94
3633,184
3634,2
3634,176
3634,276
3635,34
3635,57
3636,214
3636,345
3636,446
3637,34
3637,66
3638,49
3638,61
3639,1
3639,2
3639,49
3640,2
3640,12
3640,26
3640,154
3641,54
3641,146
3641,553
3642,1
3642,440
3643,6
3643,54
3643,94
3643,215
3644,34
3644,70
3644,265
3645,2
3645,25
3646,2
3646,25
3646,152
3647,21
3647,38
3648,38
3648,805
3649,2
3649,25
3649,142
3650,18
3650,178
3650,806
3651,2
3651,66
3651,199
3652,63
3652,76
3652,454
3653,24
3653,40
3654,2
3654,25
3654,114
3655,2
3655,18
3656,1
3656,8
3656,94
3657,36
3657,443
3657,807
3658,2
3658,8
3658,114
3659,29
3659,39
3659,195
3659,422
3660,30
3660,213
3660,808
3661,2
3661,66
3662,8
3662,40
3662,196
3663,57
3663,143
3663,148
3664,143
3664,148
3664,809
3665,2
3665,114
3665,773
3666,143
3666,809
3666,810
3667,143
3667,659
3667,809
3668,12
3668,19
3668,25
3669,1
3669,74
3669,80
3670,2
3670,66
3670,68
3671,2
3671,25
3671,31
3672,1
3672,2
3672,132
3673,2
3673,25
3673,152
3674,119
3674,120
3674,121
3674,264
3674,323
3674,486
3675,2
3675,12
3675,68
3676,2
3676,12
3676,105
3677,2
3677,26
3678,2
3678,66
3678,152
3679,1
3679,42
3679,199
3680,2
3680,66
3681,4
3681,65
3682,2
3682,57
3682,114
3683,1
3683,2
3683,39
3684,2
3684,66
3685,2
3685,182
3685,455
3686,14
3686,57
3687,19
3687,63
3688,12
3688,21
3688,274
3689,2
3689,19
3690,2
3690,18
3691,2
3691,3
3691,105
3692,2
3692,12
3692,811
3693,119
3693,120
3693,121
3693,264
3694,41
3694,65
3694,66
3695,21
3695,26
3695,36
3696,2
3696,32
3696,66
3697,10
3697,812
3698,59
3698,304
3698,610
3699,2
3699,18
3699,84
3700,2
3700,75
3700,813
3701,2
3701,34
3701,178
3702,19
3702,96
3702,379
3703,2
3703,175
3703,277
3704,2
3704,19
3704,96
3705,2
3705,19
3705,183
3706,2
3706,21
3707,2
3707,25
3707,31
3708,2
3708,96
3708,147
3708,193
3709,2
3709,18
3709,193
3710,2
3710,105
3711,19
3711,147
3712,2
3712,18
3713,2
3713,12
3713,457
3714,2
3714,19
3714,183
3715,2
3715,19
3715,26
3716,1
3716,2
3716,12
3717,39
3717,57
3718,1
3718,2
3718,66
3719,37
3719,79
3719,814
3720,34
3720,71
3720,184
3721,53
3721,573
3721,815
3722,21
3722,63
3723,2
3723,12
3723,304
3724,79
3724,559
3725,19
3725,127
3725,199
3726,40
3726,97
3726,212
3727,8
3727,24
3727,40
3728,2
3728,18
3728,84
3729,2
3729,18
3729,84
3730,2
3730,18
3731,43
3731,66
3732,32
3732,816
3732,817
3733,2
3733,10
3733,12
3734,34
3734,75
3734,250
3735,2
3735,4
3735,818
3736,2
3736,18
3736,84
3737,2
3737,25
3737,31
3738,1
3738,2
3739,56
3739,819
3740,2
3740,151
3740,152
3741,2
3741,66
3741,277
3742,1
3742,2
3742,232
3743,6
3743,68
3743,94
3744,1
3744,21
3744,147
3745,68
3745,75
3745,820
3745,821
3746,46
3746,272
3747,2
3747,25
3747,31
3748,2
3748,49
3749,2
3749,67
3749,96
3750,32
3751,12
3751,66
3751,68
3752,2
3752,18
3752,194
3753,66
3753,68
3753,822
3754,2
3754,25
3754,31
3755,12
3755,21
3756,2
3756,66
3756,152
3757,2
3757,12
3757,21
3758,21
3758,76
3758,823
3759,2
3759,12
3759,18
3760,2
3760,18
3760,193
3761,2
3761,117
3761,443
3762,2
3762,18
3763,34
3763,75
3763,136
3764,2
3764,32
3764,66
3765,8
3765,18
3765,178
3766,2
3766,18
3767,2
3767,152
3767,277
3768,2
3768,26
3768,114
3769,9
3769,10
3769,824
3770,21
3770,35
3770,39
3771,2
3771,26
3772,2
3772,18
3773,2
3773,35
3773,57
3774,21
3774,61
3774,76
3775,21
3775,63
3775,89
3776,2
3776,66
3776,68
3777,2
3777,276
3777,277
3778,26
3778,114
3778,392
3779,2
3779,25
3779,113
3780,2
3780,66
3780,114
3781,2
3781,66
3782,29
3782,40
3782,237
3783,2
3783,67
3783,173
3784,39
3784,399
3784,562
3785,1
3785,6
3785,215
3786,1
3786,43
3787,2
3787,66
3788,2
3788,12
3788,25
3789,2
3789,107
3790,34
3790,49
3790,674
3791,65
3791,66
3791,825
3792,2
3792,4
3792,100
3793,2
3793,100
3794,2
3794,12
3794,100
3795,39
3795,57
3795,759
3796,1
3796,10
3796,74
3797,21
3797,79
3797,96
3798,21
3798,342
3799,34
3799,195
3799,342
3800,1
3800,26
3800,57
3801,39
3801,57
3802,2
3802,12
3802,19
3803,12
3803,66
3804,2
3804,8
3804,114
3805,167
3805,214
3805,826
3806,8
3806,99
3806,105
3807,2
3807,18
3807,35
3808,1
3808,27
3808,49
3809,19
3809,140
3810,34
3810,94
3810,184
3811,29
3811,95
3811,521
3811,827
3812,6
3812,93
3812,94
3813,1
3813,69
3813,549
3814,1
3814,26
3814,94
3815,2
3815,183
3815,351
3816,1
3816,2
3816,12
3817,2
3817,18
3818,2
3818,12
3818,68
3819,2
3819,25
3819,245
3820,2
3820,18
3820,147
3821,2
3821,12
3821,18
3822,21
3822,79
3823,79
3823,166
3823,213
3824,1
3824,14
3824,57
3825,2
3825,12
3825,14
3826,2
3826,21
3827,2
3827,25
3827,152
3828,1
3828,2
3828,168
3829,65
3829,66
3830,19
3830,168
3831,2
3831,18
3831,173
3832,34
3832,173
3832,178
3833,2
3833,18
3833,145
3834,56
3834,819
3835,2
3835,66
3835,151
3835,152
3836,1
3836,49
3837,56
3837,107
3837,528
3838,301
3838,382
3838,433
3839,213
3839,580
3839,828
3840,2
3840,18
3841,2
3841,49
3841,99
3842,2
3842,18
3843,2
3843,18
3844,2
3844,21
3844,191
3845,2
3845,69
3845,70
3846,2
3846,25
3846,113
3847,2
3847,25
3847,114
3848,55
3848,57
3849,2
3849,18
3849,829
3850,1
3850,26
3850,549
3851,32
3851,65
3851,66
3852,1
3852,20
3852,803
3853,65
3853,119
3853,122
3853,323
3854,2
3854,25
3854,462
3855,2
3855,86
3855,114
3855,462
3856,2
3856,66
3857,1
3857,26
3857,95
3858,8
3858,113
3858,253
3859,8
3859,132
3859,360
3860,2
3860,32
3860,33
3861,12
3861,99
3861,662
3862,2
3862,12
3863,25
3863,95
3863,324
3864,19
3864,33
3865,2
3865,32
3866,34
3866,141
3866,434
3867,21
3867,34
3867,49
3868,1
3868,57
3868,95
3869,2
3869,176
3869,276
3870,2
3870,4
3870,65
3871,2
3871,68
3871,462
3872,2
3872,151
3872,152
3873,2
3873,11
3873,66
3874,2
3874,66
3874,114
3875,2
3875,66
3876,2
3876,114
3876,299
3877,12
3877,25
3877,234
3878,2
3878,65
3878,66
3879,1
3879,2
3879,12
3880,2
3880,8
3880,114
3881,8
3881,25
3881,114
3882,2
3882,35
3883,1
3883,69
3883,199
3883,830
3884,2
3884,25
3884,31
3885,119
3885,120
3885,121
3885,264
3886,2
3886,66
3887,2
3887,12
3887,114
3888,2
3888,5
3889,2
3889,12
3889,66
3890,2
3890,32
3890,144
3891,2
3891,21
3892,95
3892,99
3892,132
3893,2
3893,12
3893,25
3894,2
3894,276
3894,277
3895,79
3895,445
3896,2
3896,404
3897,2
3897,18
3897,145
3898,2
3898,32
3898,100
3899,2
3899,66
3899,457
3900,10
3900,40
3900,61
3900,279
3901,6
3901,68
3901,94
3902,14
3902,22
3902,831
3903,2
3903,35
3904,2
3904,18
3904,105
3905,10
3905,138
3906,2
3906,12
3906,174
3907,12
3907,18
3907,320
3908,4
3908,32
3908,100
3909,8
3909,14
3910,2
3910,10
3910,138
3911,22
3911,39
3911,416
3912,2
3912,279
3913,2
3913,18
3914,49
3914,195
3914,355
3915,2
3915,18
3915,128
3916,2
3916,66
3916,193
3917,2
3917,8
3917,114
3918,2
3918,12
3918,75
3919,2
3919,18
3919,35
3920,79
3920,648
3921,2
3921,26
3921,827
3922,2
3922,12
3922,18
3923,2
3923,10
3923,95
3924,2
3924,10
3924,95
3925,32
3925,57
3925,183
3926,13
3926,68
3926,185
3927,2
3927,346
3928,2
3928,25
3928,31
3929,29
3929,49
3929,79
3930,34
3930,84
3931,38
3931,79
3932,4
3932,157
3932,416
3933,2
3933,4
3933,100
3934,10
3934,21
3935,71
3935,184
3935,399
3936,2
3936,66
3937,9
3937,10
3938,21
3938,22
3938,832
3939,10
3939,66
3939,138
3940,2
3940,18
3941,8
3941,108
3941,415
3942,21
3942,79
3942,832
3943,2
3943,18
3944,2
3944,25
3944,31
3945,21
3945,163
3945,213
3946,21
3946,832
3947,2
3947,66
3948,2
3948,31
3949,19
3949,63
3950,1
3950,2
3950,79
3951,2
3951,18
3951,376
3952,2
3952,276
3952,277
3953,21
3953,157
3954,21
3954,157
3955,2
3955,66
3956,21
3956,835
3956,836
3957,2
3957,66
3957,151
3958,39
3958,71
3959,14
3959,22
3959,108
3960,10
3960,104
3961,1
3961,26
3961,40
3962,37
3962,151
3962,521
3963,10
3963,13
3963,39
3964,2
3964,12
3964,18
3965,52
3965,57
3965,114
3966,57
3966,66
3967,1
3967,2
3967,132
3968,8
3968,94
3968,655
3969,1
3969,10
3970,2
3970,12
3970,96
3971,8
3971,9
3971,10
3971,12
3972,2
3972,5
3973,2
3973,66
3973,68
3974,18
3974,46
3975,2
3975,18
3976,837
3976,838
3976,839
3977,2
3977,66
3978,2
3978,18
3978,194
3979,2
3979,12
3979,18
3980,1
3980,95
3980,199
3980,840
3981,2
3981,152
3981,277
3982,2
3982,18
3982,46
3983,2
3983,12
3983,154
3984,2
3984,11
3984,70
3985,2
3985,12
3985,300
3986,2
3986,12
3986,200
3987,8
3987,49
3988,2
3988,21
3988,114
3989,2
3989,26
3989,100
3990,8
3990,475
3991,2
3991,12
3991,114
3992,2
3992,66
3992,346
3993,2
3993,18
3994,2
3994,19
3994,26
3995,6
3995,94
3995,210
3996,2
3996,31
3996,114
3997,2
3997,25
3997,114
3998,21
3998,96
3998,102
3999,2
3999,10
3999,21
4000,12
4000,21
4000,26
4001,26
4001,32
4001,330
4002,12
4002,19
4002,150
4003,19
4003,95
4003,511
4004,2
4004,25
4004,114
4005,2
4005,12
4005,25
4006,2
4006,25
4007,2
4007,49
4008,2
4008,18
4008,84
4009,2
4009,18
4009,84
4010,2
4010,25
4010,114
4011,2
4011,18
4012,2
4012,12
4012,31
4012,114
4013,2
4013,25
4013,117
4014,2
4014,19
4015,2
4015,26
4016,119
4016,120
4016,712
4016,841
4017,2
4017,18
4017,152
4018,2
4018,86
4018,215
4019,2
4019,25
4019,114
4020,8
4020,66
4020,363
4021,2
4021,18
4022,2
4022,18
4023,1
4023,49
4024,2
4024,18
4025,2
4025,18
4026,12
4026,99
4026,842
4027,2
4027,18
4028,56
4028,304
4028,310
4029,2
4029,25
4029,615
4030,2
4030,25
4030,114
4031,2
4031,25
4032,39
4032,56
4032,310
4033,2
4033,12
4033,21
4034,2
4034,25
4034,84
4035,56
4035,310
4035,843
4036,10
4036,21
4036,182
4037,46
4037,56
4037,310
4038,2
4038,34
4038,63
4039,39
4039,46
4039,56
4039,304
4040,2
4040,18
4040,25
4040,86
4041,2
4041,12
4041,66
4042,39
4042,56
4042,310
4043,56
4043,844
4044,39
4044,559
4045,1
4045,79
4046,39
4046,56
4046,310
4047,8
4047,94
4047,845
4048,2
4048,66
4049,8
4049,10
4049,146
4049,742
4050,76
4050,214
4050,373
4051,76
4051,373
4052,214
4052,373
4052,846
4053,12
4053,14
4054,2
4054,38
4054,66
4055,12
4055,25
4055,154
4056,2
4056,12
4056,66
4057,114
4057,514
4058,1
4058,15
4059,119
4059,120
4059,121
4060,2
4060,25
4060,114
4061,2
4061,12
4062,14
4062,22
4062,173
4063,59
4063,304
4063,443
4064,2
4064,100
4065,1
4065,2
4065,25
4066,2
4066,68
4067,2
4067,12
4067,21
4068,2
4068,18
4069,2
4069,19
4069,140
4070,117
4070,119
4070,120
4070,362
4070,847
4071,2
4071,18
4072,1
4072,59
4072,113
4073,1
4073,2
4073,12
4074,2
4074,10
4075,21
4075,75
4076,63
4076,75
4077,12
4077,191
4077,212
4078,21
4078,63
4079,2
4079,31
4079,83
4080,2
4080,26
4080,86
4081,21
4081,76
4081,214
4082,12
4082,21
4083,2
4083,8
4083,99
4084,2
4084,18
4084,84
4085,6
4085,93
4085,94
4086,5
4086,18
4086,107
4087,32
4087,65
4087,66
4088,189
4088,195
4089,2
4089,18
4089,84
4090,76
4090,94
4090,446
4091,50
4091,64
4091,94
4092,214
4092,848
4092,849
4093,12
4093,105
4094,38
4094,76
4094,84
4095,76
4095,848
4095,850
4096,34
4096,558
4096,851
4097,2
4097,12
4097,235
4098,8
4098,10
4098,12
4098,852
4099,2
4099,66
4100,2
4100,276
4100,277
4101,6
4101,76
4101,210
4102,89
4102,94
4102,210
4103,94
4103,210
4104,94
4104,210
4105,76
4105,94
4105,210
4106,119
4106,120
4106,698
4107,49
4107,95
4107,114
4107,122
4108,34
4108,174
4109,34
4109,94
4109,184
4110,2
4110,18
4110,193
4111,94
4111,174
4111,853
4112,2
4112,69
4112,114
4113,38
4113,57
4113,456
4114,46
4114,56
4114,304
4115,2
4115,25
4115,693
4116,21
4116,543
4116,854
4117,76
4117,186
4117,648
4117,855
4118,21
4118,89
4119,79
4119,475
4120,146
4120,447
4120,552
4121,21
4121,63
4122,2
4122,66
4123,21
4123,76
4123,79
4124,1
4124,12
4124,22
4125,37
4125,79
4126,2
4126,5
4126,18
4127,2
4127,76
4128,2
4128,117
4128,191
4129,2
4129,18
4130,11
4130,32
4131,2
4131,66
4131,152
4132,2
4132,25
4132,114
4133,29
4133,96
4133,237
4134,18
4134,385
4134,856
4135,1
4135,10
4135,114
4136,29
4136,249
4136,279
4137,2
4137,66
4138,76
4138,79
4138,857
4139,2
4139,50
4139,75
4140,61
4140,76
4140,79
4141,2
4141,25
4142,212
4142,602
4143,2
4143,8
4143,86
4144,37
4144,79
4145,8
4145,21
4146,2
4146,176
4146,276
4147,2
4147,11
4147,32
4148,1
4148,43
4149,2
4149,5
4149,86
4150,36
4150,46
4151,21
4151,73
4152,40
4152,64
4152,279
4153,2
4153,114
4153,155
4154,2
4154,114
4154,118
4155,2
4155,114
4155,253
4156,34
4156,355
4156,537
4157,2
4157,18
4157,193
4158,2
4158,35
4158,147
4159,2
4159,10
4159,25
4159,114
4160,118
4160,858
4161,1
4161,8
4161,12
4162,2
4162,79
4162,859
4163,2
4163,114
4164,2
4164,214
4164,345
4165,2
4165,18
4165,35
4166,34
4166,94
4166,184
4167,2
4167,26
4167,235
4168,304
4168,443
4168,860
4169,2
4169,66
4169,151
4170,2
4170,25
4170,67
4171,2
4171,5
4171,457
4172,2
4172,18
4172,26
4173,2
4173,19
4173,141
4174,10
4174,861
4175,84
4175,454
4175,752
4176,29
4176,195
4176,339
4176,862
4177,10
4177,21
4177,213
4178,34
4178,46
4178,66
4179,46
4179,188
4180,2
4180,25
4180,854
4181,2
4181,12
4181,235
4182,8
4182,71
4182,863
4183,8
4183,395
4183,863
4184,56
4184,73
4184,107
4185,2
4185,66
4185,265
4186,8
4186,96
4186,452
4187,8
4187,52
4187,96
4188,2
4188,10
4188,146
4189,1
4189,94
4190,13
4190,57
4190,864
4191,2
4191,66
4191,399
4192,119
4192,120
4192,122
4192,486
4193,196
4193,730
4193,865
4194,2
4194,165
4194,866
4195,12
4195,126
4195,193
4195,585
4196,2
4196,18
4196,25
4197,2
4197,18
4197,96
4198,8
4198,9
4198,21
4199,39
4199,47
4200,2
4200,19
4200,566
4201,2
4201,18
4202,1
4202,37
4202,79
4203,54
4203,57
4203,406
4204,54
4204,57
4204,406
4205,12
4205,21
4205,191
4206,1
4206,54
4206,74
4206,76
4207,39
4207,54
4207,57
4208,54
4208,57
4208,141
4209,2
4209,12
4209,18
4210,18
4210,34
4211,79
4211,189
4212,2
4212,34
4212,299
4213,2
4213,25
4214,25
4214,34
4215,2
4215,83
4215,152
4216,2
4216,12
4216,26
4216,152
4217,2
4217,18
4217,867
4218,2
4218,25
4218,31
4219,2
4219,57
4220,40
4220,196
4220,868
4221,2
4221,34
4221,114
4222,76
4222,196
4222,217
4222,218
4222,219
4223,188
4223,294
4224,2
4224,96
4224,99
4225,2
4225,6
4225,360
4226,2
4226,12
4226,114
4227,65
4227,66
4227,137
4228,2
4228,25
4228,152
4229,2
4229,18
4230,1
4230,2
4230,114
4231,2
4231,18
4231,66
4232,8
4232,12
4232,114
4233,2
4233,18
4234,2
4234,66
4234,68
4235,21
4235,39
4235,57
4236,10
4236,138
4236,217
4237,2
4237,35
4238,2
4238,18
4238,84
4239,34
4239,67
4240,66
4240,68
4240,373
4241,8
4241,10
4242,184
4242,869
4243,10
4243,21
4243,53
4243,815
4244,1
4244,8
4244,25
4245,2
4245,12
4245,18
4246,2
4246,12
4246,25
4247,65
4247,66
4247,70
4248,163
4248,213
4248,412
4249,73
4249,600
4250,2
4250,12
4250,66
4251,2
4251,21
4251,144
4252,2
4252,6
4252,11
4253,2
4253,25
4253,31
4254,2
4254,24
4254,31
4255,21
4255,566
4256,119
4256,120
4256,122
4256,264
4257,1
4257,2
4257,33
4258,2
4258,25
4258,31
4259,2
4259,18
4259,84
4260,32
4260,66
4260,870
4261,56
4261,73
4261,107
4262,2
4262,5
4263,2
4263,12
4263,231
4264,2
4264,25
4264,152
4265,2
4265,56
4265,107
4266,2
4266,18
4267,2
4267,56
4267,107
4268,21
4268,213
4269,76
4269,871
4269,872
4270,21
4270,342
4270,566
4271,19
4271,95
4271,140
4272,49
4272,873
4273,8
4273,68
4273,341
4274,2
4274,26
4274,152
4275,2
4275,18
4275,84
4276,2
4276,10
4276,66
4277,13
4277,21
4277,412
4278,8
4278,29
4278,63
4279,2
4279,11
4279,66
4280,21
4280,724
4280,813
4281,2
4281,67
4282,2
4282,25
4282,114
4283,56
4283,107
4283,213
4284,1
4284,2
4284,114
4285,1
4285,2
4285,14
4286,2
4286,25
4286,114
4287,2
4287,66
4288,2
4288,11
4288,152
4289,2
4289,5
4290,75
4290,79
4290,304
4291,39
4291,79
4291,875
4292,2
4292,35
4292,86
4293,5
4293,876
4293,877
4294,2
4294,66
4294,351
4295,2
4295,35
4295,878
4296,2
4296,114
4296,453
4297,2
4297,12
4298,8
4298,42
4298,177
4298,199
4299,2
4299,25
4299,152
4300,103
4300,108
4300,543
4301,1
4301,10
4302,2
4302,100
4303,2
4303,4
4303,100
4304,34
4304,66
4304,184
4305,2
4305,34
4306,2
4306,176
4306,276
4307,2
4307,8
4307,27
4308,49
4308,95
4308,118
4308,166
4309,34
4309,54
4310,1
4310,2
4310,34
4311,31
4311,212
4311,879
4312,14
4312,880
4313,65
4313,66
4313,335
4314,2
4314,12
4314,147
4315,14
4315,22
4315,57
4316,21
4316,140
4317,19
4317,95
4317,328
4318,2
4318,14
4319,2
4319,12
4319,25
4320,14
4320,114
4321,1
4321,42
4321,199
4322,2
4322,25
4322,113
4323,12
4323,13
4323,19
4323,29
4324,10
4324,114
4324,310
4325,13
4325,14
4325,57
4326,34
4326,89
4326,881
4327,14
4327,284
4327,443
4328,14
4328,54
4328,399
4329,2
4329,151
4329,152
4330,10
4330,14
4330,399
4331,34
4331,342
4331,537
4332,10
4332,14
4332,399
4333,9
4333,13
4333,14
4334,21
4334,342
4334,882
4335,14
4335,213
4335,399
4336,10
4336,14
4336,613
4337,147
4337,333
4337,532
4338,2
4338,12
4338,14
4339,8
4339,14
4339,399
4340,12
4340,14
4340,399
4341,14
4341,79
4341,399
4342,14
4342,57
4343,14
4343,18
4344,14
4344,54
4344,57
4345,14
4345,54
4345,610
4346,13
4346,19
4346,54
4347,13
4347,14
4347,54
4348,14
4348,54
4348,57
4349,34
4349,135
4350,14
4350,21
4350,54
4351,14
4351,54
4351,399
4352,49
4352,54
4352,146
4353,8
4353,10
4353,415
4354,13
4354,49
4354,883
4355,14
4355,54
4355,57
4356,49
4356,52
4356,54
4357,1
4357,8
4357,10
4358,14
4358,54
4359,14
4359,52
4359,214
4360,14
4360,52
4361,10
4361,13
4361,14
4362,52
4362,54
4362,653
4363,52
4363,547
4364,49
4364,52
4364,54
4365,10
4365,13
4365,14
4366,2
4366,18
4367,10
4367,13
4367,14
4368,14
4368,57
4368,884
4369,14
4369,54
4369,146
4370,2
4370,18
4371,2
4371,86
4371,152
4372,14
4372,50
4372,94
4373,2
4373,18
4374,13
4374,14
4374,54
4375,1
4375,9
4375,14
4376,13
4376,14
4376,54
4377,10
4377,54
4377,146
4378,10
4378,14
4378,399
4379,10
4379,14
4379,279
4380,14
4380,21
4380,57
4381,8
4381,14
4381,399
4382,14
4382,25
4382,37
4383,10
4383,14
4383,399
4384,14
4384,34
4384,146
4385,14
4385,39
4385,57
4386,10
4386,19
4386,638
4386,885
4387,10
4387,138
4387,209
4388,66
4388,137
4388,265
4388,287
4389,12
4389,14
4389,146
4390,14
4390,102
4390,590
4391,14
4391,680
4391,886
4392,14
4392,399
4392,831
4393,1
4393,14
4393,887
4394,14
4394,57
4395,14
4395,399
4395,691
4396,2
4396,18
4397,2
4397,18
4397,96
4398,14
4398,57
4399,13
4399,14
4399,174
4400,10
4400,14
4400,214
4401,14
4401,39
4401,57
4402,14
4402,34
4402,263
4403,14
4403,18
4403,25
4404,14
4404,38
4404,57
4405,14
4405,38
4405,105
4406,13
4406,14
4406,143
4407,14
4407,205
4407,399
4408,14
4408,57
4408,146
4409,13
4409,14
4409,57
4410,14
4410,21
4410,79
4411,14
4411,57
4411,146
4412,14
4412,54
4412,214
4413,10
4413,14
4413,399
4414,2
4414,14
4414,99
4415,14
4415,57
4415,213
4416,1
4416,14
4416,26
4417,14
4417,831
4417,888
4418,12
4418,14
4418,662
4419,14
4419,889
4420,14
4420,399
4421,13
4421,14
4421,531
4422,14
4422,57
4422,114
4423,14
4423,217
4423,219
4423,399
4424,79
4424,326
4425,14
4425,57
4426,14
4426,52
4426,680
4427,14
4427,57
4427,890
4428,14
4428,195
4429,14
4429,399
4429,891
4430,13
4430,14
4430,25
4431,2
4431,14
4431,86
4431,152
4432,14
4432,81
4432,195
4433,2
4433,34
4433,57
4434,12
4434,57
4434,183
4435,1
4435,199
4435,892
4436,14
4436,22
4436,29
4437,14
4437,26
4437,776
4438,14
4438,21
4439,14
4439,57
4440,14
4440,399
4441,2
4441,12
4441,79
4442,2
4442,14
4442,25
4443,14
4443,119
4443,213
4444,2
4444,18
4444,84
4445,14
4445,34
4446,13
4446,14
4446,54
4447,14
4447,21
4447,399
4448,10
4448,21
4448,35
4449,2
4449,10
4449,14
4449,399
4450,14
4450,54
4450,57
4451,14
4451,34
4452,10
4452,21
4452,213
4453,1
4453,14
4453,399
4454,14
4454,422
4454,651
4455,14
4455,21
4456,14
4456,57
4456,213
4457,13
4457,52
4457,54
4458,14
4458,213
4458,214
4459,13
4459,14
4459,612
4460,13
4460,14
4460,54
4461,10
4461,14
4461,893
4462,13
4462,14
4462,54
4463,14
4463,52
4463,54
4464,14
4464,57
4464,79
4465,8
4465,14
4465,304
4466,14
4466,214
4466,304
4467,14
4467,57
4467,304
4468,14
4468,57
4468,105
4469,8
4469,14
4469,174
4470,2
4470,14
4470,21
4471,14
4471,680
4471,831
4472,10
4472,14
4472,893
4473,14
4473,399
4473,694
4474,10
4474,14
4474,217
4474,219
4475,14
4475,54
4475,57
4476,14
4476,57
4476,195
4477,10
4477,14
4477,94
4478,10
4478,14
4478,213
4479,14
4479,195
4480,10
4480,14
4480,894
4481,2
4481,31
4481,83
4482,14
4482,57
4483,10
4483,14
4483,214
4484,12
4484,14
4484,696
4485,12
4485,14
4485,57
4486,2
4486,18
4486,361
4487,13
4487,14
4487,345
4488,14
4488,57
4488,102
4489,2
4489,10
4489,14
4490,14
4490,114
4490,610
4491,14
4491,65
4491,399
4492,14
4492,52
4492,54
4493,13
4493,14
4493,54
4494,14
4494,21
4495,2
4495,26
4495,114
4496,14
4496,26
4496,282
4497,14
4497,214
4497,613
4498,2
4498,11
4498,25
4499,14
4499,399
4499,613
4500,14
4500,452
4500,680
4501,14
4501,28
4501,131
4502,14
4502,60
4502,399
4503,2
4503,12
4503,66
4504,14
4504,21
4504,399
4505,2
4505,34
4505,55
4505,401
4506,14
4506,52
4507,2
4507,25
4507,152
4508,34
4508,114
4508,392
4509,1
4509,14
4509,399
4510,14
4510,422
4511,13
4511,14
4511,57
4512,14
4512,28
4512,399
4513,10
4513,14
4513,18
4514,14
4514,54
4514,214
4515,14
4515,214
4515,399
4516,14
4516,57
4516,399
4517,9
4517,14
4517,57
4518,13
4518,57
4518,143
4519,13
4519,14
4519,895
4520,14
4520,57
4520,143
4521,14
4521,57
4522,14
4522,615
4523,14
4523,59
4523,406
4524,14
4524,52
4524,114
4525,14
4525,54
4525,57
4526,14
4526,54
4526,399
4527,14
4527,54
4527,399
4528,10
4528,14
4528,896
4529,14
4529,52
4529,54
4530,13
4530,612
4530,896
4531,14
4531,54
4532,14
4532,54
4532,896
4533,14
4533,54
4534,14
4534,54
4535,14
4535,21
4535,54
4536,56
4536,79
4536,213
4537,1
4537,14
4537,191
4537,399
4538,13
4538,14
4538,185
4539,14
4539,57
4539,651
4540,14
4540,54
4540,214
4541,14
4541,399
4541,897
4542,2
4542,14
4542,518
4543,10
4543,14
4544,2
4544,13
4544,14
4545,10
4545,14
4545,399
4546,10
4546,14
4546,896
4547,13
4547,39
4547,864
4548,10
4548,14
4548,399
4549,2
4549,25
4549,114
4550,14
4550,93
4550,94
4551,12
4551,14
4551,57
4552,2
4552,18
4553,13
4553,21
4553,412
4554,10
4554,14
4554,68
4555,2
4555,12
4555,18
4556,14
4556,54
4556,214
4557,2
4557,18
4557,84
4558,14
4558,21
4559,14
4559,57
4560,2
4560,18
4561,14
4561,65
4561,898
4562,13
4562,14
4562,54
4563,14
4563,422
4563,680
4564,2
4564,14
4564,21
4565,14
4565,900
4565,901
4566,2
4566,18
4567,10
4567,14
4567,21
4568,14
4568,49
4568,399
4569,14
4569,34
4569,399
4570,10
4570,13
4570,68
4571,10
4571,13
4571,14
4571,214
4572,14
4572,213
4573,14
4573,399
4573,547
4574,10
4574,14
4574,57
4575,56
4575,73
4575,310
4576,73
4576,228
4576,239
4577,2
4577,3
4577,8
4578,21
4578,163
4579,54
4579,57
4580,1
4580,199
4580,253
4581,19
4581,213
4582,21
4582,163
4582,213
4583,2
4583,12
4583,902
4584,2
4584,66
4584,68
4585,1
4585,2
4585,12
4586,1
4586,12
4586,150
4587,19
4587,903
4588,34
4588,49
4588,74
4589,2
4589,25
4589,67
4590,2
4590,18
4590,66
4591,1
4591,10
4591,74
4592,2
4592,25
4592,31
4593,8
4593,10
4593,213
4594,189
4594,863
4594,904
4595,21
4595,342
4596,2
4596,12
4596,96
4597,1
4597,75
4597,79
4598,2
4598,346
4599,4
4599,12
4600,2
4600,12
4600,18
4601,2
4601,31
4602,1
4602,2
4602,520
4603,2
4603,21
4603,905
4604,1
4604,10
4605,2
4605,12
4605,15
4606,1
4606,2
4606,10
4607,2
4607,11
4607,298
4608,1
4608,79
4609,2
4609,66
4610,2
4610,19
4610,99
4611,12
4611,21
4612,76
4612,596
4612,906
4613,14
4613,52
4614,14
4614,39
4614,54
4615,14
4615,613
4616,10
4616,13
4616,14
4617,14
4617,703
4618,14
4618,54
4618,399
4619,14
4619,196
4619,304
4620,13
4620,14
4620,362
4621,14
4621,54
4621,57
4622,10
4622,14
4622,214
4623,2
4623,14
4623,114
4623,154
4624,10
4624,13
4624,14
4625,14
4625,831
4626,14
4626,57
4627,2
4627,18
4627,84
4628,8
4628,14
4628,213
4629,14
4629,21
4630,10
4630,14
4630,896
4631,2
4631,12
4632,14
4632,399
4632,908
4633,2
4633,12
4633,114
4634,10
4634,14
4634,57
4635,2
4635,276
4635,277
4636,14
4636,57
4636,143
4637,14
4637,52
4637,146
4638,14
4638,57
4639,1
4639,10
4639,14
4640,14
4640,54
4640,195
4641,14
4641,52
4641,399
4642,14
4642,889
4642,909
4642,910
4643,76
4643,186
4643,697
4644,10
4644,14
4644,638
4645,2
4645,633
4645,911
4645,912
4646,14
4646,21
4647,14
4647,399
4647,585
4648,2
4648,18
4649,14
4649,52
4650,14
4650,52
4651,14
4651,399
4651,913
4652,10
4652,13
4652,14
4653,14
4653,26
4653,383
4654,10
4654,14
4654,57
4655,10
4655,14
4655,94
4656,2
4656,464
4656,633
4657,10
4657,14
4657,57
4658,10
4658,14
4658,57
4659,13
4659,14
4659,52
4660,14
4660,613
4661,14
4661,703
4662,14
4662,399
4662,914
4663,105
4663,310
4663,607
4664,14
4664,213
4664,443
4665,13
4665,14
4665,355
4666,14
4666,57
4667,10
4667,13
4667,14
4668,13
4668,14
4668,34
4669,14
4669,63
4669,399
4670,10
4670,14
4670,399
4671,14
4671,73
4672,14
4672,39
4672,399
4673,14
4673,831
4673,915
4674,12
4674,21
4675,14
4675,173
4676,14
4676,39
4676,57
4677,10
4677,13
4677,39
4678,8
4678,14
4678,29
4679,14
4679,29
4679,75
4680,13
4680,14
4680,29
4681,14
4681,916
4682,14
4682,21
4682,38
4683,1
4683,14
4683,54
4684,14
4684,96
4684,399
4685,1
4685,14
4685,57
4686,14
4686,803
4687,14
4687,29
4687,399
4688,14
4688,54
4688,57
4689,14
4689,57
4690,14
4690,57
4690,311
4691,10
4691,13
4691,14
4692,14
4692,51
4692,831
4693,14
4693,18
4693,399
4694,14
4694,57
4694,191
4695,34
4695,342
4696,57
4696,68
4696,632
4697,1
4697,69
4697,918
4698,2
4698,4
4698,100
4699,21
4699,327
4699,835
4700,10
4700,29
4700,40
4700,79
4701,49
4701,191
4702,119
4702,120
4703,65
4703,66
4703,70
4704,2
4704,8
4704,25
4705,2
4705,65
4705,66
4706,65
4706,66
4706,275
4707,65
4707,66
4707,275
4708,65
4708,66
4708,70
4709,65
4709,66
4709,137
4710,2
4710,66
4710,427
4711,65
4711,66
4711,919
4712,49
4712,74
4712,95
4713,2
4713,14
4713,68
4714,920
4714,921
4715,12
4715,18
4715,585
4716,56
4716,920
4716,922
4717,6
4717,141
4717,182
4718,2
4718,25
4718,152
4719,754
4719,920
4720,18
4720,21
4721,14
4721,18
4721,57
4722,14
4722,57
4722,653
4723,66
4723,137
4723,287
4724,2
4724,12
4724,66
4724,923
4725,56
4725,920
4725,922
4726,1
4726,2
4726,26
4727,2
4727,25
4727,114
4728,2
4728,10
4728,146
4729,12
4729,19
4729,84
4730,18
4730,96
4731,2
4732,12
4732,67
4732,173
4733,2
4733,18
4733,84
4734,2
4734,31
4734,83
4735,2
4735,12
4735,150
4736,2
4736,18
4736,194
4737,1
4737,2
4737,8
4738,57
4738,74
4738,360
4739,14
4739,57
4739,924
4740,1
4740,8
4740,57
4741,1
4741,2
4741,12
4742,12
4742,19
4742,24
4743,25
4743,132
4743,360
4744,2
4744,34
4744,81
4745,2
4745,12
4745,166
4745,304
4746,21
4746,63
4747,21
4747,63
4747,327
4748,57
4748,109
4748,371
4749,2
4749,18
4749,26
4750,8
4750,36
4750,79
4751,4
4751,32
4751,298
4752,8
4752,10
4752,925
4753,2
4753,66
4754,2
4754,151
4754,152
4755,2
4755,21
4755,66
4756,2
4756,86
4757,256
4757,590
4757,797
4758,213
4758,590
4758,797
4759,828
4759,926
4760,2
4760,176
4760,276
4761,32
4761,298
4762,2
4762,83
4762,151
4763,2
4763,66
4763,105
4764,19
4764,38
4765,2
4765,18
4766,1
4766,8
4766,380
4767,2
4767,4
4767,12
4768,8
4768,122
4768,927
4768,928
4769,8
4769,590
4769,638
4770,2
4770,18
4770,84
4771,2
4771,18
4772,2
4772,25
4772,31
4773,26
4773,61
4773,452
4774,32
4774,144
4774,466
4775,2
4775,26
4775,379
4776,75
4776,76
4776,79
4777,79
4777,783
4778,119
4778,120
4778,121
4778,122
4778,841
4779,43
4779,183
4779,820
4780,326
4780,337
4780,574
4781,8
4781,114
4781,337
4782,2
4782,12
4782,66
4783,19
4783,26
4783,68
4784,2
4784,100
4784,929
4785,13
4785,76
4785,181
4786,2
4786,84
4786,452
4787,1
4787,49
4787,213
4788,163
4788,213
4789,21
4789,163
4789,213
4790,2
4790,237
4791,8
4791,68
4791,170
4791,555
4792,34
4792,71
4792,195
4793,65
4793,66
4793,75
4794,19
4794,42
4794,199
4795,2
4795,25
4795,67
4796,2
4796,18
4797,10
4797,68
4797,150
4798,68
4798,150
4798,930
4799,2
4799,25
4799,31
4800,2
4800,39
4801,1
4801,2
4801,8
4802,2
4802,18
4803,1
4803,33
4804,2
4804,12
4804,25
4805,2
4805,25
4806,10
4806,21
4807,10
4807,21
4807,349
4808,2
4808,32
4809,2
4809,113
4809,407
4810,8
4810,79
4810,94
4810,169
4811,6
4811,75
4811,94
4812,89
4812,906
4813,76
4813,129
4813,373
4814,1
4814,74
4814,76
4815,21
4815,63
4816,2
4816,114
4816,132
4817,2
4817,152
4817,277
4818,2
4818,18
4819,2
4819,66
4820,2
4820,66
4821,13
4821,57
4821,397
4822,13
4822,119
4822,120
4822,121
4822,122
4822,426
4823,14
4823,22
4823,64
4824,14
4824,57
4824,94
4825,2
4825,66
4826,1
4826,6
4826,39
4827,2
4827,66
4827,152
4828,2
4828,21
4828,65
4829,2
4829,66
4829,350
4830,18
4830,43
4831,10
4831,19
4831,117
4832,2
4832,25
4832,114
4833,2
4833,26
4833,114
4834,1
4834,20
4834,68
4835,2
4835,25
4836,163
4836,412
4836,724
4837,2
4837,4
4837,5
4838,65
4838,66
4838,304
4839,18
4839,21
4840,2
4840,12
4840,18
4841,2
4841,18
4842,2
4842,18
4842,19
4843,2
4843,25
4843,31
4844,2
4844,25
4844,31
4845,6
4845,26
4845,68
4845,94
4846,66
4846,68
4846,735
4847,73
4847,279
4848,10
4848,18
4848,773
4849,10
4849,95
4850,3
4850,4
4850,931
4851,26
4851,455
4852,38
4852,309
4852,932
4853,2
4853,26
4853,455
4854,2
4854,19
4854,140
4855,2
4855,3
4855,4
4856,39
4856,57
4857,2
4857,12
4857,152
4858,37
4858,79
4859,2
4859,18
4859,174
4860,13
4860,39
4860,57
4861,2
4861,183
4861,406
4862,65
4862,66
4862,137
4863,6
4863,13
4863,39
4864,2
4864,66
4864,70
4865,2
4865,8
4865,79
4866,9
4866,22
4866,707
4867,2
4867,12
4867,154
4868,65
4868,66
4868,137
4869,1
4869,84
4869,933
4870,2
4870,12
4870,18
4871,2
4871,14
4871,22
4872,1
4872,40
4872,199
4873,2
4873,18
4874,1
4874,42
4874,199
4875,25
4875,39
4875,641
4876,1
4876,147
4876,934
4877,2
4877,86
4877,147
4878,6
4878,35
4878,94
4879,2
4879,25
4879,152
4880,2
4880,14
4880,562
4881,2
4881,32
4881,153
4881,157
4882,2
4882,25
4882,199
4883,1
4883,22
4883,39
4884,2
4884,21
4884,114
4885,2
4885,114
4885,253
4886,12
4886,18
4886,25
4887,25
4887,84
4887,362
4888,19
4888,140
4889,59
4889,146
4889,304
4890,105
4890,136
4890,258
4891,28
4891,614
4891,935
4892,1
4892,79
4892,96
4893,34
4893,195
4894,21
4894,61
4894,76
4895,8
4895,10
4895,237
4895,341
4896,19
4896,566
4897,8
4897,94
4897,936
4898,8
4898,213
4898,395
4899,8
4899,21
4899,163
4900,8
4900,213
4900,845
4901,42
4901,104
4901,397
4901,937
4902,163
4902,655
4903,8
4903,94
4903,172
4904,8
4904,68
4904,213
4905,8
4905,96
4906,8
4906,166
4906,797
4907,2
4907,18
4908,2
4908,176
4908,276
4909,1
4909,2
4909,12
4910,2
4910,25
4910,31
4911,2
4911,56
4911,66
4912,1
4912,14
4912,94
4913,57
4913,143
4913,938
4914,2
4914,141
4914,199
4915,1
4915,2
4915,401
4916,64
4916,378
4916,819
4917,37
4917,69
4917,79
4918,2
4918,12
4918,18
4919,2
4919,18
4919,193
4920,37
4920,75
4920,79
4921,75
4921,79
4921,580
4922,79
4922,580
4922,939
4923,12
4923,21
4923,75
4924,99
4924,395
4925,2
4925,21
4926,1
4926,2
4926,12
4927,543
4927,571
4928,26
4928,928
4928,940
4929,8
4929,10
4929,213
4929,724
4930,34
4930,81
4930,261
4931,8
4931,53
4931,240
4932,8
4932,275
4932,401
4933,1
4933,22
4933,69
4934,36
4934,79
4934,237
4935,39
4935,57
4935,941
4936,18
4936,193
4936,198
4937,34
4937,455
4938,3
4938,4
4938,57
4939,11
4939,32
4939,66
4940,2
4940,3
4940,26
4941,2
4941,18
4942,2
4942,25
4942,31
4943,21
4943,39
4943,163
4944,57
4944,213
4944,485
4945,2
4945,35
4945,66
4946,2
4946,66
4947,2
4947,66
4947,68
4948,2
4948,66
4948,151
4949,2
4949,18
4950,2
4950,68
4950,346
4951,2
4951,18
4951,194
4952,34
4952,68
4952,174
4953,2
4953,8
4953,113
4954,2
4954,5
4954,457
4955,2
4955,18
4955,457
4956,2
4956,18
4957,2
4957,66
4958,2
4958,66
4959,2
4959,18
4960,2
4960,175
4960,277
4961,12
4961,25
4961,114
4962,2
4962,18
4962,84
4963,57
4963,214
4964,20
4964,346
4965,2
4965,5
4966,2
4966,200
4966,462
4967,24
4967,29
4967,942
4968,2
4968,4
4968,21
4969,2
4969,18
4970,10
4970,21
4970,195
4971,39
4971,57
4971,382
4972,2
4972,12
4972,26
4973,2
4973,105
4974,21
4974,140
4974,566
4975,2
4975,943
4975,944
4976,2
4976,21
4977,2
4977,943
4977,945
4978,2
4978,12
4978,25
4979,34
4979,71
4979,184
4980,21
4980,184
4981,94
4981,784
4982,63
4982,146
4982,288
4983,14
4983,21
4983,199
4984,2
4984,33
4984,34
4985,2
4985,25
4986,8
4986,94
4986,184
4987,2
4987,4
4987,318
4988,1
4988,79
4989,75
4989,147
4990,75
4990,147
4990,327
4991,21
4991,163
4991,213
4992,2
4992,33
4992,576
4993,2
4993,25
4993,152
4994,25
4994,40
4994,390
4995,25
4995,232
4995,641
4996,2
4996,5
4997,2
4997,18
4998,2
4998,18
4999,38
4999,214
4999,946
5000,21
5000,76
5000,197
5001,76
5001,214
5001,911
5002,2
5002,18
5002,947
5003,2
5003,151
5003,152
5004,2
5004,25
5005,2
5005,175
5005,277
5006,34
5006,157
5006,178
5007,2
5007,67
5007,193
5007,569
5008,2
5008,66
5009,12
5009,67
5009,717
5010,2
5010,67
5010,236
5011,50
5011,75
5011,298
5012,2
5012,178
5012,188
5013,76
5013,344
5014,79
5014,94
5015,66
5015,427
5016,75
5016,174
5016,948
5017,2
5017,11
5017,32
5018,28
5018,213
5018,949
5019,2
5019,12
5019,18
5019,25
5020,20
5020,146
5021,2
5021,18
5021,157
5022,2
5022,18
5023,13
5023,39
5023,57
5024,13
5024,39
5024,50
5024,57
5025,2
5025,18
5026,18
5026,21
5026,237
5027,2
5027,11
5027,152
5028,2
5028,276
5029,2
5029,18
5030,2
5030,126
5030,755
5031,2
5031,96
5031,152
5032,2
5032,56
5032,81
5033,2
5033,25
5033,114
5034,13
5034,39
5034,57
5035,2
5035,12
5035,18
5035,25
5036,2
5036,18
5037,1
5037,2
5037,199
5038,2
5038,18
5039,1
5039,6
5039,199
5040,2
5040,12
5040,18
5041,2
5041,18
5042,21
5042,342
5043,34
5043,75
5043,136
5044,26
5044,74
5044,75
5045,2
5045,65
5045,275
5046,2
5046,5
5047,49
5047,697
5047,709
5048,2
5048,18
5048,84
5049,2
5049,31
5049,83
5050,2
5050,66
5051,2
5051,66
5052,1
5052,8
5052,41
5053,1
5053,2
5053,950
5054,56
5054,81
5054,951
5055,2
5055,31
5056,6
5056,12
5056,13
5056,39
5057,2
5057,49
5057,209
5058,2
5058,65
5059,1
5059,6
5059,39
5060,2
5060,161
5060,952
5061,2
5061,18
5062,2
5062,4
5062,123
5062,471
5063,57
5063,96
5064,2
5064,100
5064,490
5065,12
5065,21
5065,440
5066,2
5066,114
5066,703
5067,64
5067,79
5067,443
5067,953
5068,2
5068,25
5068,66
5069,2
5069,18
5070,49
5070,195
5071,68
5071,93
5071,94
5072,49
5072,903
5073,2
5073,25
5073,114
5074,49
5074,76
5075,8
5075,114
5075,199
5076,2
5076,18
5076,25
5077,1
5077,2
5077,132
5078,25
5078,114
5078,360
5079,1
5079,199
5079,954
5080,12
5080,19
5080,99
5081,21
5081,543
5081,955
5082,2
5082,152
5083,49
5083,76
5084,2
5084,10
5084,12
5085,2
5085,18
5086,2
5086,31
5086,114
5087,39
5087,57
5088,14
5088,57
5089,14
5089,196
5089,399
5090,2
5090,25
5090,67
5091,39
5091,57
5091,203
5092,10
5092,21
5092,63
5093,21
5093,38
5093,76
5094,8
5094,328
5094,723
5095,13
5095,21
5095,638
5096,2
5096,18
5097,333
5097,395
5097,956
5098,10
5098,21
5098,213
5099,2
5099,34
5099,178
5100,12
5100,21
5100,57
5101,65
5101,66
5101,161
5102,79
5102,96
5102,957
5103,6
5103,26
5103,958
5104,2
5104,66
5105,2
5105,12
5105,25
5106,2
5106,66
5107,2
5107,4
5107,14
5108,1
5108,2
5108,43
5109,21
5109,65
5109,851
5110,2
5110,56
5110,819
5111,61
5111,959
5112,1
5112,2
5112,6
5113,28
5113,49
5113,935
5114,163
5114,213
5114,412
5115,2
5115,66
5116,19
5116,342
5117,2
5117,66
5117,68
5118,2
5118,18
5119,2
5119,10
5119,35
5120,2
5120,5
5121,2
5121,25
5122,66
5122,68
5122,99
5123,2
5123,12
5123,32
5124,2
5124,84
5125,10
5125,12
5125,32
5126,2
5126,25
5126,31
5127,2
5127,152
5127,277
5128,2
5128,4
5128,100
5129,100
5129,861
5130,2
5130,25
5130,67
5131,100
5131,861
5132,2
5132,35
5132,38
5133,2
5133,18
5133,84
5134,8
5134,92
5135,8
5135,174
5135,650
5136,2
5136,25
5136,152
5137,2
5137,66
5138,14
5138,360
5139,2
5139,105
5140,2
5140,105
5141,6
5141,94
5141,960
5142,6
5142,34
5142,39
5142,215
5143,2
5143,31
5143,83
5144,21
5144,38
5145,21
5145,38
5146,76
5146,181
5146,214
5147,2
5147,12
5147,19
5148,12
5148,193
5148,585
5149,2
5149,84
5150,2
5150,18
5151,2
5151,176
5151,276
5152,18
5152,84
5153,79
5153,963
5154,66
5154,137
5154,287
5155,2
5155,18
5156,19
5156,26
5156,92
5157,2
5157,18
5158,1
5158,8
5158,10
5159,2
5159,18
5159,84
5160,21
5160,75
5161,65
5161,66
5161,137
5162,2
5162,66
5162,152
5163,76
5163,143
5164,76
5164,119
5164,737
5165,2
5165,18
5165,84
5166,2
5166,11
5166,32
5167,8
5167,174
5167,188
5168,2
5168,18
5169,1
5169,2
5169,18
5170,2
5170,26
5170,113
5171,10
5171,12
5171,21
5171,29
5172,89
5172,94
5172,211
5173,8
5173,19
5173,964
5174,12
5174,66
5174,75
5175,21
5175,79
5176,2
5176,18
5177,21
5177,483
5178,2
5178,18
5178,194
5179,119
5179,120
5179,121
5179,264
5180,94
5180,96
5180,965
5181,2
5181,21
5181,310
5182,2
5182,25
5183,65
5183,66
5183,825
5184,10
5184,543
5184,547
5185,1
5185,8
5185,341
5186,2
5186,8
5186,18
5187,34
5187,46
5187,81
5188,2
5188,18
5189,2
5189,18
5190,1
5190,2
5190,61
5191,19
5191,49
5191,966
5192,2
5192,18
5192,43
5193,2
5193,18
5193,25
5194,22
5194,57
5194,350
5195,2
5195,12
5195,157
5196,2
5196,35
5196,967
5197,10
5197,22
5197,157
5198,2
5198,18
5199,2
5199,66
5199,137
5200,2
5200,12
5200,25
5201,2
5201,18
5202,2
5202,18
5202,25
5203,2
5203,21
5204,21
5204,76
5205,39
5205,66
5205,75
5206,2
5206,151
5206,152
5207,2
5207,18
5208,12
5208,14
5208,22
5209,2
5209,12
5209,18
5210,8
5210,10
5210,138
5211,10
5211,104
5211,812
5212,10
5212,39
5212,310
5212,664
5213,1
5213,39
5213,968
5214,29
5214,75
5214,821
5215,2
5215,12
5215,25
5216,2
5216,32
5216,132
5217,126
5217,738
5217,969
5218,8
5218,94
5218,415
5219,2
5219,5
5219,86
5220,14
5220,22
5220,43
5221,65
5221,66
5221,137
5222,2
5222,12
5222,18
5222,586
5223,2
5223,66
5223,152
5224,2
5224,5
5224,970
5225,57
5225,971
5226,2
5226,114
5227,57
5227,105
5228,2
5228,25
5229,54
5229,57
5230,65
5230,66
5230,137
5231,2
5231,25
5231,114
5232,10
5232,13
5232,39
5233,2
5233,66
5234,25
5234,95
5234,132
5235,12
5235,21
5235,73
5236,39
5236,66
5236,75
5237,2
5237,34
5237,65
5238,2
5238,34
5238,66
5239,2
5239,199
5240,57
5240,380
5241,1
5241,2
5241,142
5242,2
5242,65
5242,66
5243,6
5243,93
5243,147
5244,250
5244,401
5244,974
5245,2
5245,18
5245,25
5246,1
5246,26
5246,42
5247,79
5247,215
5247,976
5248,2
5248,25
5248,114
5249,2
5249,31
5250,5
5250,105
5250,350
5251,2
5251,105
5252,2
5252,12
5252,21
5253,79
5253,89
5253,105
5254,76
5254,79
5254,148
5255,10
5255,105
5255,146
5256,2
5256,67
5257,65
5257,66
5257,137
5258,34
5258,75
5258,195
5259,14
5259,34
5260,65
5260,66
5260,70
5261,13
5261,34
5261,410
5262,65
5262,81
5262,499
5263,2
5263,25
5263,31
5264,2
5264,18
5265,2
5265,4
5265,34
5266,2
5266,151
5266,457
5267,8
5267,57
5267,146
5268,2
5268,12
5268,25
5269,1
5269,6
5269,74
5270,65
5270,66
5270,964
5271,2
5271,66
5272,61
5272,95
5273,12
5273,21
5273,140
5273,191
5274,18
5274,34
5275,2
5275,25
5275,31
5276,34
5276,675
5277,13
5277,34
5277,675
5278,13
5278,34
5278,57
5279,13
5279,184
5279,215
5280,2
5280,65
5280,66
5281,2
5281,725
5282,2
5282,10
5282,39
5282,215
5283,2
5283,13
5283,215
5284,2
5284,66
5284,151
5285,13
5285,39
5285,114
5286,10
5286,13
5286,39
5287,25
5287,376
5287,977
5288,43
5288,213
5288,256
5288,629
5289,2
5289,31
5289,114
5290,43
5290,213
5290,627
5291,2
5291,32
5291,157
5292,32
5292,75
5292,978
5292,979
5293,1
5293,2
5293,12
5294,66
5294,228
5294,251
5295,21
5295,330
5296,1
5296,42
5296,199
5297,37
5297,75
5297,79
5298,14
5298,64
5298,94
5299,2
5299,14
5299,26
5300,2
5300,18
5301,2
5301,18
5302,2
5302,12
5302,19
5303,1
5303,2
5303,75
5304,2
5304,25
5305,75
5305,79
5305,719
5306,29
5306,76
5306,210
5307,8
5307,21
5307,99
5308,2
5308,12
5309,65
5309,66
5309,70
5310,31
5310,158
5310,980
5311,2
5311,12
5311,26
5312,65
5312,66
5312,137
5313,2
5313,66
5313,137
5314,2
5314,146
5314,514
5315,2
5315,12
5315,26
5316,2
5316,12
5316,407
5317,2
5317,12
5317,25
5318,21
5318,38
5318,79
5319,66
5319,75
5319,394
5320,2
5320,18
5321,21
5321,317
5321,981
5322,2
5322,12
5322,25
5323,12
5323,114
5323,233
5324,2
5324,12
5324,25
5325,19
5325,68
5325,982
5326,21
5326,63
5327,29
5327,49
5327,983
5328,2
5328,8
5328,113
5329,8
5329,213
5329,590
5330,2
5330,15
5330,75
5331,2
5331,18
5332,1
5332,2
5333,2
5333,18
5334,984
5334,985
5335,28
5335,29
5335,475
5336,2
5336,18
5337,2
5337,19
5337,328
5338,25
5338,95
5338,122
5338,653
5339,2
5339,26
5339,114
5340,1
5340,8
5340,195
5341,2
5341,56
5341,114
5342,12
5342,79
5342,574
5343,2
5343,18
5344,2
5344,12
5344,21
5345,25
5345,95
5345,113
5346,10
5346,207
5347,2
5347,19
5347,68
5348,96
5348,105
5348,259
5349,2
5349,12
5349,18
5350,2
5350,3
5350,4
5351,2
5351,18
5351,194
5352,14
5352,21
5353,2
5353,86
5353,151
5354,10
5354,21
5354,279
5355,1
5355,18
5355,193
5356,2
5356,18
5356,193
5357,39
5357,57
5357,399
5358,57
5358,94
5358,184
5359,39
5359,43
5359,57
5360,2
5360,21
5360,693
5361,56
5361,107
5361,987
5362,56
5362,107
5362,337
5363,56
5363,73
5363,107
5364,2
5364,18
5365,18
5365,34
5365,416
5366,2
5366,18
5367,21
5367,140
5368,21
5368,63
5369,2
5369,12
5369,26
5370,114
5370,988
5371,21
5371,63
5372,38
5372,970
5372,989
5373,2
5373,18
5374,10
5374,213
5374,990
5375,12
5375,21
5375,63
5376,2
5376,25
5376,113
5377,2
5377,114
5377,392
5378,2
5378,8
5378,114
5379,2
5379,25
5380,2
5380,12
5380,25
5381,22
5381,94
5381,215
5382,6
5382,12
5382,147
5383,2
5383,66
5384,2
5384,12
5384,867
5385,2
5385,18
5386,2
5386,105
5387,2
5387,4
5387,123
5388,2
5388,12
5388,21
5389,2
5389,12
5389,21
5390,2
5390,15
5391,6
5391,93
5391,94
5392,8
5392,12
5392,96
5393,15
5393,57
5393,467
5394,2
5394,12
5394,193
5395,2
5395,12
5395,25
5396,39
5396,57
5396,159
5397,8
5397,213
5397,655
5398,2
5398,176
5398,276
5399,2
5399,26
5399,152
5400,2
5400,66
5401,21
5401,63
5402,1
5402,8
5402,94
5403,2
5403,18
5403,32
5404,2
5404,12
5405,2
5405,25
5405,280
5406,11
5406,32
5406,100
5407,2
5407,32
5408,2
5408,152
5408,277
5409,12
5409,18
5410,2
5410,25
5410,114
5411,1
5411,2
5411,26
5412,2
5412,12
5412,29
5412,39
5413,39
5413,57
5414,2
5414,275
5415,2
5415,66
5415,151
5416,2
5416,18
5417,2
5417,35
5417,980
5418,2
5418,18
5419,10
5419,138
5419,991
5420,75
5420,79
5420,992
5421,49
5421,754
5421,993
5422,2
5422,66
5422,68
5423,2
5423,18
5423,178
5424,61
5424,76
5424,510
5425,2
5425,32
5425,157
5426,21
5426,76
5426,345
5427,76
5427,994
5428,6
5428,39
5428,57
5429,2
5429,12
5429,66
5430,2
5430,19
5431,15
5431,37
5431,38
5431,86
5432,76
5432,633
5432,995
5433,2
5433,12
5433,25
5434,14
5434,57
5435,13
5435,34
5435,673
5436,2
5436,18
5437,1
5437,79
5437,96
5438,2
5438,276
5438,277
5439,1
5439,46
5439,96
5440,2
5440,25
5440,123
5441,65
5441,66
5441,137
5442,2
5442,66
5443,2
5443,49
5443,166
5444,2
5444,21
5444,65
5445,32
5445,76
5445,996
5446,21
5446,163
5447,2
5447,18
5447,67
5448,21
5448,63
5449,56
5449,310
5449,932
5450,2
5450,18
5450,35
5451,14
5451,267
5451,997
5452,333
5452,998
5453,2
5453,31
5453,83
5454,2
5454,105
5455,2
5455,21
5456,21
5456,63
5457,10
5457,13
5457,75
5457,313
5458,8
5458,10
5458,13
5459,13
5459,315
5459,638
5459,1000
5460,10
5460,12
5460,13
5461,2
5461,12
5461,96
5462,12
5462,57
5463,49
5463,191
5464,12
5464,105
5464,607
5465,12
5465,19
5465,166
5466,105
5466,350
5466,351
5467,12
5467,76
5467,105
5468,12
5468,105
5468,607
5469,12
5469,21
5469,454
5470,12
5470,76
5470,105
5471,19
5471,33
5471,342
5472,2
5472,12
5472,79
5473,1
5473,95
5473,426
5474,12
5474,236
5474,489
5475,2
5475,12
5475,75
5476,1
5476,2
5476,520
5477,2
5477,12
5477,26
5478,2
5478,12
5478,79
5479,19
5479,26
5479,109
5480,2
5480,61
5480,114
5481,2
5481,12
5481,68
5482,119
5482,120
5482,121
5482,264
5483,32
5483,35
5483,105
5484,2
5484,65
5484,66
5485,2
5485,18
5486,2
5486,25
5487,22
5487,39
5487,57
5488,2
5488,176
5488,361
5488,702
5489,2
5489,25
5489,152
5490,2
5490,18
5491,2
5491,21
5491,65
5492,2
5492,66
5493,2
5493,18
5493,84
5494,34
5494,63
5494,66
5495,2
5495,18
5496,2
5496,31
5497,2
5497,18
5497,194
5498,2
5498,18
5499,2
5499,18
5500,1
5500,10
5500,138
5501,1
5501,39
5501,57
5502,66
5502,184
5503,2
5503,57
5503,100
5504,2
5504,18
5504,1001
5505,8
5505,18
5505,1002
5506,2
5506,18
5507,9
5507,10
5508,2
5508,18
5508,84
5509,2
5509,12
5509,18
5510,2
5510,18
5510,66
5511,2
5511,32
5512,2
5512,176
5512,276
5513,79
5513,1003
5514,2
5514,18
5514,147
5515,39
5515,57
5516,2
5516,25
5516,31
5517,73
5517,107
5517,248
5518,25
5518,237
5518,284
5519,11
5519,32
5519,144
5520,2
5520,25
5520,114
5521,2
5521,18
5521,84
5522,1
5522,22
5522,380
5523,1
5523,2
5523,68
5524,36
5524,1004
5524,1005
5525,2
5525,18
5526,12
5526,66
5526,105
5526,137
5527,21
5527,63
5528,2
5528,12
5528,18
5529,2
5529,12
5530,65
5530,66
5530,146
5531,2
5531,114
5532,2
5532,21
5532,99
5533,8
5533,29
5533,49
5534,49
5534,196
5535,32
5535,65
5535,81
5536,14
5536,22
5536,1006
5537,6
5537,93
5537,94
5538,1
5538,146
5538,1007
5539,1
5539,2
5539,643
5540,2
5540,18
5541,2
5541,12
5541,215
5542,21
5542,79
5542,304
5543,46
5543,376
5544,46
5544,376
5545,46
5545,376
5546,2
5546,18
5546,194
5547,25
5547,29
5547,376
5548,2
5548,18
5548,84
5549,2
5549,25
5549,31
5550,2
5550,276
5550,277
5551,2
5551,18
5552,2
5552,65
5552,66
5553,65
5553,66
5553,137
5554,2
5554,25
5554,152
5555,2
5555,66
5555,151
5556,2
5556,25
5556,237
5557,2
5557,66
5557,68
5558,2
5558,12
5558,26
5559,33
5559,39
5559,57
5560,2
5560,18
5561,2
5561,14
5561,462
5562,76
5562,186
5562,373
5563,21
5563,33
5563,342
5564,1
5564,2
5564,12
5565,2
5565,12
5565,147
5566,2
5566,32
5566,114
5567,1
5567,2
5567,56
5568,1
5568,2
5568,57
5569,12
5569,96
5569,1008
5570,2
5570,66
5570,277
5571,21
5571,140
5572,18
5572,279
5572,764
5573,2
5573,276
5573,277
5574,2
5574,18
5574,21
5575,15
5575,114
5576,2
5576,66
5576,96
5577,75
5577,115
5577,314
5578,21
5578,75
5578,314
5579,1
5579,75
5579,96
5580,26
5580,373
5580,977
5581,37
5581,75
5581,314
5582,12
5582,21
5582,75
5583,2
5583,18
5583,105
5584,2
5584,12
5584,21
5585,28
5585,29
5585,213
5586,129
5586,435
5586,1009
5587,1
5587,100
5587,644
5588,21
5588,196
5588,524
5589,2
5589,12
5589,26
5590,2
5590,12
5590,19
5591,19
5591,140
5592,2
5592,114
5593,2
5593,21
5593,75
5594,1
5594,79
5595,21
5595,75
5595,79
5596,2
5596,21
5596,161
5597,12
5597,25
5597,79
5598,2
5598,66
5599,2
5599,12
5599,18
5600,2
5600,18
5600,616
5601,8
5601,64
5601,94
5602,8
5602,94
5602,355
5603,1
5603,25
5603,447
5604,10
5604,75
5604,939
5605,105
5605,298
5605,350
5606,2
5606,25
5606,114
5607,2
5607,66
5608,34
5608,71
5608,184
5609,65
5609,66
5609,75
5610,2
5610,12
5610,18
5611,2
5611,25
5612,46
5612,395
5613,57
5613,66
5613,258
5614,2
5614,18
5615,2
5615,18
5616,2
5616,34
5617,65
5617,66
5617,1010
5618,66
5618,75
5619,2
5619,21
5619,157
5620,2
5620,18
5620,100
5621,2
5621,5
5622,2
5622,12
5622,43
5623,21
5623,34
5623,195
5624,65
5624,66
5624,275
5625,2
5625,79
5625,385
5626,65
5626,66
5626,137
5627,2
5627,114
5627,157
5628,2
5628,83
5628,114
5629,2
5629,34
5629,42
5630,65
5630,66
5630,137
5630,825
5631,2
5631,105
5632,2
5632,26
5632,114
5633,25
5633,40
5633,390
5634,19
5634,63
5635,26
5635,66
5635,75
5636,10
5636,19
5636,55
5637,2
5637,86
5637,152
5638,138
5638,543
5638,1011
5639,1
5639,12
5639,114
5640,2
5640,152
5640,277
5641,8
5641,32
5641,144
5642,2
5642,5
5642,107
5643,2
5643,18
5644,2
5644,18
5645,2
5645,18
5645,67
5646,1
5646,43
5647,2
5647,18
5647,21
5648,1
5648,2
5648,12
5649,21
5649,63
5650,21
5650,68
5650,157
5651,1
5651,2
5651,132
5652,56
5652,73
5652,1012
5653,1
5653,10
5654,57
5654,209
5654,1013
5655,20
5655,21
5656,4
5656,57
5656,416
5657,2
5657,25
5657,114
5658,21
5658,214
5658,651
5659,25
5659,114
5659,360
5660,2
5660,12
5660,26
5661,13
5661,39
5661,759
5662,1
5662,2
5662,66
5663,2
5663,25
5664,12
5664,66
5664,287
5664,405
5665,39
5665,57
5665,59
5666,2
5666,18
5667,2
5667,18
5667,320
5668,2
5668,39
5668,215
5669,2
5669,18
5669,193
5670,18
5670,92
5670,1014
5671,2
5671,113
5671,1015
5672,21
5672,1016
5672,1017
5673,2
5673,141
5673,199
5674,12
5674,59
5674,1018
5675,2
5675,57
5675,157
5676,8
5676,61
5676,75
5677,8
5677,65
5677,66
5678,14
5678,22
5678,94
5679,1
5679,12
5679,99
5680,8
5680,42
5680,114
5681,19
5681,99
5682,10
5682,21
5683,10
5683,150
5684,1
5684,2
5684,25
5685,10
5685,12
5686,2
5686,18
5687,1
5687,12
5688,2
5688,18
5688,157
5689,11
5689,32
5689,144
5690,65
5690,66
5690,137
5691,10
5691,63
5691,146
5692,10
5692,14
5692,40
5693,2
5693,34
5693,74
5694,2
5694,18
5694,25
5695,2
5695,25
5695,31
5696,2
5696,66
5696,427
5697,129
5697,163
5697,213
5698,157
5698,173
5699,49
5699,79
5699,169
5700,2
5700,66
5700,151
5701,94
5701,174
5701,310
5702,2
5702,18
5702,361
5703,1
5703,68
5703,146
5704,2
5704,8
5704,132
5705,18
5705,34
5706,19
5706,68
5706,1020
5707,21
5707,63
5708,66
5708,75
5708,79
5709,12
5709,19
5709,530
5710,2
5710,18
5710,84
5711,2
5711,18
5712,2
5712,31
5713,2
5713,25
5713,114
5714,2
5714,25
5715,39
5715,57
5716,66
5716,458
5716,870
5717,2
5717,18
5718,2
5718,12
5718,18
5719,12
5719,66
5719,137
5720,94
5720,174
5720,310
5721,2
5721,176
5721,276
5722,2
5722,12
5722,25
5723,76
5723,209
5723,288
5724,21
5724,63
5724,89
5724,288
5725,196
5725,422
5726,433
5726,1021
5726,1022
5727,10
5727,196
5727,612
5728,2
5728,66
5728,67
5729,2
5729,34
5730,2
5730,21
5730,80
5731,59
5731,304
5732,18
5732,34
5733,32
5733,144
5734,34
5734,136
5734,675
5735,2
5735,25
5736,1
5736,2
5736,26
5737,2
5737,11
5737,32
5738,21
5738,100
5739,2
5739,92
5740,2
5740,114
5740,132
5741,2
5741,10
5741,12
5742,2
5742,114
5743,21
5743,75
5743,314
5744,2
5744,100
5744,632
5745,1
5745,8
5745,341
5746,65
5746,66
5746,137
5746,287
5747,65
5747,66
5747,137
5748,1
5748,26
5748,328
5749,79
5749,114
5750,1
5750,39
5750,57
5751,65
5751,66
5751,70
5752,21
5752,71
5752,184
5753,34
5753,71
5753,184
5754,34
5754,71
5754,184
5755,34
5755,71
5755,184
5756,8
5756,12
5756,75
5757,305
5757,898
5757,1023
5758,1
5758,34
5758,549
5759,55
5759,189
5759,195
5760,34
5760,195
5760,234
5761,2
5761,12
5761,105
5762,2
5762,5
5762,18
5763,1
5763,75
5763,79
5764,2
5764,66
5764,70
5765,39
5765,57
5765,1024
5766,2
5766,18
5767,2
5767,18
5767,84
5768,1
5768,49
5768,274
5769,66
5769,75
5769,335
5770,32
5770,731
5770,1025
5771,2
5771,12
5771,105
5772,8
5772,21
5772,863
5773,21
5773,773
5774,2
5774,10
5774,18
5775,167
5775,510
5775,773
5776,2
5776,39
5776,107
5777,21
5777,63
5778,2
5778,11
5778,66
5779,39
5779,57
5779,209
5780,2
5780,25
5780,232
5781,2
5781,25
5781,114
5782,2
5782,25
5782,114
5783,19
5783,140
5784,10
5784,21
5784,279
5785,2
5785,25
5785,114
5786,2
5786,32
5787,12
5787,57
5788,38
5788,66
5788,75
5789,2
5789,12
5789,193
5789,215
5790,2
5790,12
5790,26
5790,245
5791,49
5791,94
5791,1026
5792,12
5792,21
5792,22
5793,4
5793,12
5793,1027
5794,66
5794,79
5795,1
5795,2
5795,12
5796,2
5796,12
5797,2
5797,12
5797,18
5798,29
5798,75
5798,313
5799,2
5799,12
5799,18
5800,12
5800,18
5800,215
5801,75
5801,215
5801,1028
5802,2
5802,10
5802,94
5802,95
5803,21
5803,75
5803,687
5804,10
5804,66
5804,138
5805,2
5805,10
5805,12
5805,25
5806,1
5806,2
5806,113
5807,10
5807,21
5807,34
5808,12
5808,232
5809,2
5809,66
5809,75
5809,137
5810,1
5810,40
5810,456
5811,10
5811,21
5811,310
5812,2
5812,12
5813,2
5813,5
5814,12
5814,25
5815,2
5815,12
5816,117
5816,119
5816,120
5816,486
5817,2
5817,26
5817,132
5818,2
5818,66
5818,144
5819,2
5819,18
5820,2
5820,18
5820,84
5821,2
5821,146
5822,4
5822,18
5822,350
5823,2
5823,5
5824,2
5824,114
5824,1029
5825,50
5825,56
5825,310
5826,56
5826,181
5826,310
5827,21
5827,55
5828,2
5828,3
5828,18
5829,1
5829,10
5829,138
5830,1
5830,12
5830,1030
5831,10
5831,68
5831,138
5831,571
5832,21
5832,74
5832,483
5833,2
5833,25
5833,328
5834,21
5834,61
5835,21
5835,79
5836,1
5836,49
5836,191
5837,49
5837,851
5838,32
5838,144
5839,76
5839,94
5839,446
5840,21
5840,94
5840,446
5841,2
5841,66
5842,12
5842,68
5842,75
5842,420
5843,2
5843,18
5844,2
5844,25
5844,114
5845,34
5845,114
5846,2
5846,66
5847,32
5847,66
5847,144
5848,1
5848,30
5849,12
5849,201
5850,13
5850,14
5850,65
5850,897
5851,6
5851,14
5851,94
5852,66
5852,75
5852,79
5853,14
5853,399
5853,462
5854,14
5854,399
5855,1
5855,2
5855,57
5856,2
5856,18
5856,194
5857,13
5857,14
5857,22
5858,14
5858,57
5859,14
5859,65
5860,39
5860,203
5860,399
5861,14
5861,22
5861,680
5862,2
5862,18
5862,105
5863,10
5863,14
5863,22
5864,2
5864,66
5864,68
5865,18
5865,25
5865,174
5866,1
5866,6
5866,94
5867,10
5867,26
5867,27
5868,1
5868,6
5868,94
5869,2
5869,5
5869,457
5870,14
5870,65
5870,399
5871,1
5871,26
5871,379
5871,918
5872,2
5872,18
5873,2
5873,18
5874,2
5874,152
5874,154
5875,2
5875,18
5876,2
5876,11
5876,25
5877,2
5877,25
5877,114
5878,2
5878,25
5878,31
5879,2
5879,66
5879,144
5880,2
5880,18
5881,24
5881,326
5882,2
5882,21
5882,35
5883,57
5883,380
5884,61
5884,76
5884,803
5885,2
5885,18
5885,194
5886,2
5886,25
5886,31
5887,10
5887,14
5887,29
5888,2
5888,25
5889,2
5889,66
5889,68
5890,2
5890,12
5890,25
5891,2
5891,18
5892,19
5892,75
5892,183
5893,2
5893,276
5893,277
5894,1
5894,12
5894,75
5895,12
5895,75
5895,105
5896,66
5896,75
5896,1031
5897,1
5897,75
5898,2
5898,12
5898,235
5899,22
5899,100
5899,1032
5900,2
5900,12
5900,39
5901,2
5901,12
5901,21
5902,2
5902,26
5902,114
5903,2
5903,12
5903,18
5904,2
5904,10
5904,146
5905,1
5905,75
5905,183
5906,73
5906,1012
5906,1033
5907,57
5907,105
5907,157
5908,2
5908,12
5908,146
5909,13
5909,57
5909,66
5910,13
5910,39
5910,1024
5911,2
5911,12
5911,25
5912,2
5912,66
5912,137
5913,12
5913,16
5914,2
5914,12
5914,18
5915,12
5915,66
5915,137
5916,2
5916,12
5916,25
5917,73
5917,248
5918,1
5918,2
5918,12
5919,2
5919,57
5920,306
5920,1034
5920,1035
5921,2
5921,32
5922,21
5922,63
5922,75
5923,2
5923,39
5923,75
5924,1
5924,75
5924,282
5925,2
5925,18
5925,194
5926,89
5926,906
5927,14
5927,57
5928,2
5928,66
5929,1
5929,13
5929,14
5930,2
5930,25
5930,114
5931,14
5931,56
5931,399
5932,2
5932,176
5932,276
5933,2
5933,11
5933,152
5934,10
5934,21
5934,32
5935,14
5935,22
5935,186
5936,2
5936,18
5937,14
5937,22
5937,186
5937,523
5938,2
5938,8
5938,25
5939,14
5939,217
5939,219
5939,1036
5940,25
5940,113
5940,641
5941,2
5941,12
5941,105
5942,14
5942,39
5942,399
5943,8
5943,174
5943,664
5944,14
5944,75
5944,380
5945,2
5945,66
5946,2
5946,4
5946,18
5947,2
5947,19
5947,732
5948,2
5948,25
5948,152
5949,2
5949,66
5950,2
5950,24
5950,114
5951,2
5951,18
5952,2
5952,18
5953,32
5953,144
5954,2
5954,35
5954,66
5955,2
5955,32
5955,298
5956,2
5956,4
5956,18
5957,2
5957,18
5958,2
5958,4
5958,18
5959,2
5959,18
5959,586
5960,8
5960,12
5960,19
5961,39
5961,57
5962,33
5962,39
5962,57
5963,50
5963,385
5963,1037
5964,57
5964,385
5964,1038
5965,29
5965,217
5965,528
5966,71
5966,355
5966,621
5967,21
5967,49
5968,79
5968,395
5969,2
5969,18
5970,2
5970,12
5970,21
5971,1
5971,26
5971,95
5972,3
5972,4
5972,38
5973,21
5973,68
5973,215
5974,34
5974,46
5975,57
5975,105
5976,21
5976,195
5977,213
5977,990
5978,12
5978,67
5978,193
5978,400
5979,2
5979,25
5979,31
5980,2
5980,25
5980,114
5981,2
5981,3
5982,2
5982,43
5982,66
5983,1
5983,2
5983,14
5984,1
5984,2
5985,2
5985,5
5986,1
5986,10
5986,95
5987,213
5987,922
5988,66
5988,137
5988,287
5989,2
5989,25
5989,114
5990,1
5990,2
5990,147
5991,21
5991,147
5991,237
5992,117
5992,119
5992,121
5992,264
5993,2
5993,12
5993,25
5994,2
5994,12
5994,18
5995,2
5995,26
5995,114
5996,2
5996,18
5996,183
5997,2
5997,18
5998,12
5998,57
5998,105
5999,57
5999,1039
6000,29
6000,75
6000,692
6001,21
6001,89
6001,327
6002,2
6002,12
6002,21
6003,42
6003,114
6003,199
6004,21
6004,195
6005,21
6005,184
6005,327
6006,19
6006,40
6006,199
6007,21
6007,114
6007,327
6008,66
6008,598
6008,599
6009,2
6009,25
6009,31
6010,2
6010,26
6010,66
6011,12
6011,19
6011,43
6012,1
6012,2
6012,95
6013,4
6013,5
6014,34
6014,195
6015,2
6015,18
6016,12
6016,26
6016,96
6017,10
6017,12
6018,2
6018,66
6019,13
6019,57
6019,541
6020,1
6020,2
6020,8
6021,1
6021,79
6022,66
6022,137
6022,386
6023,18
6023,84
6024,2
6024,8
6024,67
6025,2
6025,34
6025,67
6026,14
6027,2
6027,25
6027,152
6028,2
6028,31
6028,83
6029,1
6029,2
6030,2
6030,66
6031,61
6031,79
6031,167
6032,76
6032,195
6032,209
6033,13
6033,27
6033,397
6034,2
6034,66
6035,2
6035,18
6036,57
6036,610
6037,2
6037,12
6037,66
6038,5
6038,38
6038,970
6039,2
6039,18
6039,114
6040,2
6040,19
6040,157
6041,13
6041,54
6041,114
6041,143
6042,2
6042,32
6042,75
6043,75
6043,80
6043,195
6044,2
6044,25
6044,75
6045,39
6045,54
6045,57
6046,21
6046,79
6047,13
6047,80
6048,2
6048,65
6048,719
6049,10
6049,146
6049,399
6050,8
6050,12
6050,19
6050,63
6051,2
6051,18
6051,66
6052,1
6052,2
6052,8
6053,12
6053,68
6053,75
6054,105
6054,344
6054,1041
6055,2
6055,18
6055,34
6056,2
6056,10
6056,12
6057,2
6057,114
6057,253
6058,12
6058,606
6058,607
6059,4
6059,18
6059,741
6060,2
6060,35
6060,38
6061,34
6061,1042
6062,34
6062,1042
6063,29
6063,49
6063,75
6064,11
6064,46
6064,376
6065,64
6065,75
6065,941
6066,21
6066,75
6066,541
6067,65
6067,66
6067,379
6068,2
6068,66
6068,144
6069,67
6069,114
6069,173
6070,49
6070,514
6071,2
6071,4
6071,12
6072,26
6072,185
6072,462
6073,2
6073,12
6073,147
6074,6
6074,39
6074,57
6075,34
6075,355
6075,413
6076,355
6076,401
6076,1043
6077,71
6077,195
6077,1044
6078,26
6078,34
6078,1043
6079,94
6079,972
6079,973
6080,1
6080,26
6080,49
6081,20
6081,625
6082,21
6082,38
6082,79
6083,2
6083,25
6083,26
6084,1
6084,25
6084,149
6085,20
6085,29
6085,40
6086,1
6086,2
6086,12
6087,2
6087,32
6087,66
6088,1
6088,2
6088,562
6089,1
6089,2
6089,12
6090,117
6090,119
6090,120
6090,121
6091,2
6091,66
6091,114
6092,2
6092,25
6093,14
6093,360
6094,2
6094,276
6094,277
6095,2
6095,12
6095,86
6096,1
6096,95
6096,113
6097,1
6097,2
6097,113
6098,1
6098,2
6098,12
6099,2
6099,12
6099,26
6100,2
6100,66
6101,2
6101,26
6101,114
6102,63
6102,114
6103,119
6103,120
6103,121
6104,2
6104,66
6104,75
6105,1
6105,2
6105,43
6106,1
6106,10
6107,1
6107,95
6107,132
6108,2
6108,288
6108,1045
6109,8
6109,191
6109,217
6109,635
6110,2
6110,32
6110,66
6111,14
6111,57
6112,39
6112,57
6112,209
6113,6
6113,659
6114,21
6114,76
6115,2
6115,114
6115,1046
6116,39
6116,57
6116,599
6117,12
6117,21
6118,2
6118,25
6119,119
6119,120
6120,25
6120,132
6120,1047
6121,1
6121,2
6121,12
6122,8
6122,21
6122,75
6123,146
6123,217
6123,219
6123,274
6124,8
6124,114
6124,253
6125,2
6125,18
6126,34
6126,131
6126,191
6127,93
6127,94
6127,198
6128,2
6128,43
6128,117
6129,39
6129,57
6130,2
6130,154
6130,175
6131,1
6131,75
6131,274
6132,2
6132,25
6132,95
6133,13
6133,57
6134,6
6134,94
6134,174
6135,1
6135,2
6135,25
6136,2
6136,8
6136,99
6137,2
6137,18
6138,2
6138,8
6138,114
6139,42
6139,114
6139,253
6140,146
6140,288
6140,890
6141,21
6141,38
6142,1
6142,63
6143,2
6143,18
6143,84
6144,1
6144,25
6144,42
6145,2
6145,10
6145,1048
6146,39
6146,57
6146,434
6147,2
6147,10
6147,113
6148,2
6148,12
6148,235
6149,1
6149,8
6149,132
6150,2
6150,105
6151,21
6151,63
6152,1
6152,6
6152,33
6153,1
6153,2
6153,26
6154,2
6154,49
6154,149
6155,2
6155,10
6156,1
6156,2
6156,114
6157,119
6157,120
6157,121
6157,264
6158,2
6158,4
6158,18
6159,1
6159,298
6159,1049
6160,39
6160,57
6160,181
6161,26
6161,75
6161,79
6161,462
6162,2
6162,12
6162,25
6163,2
6163,21
6164,2
6164,114
6164,253
6165,59
6165,304
6165,305
6166,2
6166,18
6167,2
6167,14
6167,147
6168,2
6168,66
6168,152
6169,10
6169,19
6169,22
6170,14
6170,21
6171,1
6171,2
6171,26
6172,2
6172,12
6172,26
6173,68
6173,105
6173,652
6174,35
6174,308
6175,14
6175,462
6176,14
6176,21
6177,6
6177,10
6177,74
6177,94
6178,2
6178,34
6179,39
6179,59
6180,14
6180,22
6180,94
6181,2
6181,34
6181,67
6182,8
6182,10
6182,94
6183,2
6183,18
6183,147
6184,2
6184,114
6184,769
6185,21
6185,52
6186,1
6186,38
6186,1050
6187,2
6187,49
6188,57
6188,302
6189,1
6189,12
6189,99
6190,2
6190,99
6190,1051
6191,65
6191,66
6191,576
6192,2
6192,18
6192,66
6193,2
6193,12
6193,26
6194,56
6194,114
6194,773
6195,2
6195,404
6195,462
6196,2
6196,10
6196,21
6197,19
6197,66
6197,68
6198,2
6198,54
6198,161
6199,10
6199,57
6199,94
6200,2
6200,157
6201,1
6201,2
6201,100
6202,2
6202,12
6202,25
6203,2
6203,25
6203,114
6204,2
6204,12
6204,18
6205,93
6205,94
6205,735
6206,1
6206,6
6206,74
6207,26
6207,135
6207,341
6208,2
6208,18
6208,84
6209,2
6209,5
6210,66
6210,105
6211,2
6211,12
6212,2
6212,25
6212,518
6213,2
6213,18
6213,84
6214,2
6214,63
6214,75
6215,39
6215,57
6215,59
6216,2
6216,25
6217,2
6217,18
6218,2
6218,66
6218,68
6219,2
6219,18
6220,2
6220,18
6220,174
6221,2
6221,25
6221,31
6222,2
6222,25
6222,31
6223,34
6223,71
6223,195
6224,12
6224,18
6224,25
6225,2
6225,25
6225,152
6226,2
6226,25
6226,31
6227,2
6227,18
6227,194
6228,10
6228,75
6228,103
6229,2
6229,18
6229,84
6230,2
6230,18
6231,1
6231,2
6231,32
6232,2
6232,66
6232,75
6233,2
6233,18
6234,21
6234,38
6234,76
6235,2
6235,25
6235,31
6236,2
6236,151
6236,646
6237,6
6237,39
6237,399
6238,11
6238,32
6238,389
6239,2
6239,18
6239,84
6240,2
6240,25
6240,31
6241,1
6241,6
6241,799
6242,2
6242,12
6242,585
6243,2
6243,25
6243,31
6244,2
6244,25
6244,31
6245,2
6245,12
6245,25
6246,2
6246,66
6247,2
6247,4
6247,18
6248,2
6248,18
6249,2
6249,25
6249,83
6250,2
6250,19
6250,1053
6251,2
6251,4
6251,18
6252,2
6252,4
6252,18
6253,2
6253,18
6254,2
6254,12
6254,25
6255,2
6255,10
6255,12
6255,18
6256,63
6256,76
6256,485
6257,2
6257,8
6257,25
6258,146
6258,345
6258,513
6259,2
6259,12
6259,86
6260,34
6260,39
6260,195
6261,2
6261,12
6261,25
6262,2
6262,12
6262,18
6263,19
6263,146
6263,199
6264,2
6264,18
6265,12
6265,18
6265,174
6265,193
6266,8
6266,21
6266,54
6267,21
6267,61
6268,1
6268,10
6268,138
6269,12
6269,19
6269,75
6270,2
6270,19
6270,75
6271,93
6271,94
6271,182
6272,2
6272,25
6272,31
6273,2
6273,25
6273,31
6274,21
6274,34
6274,263
6275,1
6275,2
6275,25
6276,2
6276,18
6277,2
6277,65
6277,66
6278,2
6278,8
6278,114
6279,20
6279,21
6280,2
6280,19
6280,38
6281,2
6281,12
6281,32
6282,11
6282,144
6282,389
6283,12
6283,18
6283,25
6284,1
6284,6
6284,338
6285,39
6285,57
6285,759
6286,2
6286,114
6286,253
6287,14
6287,22
6287,42
6288,2
6288,6
6288,114
6289,1
6289,75
6289,109
6290,10
6290,75
6290,94
6291,2
6291,18
6292,29
6292,40
6292,279
6293,12
6293,105
6293,215
6294,12
6294,57
6294,607
6295,39
6295,57
6296,57
6296,1054
6297,1
6297,2
6297,18
6298,1
6298,2
6298,10
6299,2
6299,18
6299,25
6300,2
6300,18
6301,2
6301,18
6302,2
6302,18
6302,105
6303,2
6303,18
6303,582
6304,2
6304,18
6304,193
6305,2
6305,18
6305,350
6306,2
6306,18
6307,2
6307,18
6307,66
6308,14
6308,21
6309,14
6309,22
6309,94
6310,14
6310,57
6311,2
6311,18
6311,193
6312,2
6312,12
6312,21
6312,102
6313,1
6313,6
6313,221
6314,2
6314,186
6314,1055
6315,49
6315,514
6316,119
6316,120
6316,121
6317,18
6317,21
6317,183
6318,34
6318,71
6318,178
6319,2
6319,12
6319,25
6320,2
6320,12
6320,25
6321,1
6321,2
6321,18
6322,9
6322,10
6322,584
6323,1
6323,6
6323,94
6323,199
6324,1
6324,6
6324,199
6325,14
6325,57
6326,18
6326,488
6327,21
6327,412
6328,19
6328,102
6328,370
6329,6
6329,93
6329,94
6330,2
6330,18
6330,25
6331,49
6331,610
6331,903
6332,12
6332,18
6332,193
6333,21
6333,34
6334,2
6334,66
6335,34
6335,71
6335,195
6336,95
6336,1057
6337,6
6337,34
6337,136
6338,1
6338,10
6339,34
6339,55
6340,34
6340,147
6341,34
6341,71
6341,195
6342,1
6342,14
6342,22
6343,1
6343,6
6343,199
6344,34
6344,67
6345,14
6345,22
6346,2
6346,12
6346,25
6347,2
6347,25
6348,2
6348,18
6348,84
6349,10
6349,495
6350,66
6350,68
6350,735
6351,2
6351,66
6352,2
6352,18
6352,84
6353,2
6353,18
6354,2
6354,12
6354,86
6355,2
6355,25
6355,31
6356,2
6356,25
6356,31
6357,2
6357,18
6357,84
6358,2
6358,12
6358,18
6359,2
6359,18
6360,2
6360,31
6360,114
6361,2
6361,25
6361,152
6362,2
6362,105
6363,2
6363,12
6363,25
6364,2
6364,12
6364,25
6365,2
6365,25
6365,31
6366,1
6366,37
6366,79
6367,2
6367,18
6367,46
6368,2
6368,18
6368,105
6369,2
6369,4
6369,774
6370,2
6370,18
6370,46
6371,2
6371,18
6372,2
6372,18
6372,774
6373,2
6373,18
6374,114
6374,135
6375,79
6375,96
6375,174
6376,2
6376,66
6376,68
6377,8
6377,66
6377,137
6378,10
6378,114
6379,2
6379,8
6379,99
6380,21
6380,370
6381,8
6381,21
6381,102
6382,57
6382,135
6382,380
6383,1
6383,6
6383,174
6384,1
6384,6
6384,33
6385,232
6385,390
6386,2
6386,443
6387,2
6387,21
6388,2
6388,32
6388,157
6389,66
6389,320
6390,76
6390,209
6390,1058
6391,21
6391,412
6392,36
6392,46
6392,81
6392,555
6393,5
6393,34
6394,2
6394,4
6394,18
6395,8
6395,93
6395,94
6396,2
6396,18
6397,2
6397,18
6398,2
6398,12
6398,25
6399,21
6399,163
6399,213
6400,8
6400,29
6400,401
6401,32
6402,49
6402,195
6402,275
6403,2
6403,258
6403,1059
6404,21
6404,54
6404,305
6405,54
6405,146
6405,274
6406,42
6406,153
6406,774
6406,927
6407,73
6407,181
6407,648
6407,1060
6408,2
6408,276
6408,277
6409,2
6409,25
6410,2
6410,19
6410,75
6411,2
6411,25
6411,152
6412,2
6412,12
6412,18
6413,2
6413,25
6413,31
6414,2
6414,18
6414,194
6415,2
6415,18
6415,25
6416,1
6416,2
6416,12
6417,66
6417,68
6417,822
6418,2
6418,83
6418,151
6419,2
6419,25
6419,1061
6420,12
6420,66
6420,137
6421,2
6421,21
6421,25
6422,985
6422,1062
6423,2
6423,12
6424,39
6424,57
6424,59
6425,174
6425,310
6425,415
6426,2
6426,66
6427,783
6427,1063
6427,1064
6428,20
6428,21
6429,12
6429,96
6429,112
6430,2
6430,4
6430,970
6431,93
6431,94
6432,2
6432,14
6432,157
6433,2
6433,31
6433,83
6434,2
6434,86
6434,152
6435,1
6435,146
6435,288
6436,2
6436,18
6436,194
6437,2
6437,18
6438,2
6438,66
6438,70
6439,21
6439,35
6440,21
6440,32
6440,79
6441,2
6441,25
6441,152
6442,2
6442,10
6442,138
6443,2
6443,34
6443,67
6444,2
6444,12
6444,295
6445,52
6445,60
6446,21
6446,76
6446,213
6447,73
6447,105
6447,248
6448,46
6448,56
6448,79
6449,14
6449,73
6449,399
6450,2
6450,46
6451,2
6451,18
6452,1
6452,2
6452,114
6453,38
6453,89
6453,214
6454,2
6454,25
6454,646
6455,2
6455,182
6455,337
6456,2
6456,65
6456,275
6457,4
6457,107
6457,337
6458,1
6458,2
6458,12
6459,5
6459,86
6459,152
6460,9
6460,10
6460,68
6461,2
6461,12
6461,67
6462,1
6462,2
6462,8
6463,2
6463,12
6463,105
6464,36
6464,79
6464,237
6465,21
6465,99
6466,36
6466,443
6466,1066
6467,12
6467,21
6467,25
6468,8
6468,34
6468,94
6469,8
6469,34
6469,94
6470,1
6470,96
6470,427
6471,2
6471,12
6471,18
6472,12
6472,21
6473,1
6473,12
6473,99
6474,65
6474,72
6474,1067
6475,65
6475,66
6475,72
6476,65
6476,66
6476,72
6477,2
6477,19
6477,1068
6478,2
6478,18
6478,193
6479,2
6479,12
6479,18
6480,2
6480,99
6480,193
6480,198
6481,2
6481,5
6482,21
6482,75
6482,244
6483,2
6483,39
6483,75
6484,2
6484,39
6484,79
6485,2
6485,79
6486,21
6486,57
6486,237
6487,34
6488,2
6488,12
6488,26
6489,24
6489,26
6489,95
6490,2
6490,18
6490,1069
6491,2
6491,18
6492,2
6492,8
6492,113
6493,299
6493,382
6493,1070
6494,12
6494,99
6494,147
6495,34
6495,75
6495,136
6495,1071
6496,2
6496,66
6497,39
6497,57
6497,304
6498,2
6498,25
6498,646
6499,379
6499,1072
6499,1073
6500,2
6500,18
6501,119
6501,120
6501,121
6502,2
6502,18
6503,2
6503,18
6503,154
6504,2
6504,32
6505,2
6505,18
6506,2
6506,114
6506,392
6507,21
6507,57
6507,472
6508,1
6508,39
6508,79
6509,2
6509,5
6509,457
6510,2
6510,66
6510,456
6511,2
6511,66
6512,29
6512,39
6512,195
6513,2
6513,18
6514,1
6514,2
6514,114
6515,2
6515,35
6515,1074
6516,4
6516,13
6516,65
6517,2
6517,66
6518,2
6518,12
6518,1075
6519,8
6519,95
6519,191
6520,8
6520,21
6520,564
6521,8
6521,66
6522,39
6522,57
6522,399
6523,8
6523,49
6523,68
6524,8
6524,66
6524,191
6525,2
6525,152
6525,277
6526,1
6526,6
6526,94
6527,2
6527,598
6528,2
6528,18
6528,66
6529,2
6529,66
6529,152
6530,2
6530,25
6531,2
6531,25
6531,114
6532,2
6532,18
6532,84
6533,2
6533,321
6533,528
6534,26
6534,68
6534,650
6535,1
6535,68
6535,735
6536,12
6536,19
6536,68
6537,2
6537,25
6537,114
6538,21
6538,412
6539,8
6539,213
6539,412
6540,32
6540,142
6540,524
6541,68
6541,94
6541,735
6542,42
6542,77
6542,166
6543,8
6543,32
6544,2
6544,100
6545,1
6545,10
6545,157
6546,2
6546,18
6547,38
6547,76
6547,490
6548,2
6548,106
6548,207
6549,38
6549,76
6549,513
6550,49
6550,469
6550,653
6551,2
6551,25
6551,26
6552,2
6552,10
6552,65
6553,2
6553,21
6553,337
6554,2
6554,12
6554,18
6555,2
6555,12
6555,193
6556,10
6556,24
6556,339
6557,10
6557,24
6557,196
6558,2
6558,12
6558,25
6558,328
6559,2
6559,18
6559,328
6560,8
6560,21
6561,1
6561,8
6561,616
6562,49
6562,61
6562,149
6563,21
6563,34
6563,342
6564,1
6564,2
6564,12
6564,113
6565,12
6565,95
6566,64
6566,1076
6566,1077
6567,13
6567,46
6567,57
6568,36
6568,56
6568,180
6569,61
6569,397
6569,961
6570,2
6570,66
6570,75
6571,2
6571,69
6571,100
6572,2
6572,18
6573,2
6573,25
6573,31
6574,2
6574,18
6575,2
6575,18
6575,25
6576,2
6576,66
6576,68
6577,2
6577,18
6578,2
6578,12
6578,21
6579,2
6579,19
6579,43
6580,1
6580,22
6580,1078
6581,1079
6581,1080
6582,2
6582,18
6583,2
6583,32
6584,2
6584,18
6585,14
6585,57
6586,2
6586,66
6586,68
6587,2
6587,175
6587,176
6588,2
6588,10
6589,2
6589,10
6589,566
6590,2
6590,25
6590,78
6591,11
6591,144
6591,298
6592,2
6592,25
6592,518
6593,2
6593,66
6594,2
6594,66
6595,2
6595,18
6596,2
6596,26
6597,10
6597,76
6597,751
6598,2
6598,12
6598,274
6599,39
6599,57
6599,916
6600,13
6600,39
6600,195
6601,65
6601,66
6601,137
6602,57
6602,1081
6603,9
6603,13
6603,22
6603,1082
6604,2
6604,10
6604,66
6605,184
6605,189
6606,21
6606,38
6607,2
6607,18
6608,21
6608,49
6608,139
6609,2
6609,66
6609,70
6610,2
6610,18
6611,21
6611,49
6611,688
6612,2
6612,21
6612,147
6613,76
6613,77
6613,213
6614,79
6614,141
6615,1
6615,2
6615,140
6616,2
6616,6
6616,18
6616,193
6617,1
6617,69
6617,95
6618,2
6618,152
6618,277
6619,56
6619,107
6619,337
6620,37
6620,38
6620,59
6621,56
6621,107
6621,337
6622,56
6622,107
6623,2
6623,18
6623,277
6624,2
6624,21
6624,412
6625,21
6625,49
6626,2
6626,75
6627,2
6627,31
6627,83
6628,10
6628,95
6628,132
6629,40
6629,69
6629,146
6630,63
6630,68
6631,1
6631,2
6631,12
6632,61
6632,79
6633,69
6633,75
6633,79
6634,63
6634,79
6635,61
6635,75
6636,1
6636,2
6636,12
6637,1
6637,6
6637,94
6638,21
6638,163
6639,8
6639,50
6639,64
6640,2
6640,8
6640,114
6641,10
6641,65
6641,66
6642,8
6642,135
6642,753
6643,50
6643,56
6643,107
6644,50
6644,56
6644,107
6645,2
6645,25
6645,273
6646,56
6646,81
6646,107
6647,56
6647,107
6648,2
6648,10
6648,25
6649,2
6649,18
6649,66
6650,8
6650,40
6650,191
6651,2
6651,18
6651,35
6652,12
6652,21
6652,964
6653,39
6653,57
6654,1
6654,54
6654,146
6655,22
6655,57
6656,34
6656,94
6656,114
6657,2
6657,39
6657,144
6658,2
6658,21
6658,117
6659,2
6659,12
6659,86
6660,2
6660,18
6661,1
6661,2
6661,26
6661,57
6662,2
6662,12
6662,26
6663,2
6663,4
6663,12
6664,2
6664,12
6664,108
6665,21
6665,49
6666,65
6666,66
6666,137
6667,14
6667,22
6667,462
6668,2
6668,12
6668,86
6669,14
6669,22
6669,57
6670,14
6670,928
6670,1083
6671,21
6671,89
6672,10
6672,14
6672,66
6673,10
6673,14
6673,66
6674,21
6674,65
6674,275
6675,14
6675,39
6676,41
6676,105
6676,274
6677,10
6677,18
6677,522
6678,14
6678,233
6678,511
6678,1084
6679,39
6679,57
6680,39
6680,85
6680,1024
6681,2
6681,25
6682,2
6682,25
6682,31
6683,29
6683,39
6683,195
6684,2
6684,25
6684,152
6685,2
6685,18
6686,2
6686,4
6687,34
6687,39
6687,71
6688,2
6688,12
6688,66
6689,2
6689,866
6690,2
6690,66
6690,96
6691,6
6691,93
6691,94
6691,446
6692,150
6692,166
6692,1085
6693,2
6693,66
6693,152
6694,14
6694,61
6695,21
6695,63
6695,75
6696,66
6696,75
6697,1
6697,27
6697,177
6698,1
6698,14
6699,21
6699,22
6699,370
6700,14
6700,57
6701,12
6701,14
6701,57
6701,399
6702,14
6702,57
6703,14
6703,348
6703,680
6704,2
6704,18
6705,78
6705,89
6705,1086
6706,38
6706,209
6707,76
6707,381
6707,848
6708,57
6708,237
6708,561
6709,9
6709,10
6709,1087
6710,2
6710,18
6710,21
6711,1
6711,27
6711,54
6712,2
6712,18
6713,18
6713,21
6714,65
6714,228
6714,837
6714,838
6715,2
6715,66
6716,21
6716,79
6717,2
6717,10
6717,19
6718,34
6718,135
6718,185
6719,34
6719,140
6720,2
6720,21
6720,34
6721,2
6721,25
6721,31
6722,19
6722,94
6722,215
6723,2
6723,21
6723,65
6724,2
6724,31
6724,83
6725,2
6725,18
6726,2
6726,66
6727,2
6727,12
6727,585
6728,2
6728,8
6728,12
6729,2
6729,151
6729,152
6730,1
6730,2
6730,63
6731,2
6731,12
6731,18
6731,26
6732,2
6732,12
6732,26
6733,2
6733,18
6734,12
6734,21
6734,1036
6735,119
6735,120
6735,486
6736,8
6736,49
6736,79
6737,76
6737,373
6737,596
6738,8
6738,96
6738,497
6739,2
6739,56
6739,1088
6740,2
6740,4
6740,161
6741,1
6741,8
6742,34
6742,55
6743,28
6743,131
6743,1089
6744,8
6744,21
6744,74
6745,12
6745,21
6745,163
6746,5
6746,21
6746,106
6747,21
6747,106
6747,863
6748,2
6748,31
6748,114
6749,2
6749,3
6749,34
6750,326
6750,528
6751,2
6751,49
6751,341
6752,33
6752,54
6752,243
6753,2
6753,25
6754,2
6754,92
6754,157
6755,1
6755,159
6755,721
6756,1
6756,8
6756,12
6757,46
6757,1091
6758,34
6758,105
6758,106
6759,2
6759,3
6759,93
6760,2
6760,18
6761,2
6761,3
6761,66
6762,2
6762,18
6763,96
6763,157
6764,2
6764,10
6764,1092
6765,2
6765,84
6766,2
6766,70
6766,109
6767,2
6767,146
6767,1093
6768,2
6768,114
6768,146
6769,1
6769,42
6769,199
6770,18
6770,79
6770,193
6771,2
6771,8
6771,66
6772,2
6772,21
6772,157
6773,2
6773,18
6773,193
6774,105
6774,157
6774,351
6775,34
6775,157
6775,472
6776,2
6776,34
6777,49
6777,72
6777,256
6778,1
6778,6
6778,94
6779,49
6779,191
6779,434
6780,65
6780,66
6780,137
6781,2
6781,12
6781,18
6782,8
6782,68
6782,94
6783,8
6783,29
6783,61
6784,2
6784,35
6785,5
6785,38
6786,54
6786,146
6786,181
6787,14
6787,57
6788,9
6788,10
6789,2
6789,10
6789,146
6790,2
6790,19
6790,114
6791,1
6791,10
6791,94
6792,10
6792,33
6792,138
6793,2
6793,18
6793,324
6794,94
6794,173
6794,773
6795,8
6795,19
6795,63
6796,2
6796,12
6796,84
6797,1
6797,2
6797,79
6798,10
6798,584
6798,1094
6799,20
6799,703
6800,12
6800,18
6800,541
6801,12
6801,75
6801,166
6802,142
6802,144
6802,298
6803,1
6803,2
6803,14
6804,2
6804,294
6805,12
6805,25
6805,234
6806,74
6806,122
6806,1095
6807,2
6807,18
6807,94
6808,2
6808,18
6808,173
6809,2
6809,12
6809,18
6809,173
6810,2
6810,12
6810,18
6811,132
6811,177
6811,641
6812,34
6812,237
6813,2
6813,18
6814,2
6814,84
6815,19
6815,26
6815,380
6816,2
6816,446
6816,1096
6817,2
6817,320
6818,2
6818,12
6818,25
6819,1
6819,25
6819,212
6820,106
6820,633
6820,946
6821,57
6821,157
6821,340
6822,2
6822,12
6822,42
6823,2
6823,12
6823,25
6824,39
6824,57
6825,2
6825,18
6825,145
6826,2
6826,26
6826,615
6827,1
6827,94
6827,174
6828,65
6828,66
6828,137
6829,65
6829,66
6829,137
6829,287
6830,163
6831,2
6831,151
6831,152
6832,935
6832,1097
6833,2
6833,26
6833,816
6834,10
6834,34
6834,57
6835,34
6835,195
6836,2
6836,18
6837,38
6837,497
6837,1098
6838,1
6838,2
6838,42
6838,69
6839,2
6839,18
6839,1001
6840,2
6840,18
6840,1001
6841,57
6841,99
6841,105
6842,2
6842,19
6842,171
6843,10
6843,12
6843,18
6844,12
6844,14
6844,19
6845,2
6845,66
6846,2
6846,18
6846,194
6847,18
6847,157
6847,1099
6848,2
6848,25
6848,114
6849,2
6849,66
6849,68
6850,2
6850,25
6850,114
6851,2
6851,32
6851,66
6852,2
6852,18
6853,2
6853,18
6854,2
6854,25
6854,273
6855,65
6855,66
6855,342
6856,10
6856,571
6856,861
6857,34
6857,67
6858,25
6858,234
6859,2
6859,8
6859,114
6860,10
6860,21
6860,1100
6861,12
6861,59
6861,215
6862,2
6862,114
6862,199
6863,76
6863,186
6863,208
6864,1
6864,68
6864,75
6865,2
6865,8
6865,12
6866,1
6866,2
6866,12
6867,2
6867,18
6868,33
6868,57
6868,94
6869,13
6869,99
6869,757
6870,984
6870,1101
6870,1102
6871,61
6871,99
6872,2
6872,8
6872,12
6873,2
6873,25
6873,31
6874,1
6874,8
6874,114
6875,14
6875,57
6876,14
6876,22
6876,523
6877,5
6877,107
6877,980
6878,1
6878,12
6878,146
6878,861
6879,2
6879,25
6880,34
6880,195
6881,2
6881,19
6881,26
6882,8
6882,10
6882,57
6882,114
6883,2
6883,26
6883,113
6884,34
6884,184
6885,2
6885,25
6885,151
6886,21
6886,57
6886,274
6887,2
6887,19
6887,182
6888,72
6888,75
6888,313
6889,1
6889,10
6889,146
6890,2
6890,25
6890,462
6891,25
6891,95
6891,114
6892,21
6892,79
6893,66
6893,79
6894,66
6894,287
6894,389
6895,66
6895,75
6895,79
6896,1
6896,75
6896,79
6897,2
6897,276
6897,277
6898,2
6898,18
6899,2
6899,12
6899,145
6900,1
6900,74
6900,94
6901,2
6901,114
6901,131
6902,8
6902,25
6902,42
6903,1
6903,2
6903,10
6904,2
6904,82
6905,29
6905,54
6905,362
6905,890
6906,25
6906,29
6906,390
6907,2
6907,12
6907,18
6908,18
6908,320
6909,4
6909,106
6909,877
6910,32
6910,144
6911,2
6911,66
6912,57
6912,100
6913,2
6913,18
6913,958
6914,56
6914,107
6914,108
6915,2
6915,66
6916,2
6916,66
6916,173
6917,38
6917,288
6918,19
6918,63
6919,2
6919,25
6919,152
6920,2
6920,63
6921,6
6921,93
6921,94
6922,167
6922,252
6922,446
6922,485
6923,2
6923,25
6923,245
6924,2
6924,12
6924,25
6925,56
6925,202
6925,1103
6926,2
6926,65
6926,114
6927,8
6927,21
6927,94
6927,182
6928,2
6928,25
6928,114
6929,2
6929,772
6929,1104
6930,1
6930,6
6930,94
6931,2
6931,12
6931,114
6932,2
6932,114
6932,518
6933,2
6933,18
6934,8
6934,38
6934,96
6935,2
6935,114
6935,299
6936,2
6936,56
6936,122
6937,8
6937,328
6937,1105
6938,13
6938,34
6938,42
6939,21
6939,114
6939,332
6940,2
6940,105
6941,57
6941,114
6942,2
6942,25
6942,114
6943,8
6943,10
6943,21
6944,2
6944,18
6944,958
6945,65
6945,66
6945,1106
6946,2
6946,25
6946,132
6947,2
6947,18
6948,96
6948,105
6948,652
6949,1107
6949,1108
6949,1109
6950,86
6950,96
6950,157
6951,10
6951,86
6951,96
6952,2
6952,86
6952,96
6953,2
6953,86
6953,96
6954,2
6954,24
6954,182
6955,8
6955,40
6955,96
6956,8
6956,57
6956,114
6957,1
6957,2
6957,96
6958,2
6958,32
6959,21
6959,96
6960,56
6960,107
6960,337
6961,57
6961,100
6962,79
6962,1110
6963,12
6963,66
6963,137
6964,2
6964,25
6964,26
6965,21
6965,96
6965,351
6966,21
6966,57
6966,96
6967,2
6967,32
6968,2
6968,14
6968,22
6969,2
6969,10
6969,26
6970,21
6970,63
6971,2
6971,106
6971,440
6972,2
6972,24
6972,25
6973,24
6973,25
6973,182
6974,24
6974,254
6975,25
6975,182
6975,1111
6976,2
6976,64
6976,1112
6977,2
6977,25
6977,152
6978,24
6978,25
6978,95
6979,2
6979,12
6979,96
6980,2
6980,24
6980,182
6981,2
6981,25
6981,31
6982,39
6982,54
6982,57
6983,2
6983,12
6983,18
6984,29
6984,529
6984,1113
6985,2
6985,18
6986,8
6986,21
6987,2
6987,12
6987,114
6988,2
6988,8
6988,114
6989,2
6989,8
6989,25
6990,8
6990,26
6990,199
6991,2
6991,21
6991,25
6992,2
6992,12
6993,10
6993,12
6993,217
6993,218
6993,219
6993,279
6994,2
6994,12
6994,92
6995,79
6995,141
6995,214
6996,1
6996,12
6996,318
6997,1
6997,10
6997,301
6998,1
6998,21
6998,33
6999,25
6999,390
7000,32
7000,513
7001,8
7001,122
7001,513
7001,638
7002,1
7002,168
7002,1003
7003,2
7003,12
7003,25
7003,26
7004,38
7004,79
7005,10
7005,21
7005,35
7006,65
7006,66
7006,543
7007,14
7007,95
7007,360
7008,1
7008,14
7009,1
7009,95
7009,96
7010,1
7010,2
7010,12
7011,12
7011,21
7012,8
7012,12
7012,213
7013,8
7013,19
7014,1
7014,6
7014,313
7015,6
7015,19
7015,566
7016,2
7016,14
7016,18
7017,256
7017,590
7017,797
7018,57
7018,213
7018,1114
7019,2
7019,35
7020,18
7020,25
7020,34
7021,41
7021,434
7021,563
7022,2
7022,18
7023,12
7023,39
7023,399
7024,2
7024,297
7024,320
7025,21
7025,49
7026,1
7026,113
7026,199
7027,1
7027,12
7027,183
7028,39
7028,57
7028,85
7029,2
7029,18
7030,8
7030,65
7030,66
7031,1
7031,39
7031,95
7032,2
7032,3
7032,351
7033,2
7033,3
7033,4
7034,2
7034,3
7034,136
7035,2
7035,3
7035,4
7036,2
7036,3
7036,4
7037,2
7037,25
7037,443
7038,2
7038,25
7039,8
7039,94
7039,802
7040,34
7040,75
7040,94
7041,2
7041,66
7042,52
7042,613
7043,12
7043,15
7043,19
7044,2
7044,11
7044,66
7045,2
7045,18
7046,2
7046,18
7046,84
7047,1
7047,2
7047,34
7048,2
7048,25
7049,2
7049,152
7049,277
7050,12
7050,21
7050,1115
7051,49
7051,213
7052,2
7052,12
7052,457
7053,105
7053,1116
7054,2
7054,18
7054,100
7055,2
7055,68
7055,113
7056,10
7056,11
7056,144
7057,24
7057,25
7057,29
7058,57
7058,213
7059,61
7059,75
7059,939
7060,34
7061,2
7061,84
7062,2
7062,12
7062,19
7062,176
7063,10
7063,34
7063,174
7064,2
7064,34
7065,39
7065,57
7066,2
7066,25
7066,31
7067,34
7068,34
7068,71
7068,174
7069,117
7069,119
7069,120
7069,121
7069,174
7069,362
7069,486
7069,618
7070,1
7070,6
7070,69
7070,1117
7071,6
7071,76
7071,704
7072,46
7072,376
7072,1118
7073,2
7073,152
7073,277
7074,21
7074,383
7074,558
7075,2
7075,57
7075,681
7076,65
7076,66
7076,825
7077,2
7077,25
7077,31
7078,1
7078,79
7079,2
7079,18
7080,64
7080,306
7080,717
7081,19
7081,64
7081,717
7082,214
7082,648
7082,1119
7083,2
7083,32
7083,43
7084,2
7084,152
7084,277
7085,2
7085,32
7086,21
7086,63
7087,34
7087,342
7088,34
7088,342
7089,8
7089,57
7089,205
7090,2
7090,144
7091,21
7091,79
7091,100
7092,2
7092,32
7092,298
7093,2
7093,4
7093,22
7094,2
7094,18
7094,84
7095,2
7095,100
7096,2
7096,31
7096,83
7097,2
7097,18
7098,34
7098,55
7098,195
7099,64
7099,659
7099,1120
7100,1
7100,26
7100,549
7101,2
7101,31
7102,2
7102,26
7102,434
7103,19
7103,26
7103,918
7104,2
7104,18
7104,100
7105,21
7105,524
7105,1121
7106,21
7106,49
7107,32
7107,158
7107,298
7108,2
7108,21
7108,32
7109,10
7109,105
7110,1
7110,6
7110,68
7111,9
7111,26
7111,57
7112,196
7112,483
7112,1122
7112,1123
7113,2
7113,12
7113,25
7114,2
7114,12
7114,965
7115,1
7115,42
7115,199
7116,29
7116,75
7116,434
7117,34
7117,195
7118,2
7118,18
7119,34
7119,185
7119,195
7120,2
7120,9
7120,10
7121,2
7121,66
7122,2
7122,79
7122,114
7123,2
7123,68
7123,957
7124,8
7124,12
7124,99
7125,195
7125,261
7126,2
7126,175
7126,176
7127,2
7127,4
7127,106
7128,21
7128,56
7128,84
7129,5
7129,21
7130,2
7130,199
7130,215
7131,73
7131,228
7131,279
7132,2
7132,3
7132,105
7133,6
7133,420
7133,1124
7134,6
7134,94
7134,114
7135,2
7135,18
7135,576
7136,76
7136,1125
7137,14
7137,22
7137,94
7138,2
7138,18
7139,2
7139,152
7139,176
7139,276
7140,2
7140,25
7140,152
7141,2
7141,175
7141,277
7142,2
7142,31
7142,114
7143,12
7143,39
7143,215
7144,21
7144,79
7144,95
7145,18
7145,34
7145,144
7146,12
7146,19
7146,215
7147,1
7147,6
7147,94
7148,8
7148,21
7149,2
7149,21
7150,2
7150,114
7151,2
7151,65
7151,66
7152,2
7152,32
7153,34
7153,114
7153,195
7154,34
7154,55
7154,195
7155,34
7155,195
7155,342
7156,2
7156,12
7156,18
7157,2
7157,970
7157,1126
7158,2
7158,18
7158,1127
7158,1128
7159,3
7159,4
7159,528
7160,19
7160,75
7160,1129
7161,8
7161,275
7162,57
7162,105
7163,19
7163,75
7163,162
7164,10
7164,584
7164,1094
7165,1
7165,10
7165,138
7166,34
7166,94
7166,184
7167,298
7167,910
7167,1130
7168,2
7168,31
7168,32
7169,2
7169,18
7170,2
7170,12
7170,39
7171,2
7171,11
7171,66
7172,2
7172,18
7172,96
7173,5
7173,32
7174,2
7174,12
7174,25
7175,2
7175,25
7175,31
7176,2
7176,66
7177,2
7177,66
7177,68
7178,2
7178,25
7178,31
7179,2
7179,18
7179,84
7180,2
7180,192
7181,2
7181,18
7181,902
7182,2
7182,65
7182,66
7183,59
7183,547
7183,651
7184,67
7184,236
7184,340
7185,2
7185,114
7186,2
7186,178
7187,12
7187,19
7187,717
7188,2
7188,12
7188,21
7189,2
7189,4
7189,18
7190,2
7190,12
7190,25
7191,2
7191,34
7191,66
7192,12
7192,78
7192,163
7193,21
7193,57
7194,2
7194,66
7194,68
7195,2
7195,18
7195,66
7196,195
7196,275
7196,1131
7197,2
7197,18
7198,57
7198,275
7198,472
7199,18
7199,488
7200,2
7200,5
7200,302
7201,2
7201,18
7201,84
7202,2
7202,66
7203,2
7203,21
7204,18
7204,46
7205,2
7205,4
7205,970
7206,2
7206,65
7206,66
7207,2
7207,25
7207,26
7208,2
7208,66
7209,2
7209,151
7209,152
7210,2
7210,25
7210,68
7211,2
7211,12
7211,25
7212,2
7212,25
7213,2
7213,18
7214,1
7214,2
7214,12
7215,2
7215,35
7216,2
7216,18
7216,194
7217,2
7217,25
7217,31
7218,2
7218,18
7218,84
7219,117
7219,119
7219,120
7219,362
7220,1
7220,10
7220,138
7221,66
7221,137
7221,287
7222,1
7222,79
7223,8
7223,9
7223,10
7224,1
7224,14
7225,129
7225,452
7225,613
7226,2
7226,18
7226,25
7227,19
7227,63
7228,2
7228,18
7228,175
7229,12
7229,25
7229,76
7229,150
7230,1
7230,2
7230,114
7231,8
7231,9
7231,10
7232,63
7232,79
7233,19
7233,68
7233,399
7234,2
7234,66
7234,178
7235,76
7235,214
7235,357
7236,167
7236,357
7236,709
7237,21
7237,26
7237,195
7238,2
7238,21
7239,2
7239,11
7239,947
7240,213
7240,529
7240,590
7241,1
7241,10
7241,119
7241,120
7242,49
7242,146
7242,274
7243,54
7243,174
7244,2
7244,18
7244,66
7245,2
7245,18
7246,2
7246,66
7246,137
7247,18
7247,1134
7248,2
7248,18
7249,66
7249,76
7249,174
7250,2
7250,14
7250,814
7251,2
7251,66
7252,21
7252,99
7253,2
7253,79
7253,96
7254,75
7254,274
7254,362
7254,370
7255,2
7255,12
7255,34
7256,2
7256,18
7256,105
7257,2
7257,114
7257,310
7258,1
7258,2
7259,21
7259,803
7260,94
7260,355
7260,919
7261,2
7261,114
7261,253
7262,2
7262,18
7262,1135
7263,2
7263,12
7263,114
7264,21
7264,163
7265,2
7265,114
7265,349
7266,2
7266,26
7266,114
7267,12
7267,61
7268,21
7268,63
7269,2
7269,8
7269,57
7270,117
7270,119
7270,120
7270,486
7270,1136
7271,1
7271,94
7271,964
7272,2
7272,25
7273,79
7273,293
7273,516
7274,117
7274,236
7275,2
7275,25
7275,96
7276,2
7276,18
7277,2
7277,12
7277,176
7278,2
7278,25
7278,152
7279,2
7279,31
7279,32
7280,2
7280,66
7280,957
7281,2
7281,113
7281,114
7282,2
7282,26
7282,75
7283,2
7283,25
7283,113
7284,2
7284,12
7284,113
7285,2
7285,25
7285,152
7286,2
7286,86
7286,152
7287,2
7287,25
7287,31
7288,39
7288,57
7289,1
7289,6
7289,39
7290,2
7290,66
7290,70
7291,2
7291,18
7291,1001
7292,1137
7293,2
7293,96
7293,614
7294,39
7294,94
7294,215
7295,1
7295,57
7296,2
7296,21
7296,34
7297,2
7297,10
7297,18
7298,2
7298,18
7298,86
7299,1
7299,94
7299,174
7300,1
7300,2
7300,174
7301,2
7301,24
7301,174
7302,2
7302,26
7302,113
7303,18
7303,174
7304,2
7304,18
7304,856
7305,14
7305,75
7305,217
7305,218
7306,1
7306,2
7306,113
7307,1
7307,12
7307,235
7308,2
7308,25
7308,114
7309,65
7309,66
7309,137
7310,13
7310,39
7310,180
7311,2
7311,5
7312,65
7312,66
7312,137
7312,825
7313,37
7313,79
7314,2
7314,10
7314,35
7315,2
7315,18
7316,2
7316,31
7316,83
7317,2
7317,514
7317,1138
7318,333
7318,444
7318,620
7319,2
7319,59
7319,100
7320,1
7320,2
7320,114
7321,2
7321,161
7321,752
7322,2
7322,18
7322,81
7323,2
7323,12
7323,18
7324,2
7324,66
7325,34
7325,55
7326,76
7326,589
7327,2
7327,11
7327,24
7328,2
7328,31
7329,2
7329,18
7329,276
7330,2
7330,18
7330,84
7331,2
7331,18
7331,66
7332,6
7332,26
7332,66
7333,1
7333,2
7333,66
7334,505
7334,633
7334,1139
7335,2
7335,18
7336,2
7336,11
7336,66
7337,2
7337,18
7338,65
7338,66
7338,137
7339,2
7339,18
7340,8
7340,25
7340,199
7341,2
7341,35
7341,86
7341,850
7342,2
7342,25
7343,2
7343,35
7343,850
7344,2
7344,18
7344,35
7345,2
7345,5
7345,18
7346,2
7346,35
7346,850
7347,2
7347,12
7347,297
7348,2
7348,18
7348,193
7349,2
7349,12
7349,63
7350,2
7350,66
7350,152
7351,10
7351,65
7351,66
7352,2
7352,25
7352,114
7353,2
7353,18
7354,2
7354,18
7354,34
7355,2
7355,35
7355,278
7356,12
7356,29
7356,174
7357,2
7357,105
7357,114
7358,76
7358,846
7358,1140
7359,2
7359,161
7359,1141
7359,1142
7360,2
7360,18
7360,92
7361,2
7361,65
7361,114
7362,2
7362,12
7362,25
7363,14
7363,22
7363,399
7364,2
7364,18
7364,100
7365,32
7365,66
7366,2
7366,18
7366,84
7367,2
7367,12
7367,31
7367,83
7368,2
7368,5
7369,2
7369,18
7369,1001
7370,2
7370,66
7371,81
7371,819
7371,1143
7372,2
7372,8
7372,114
7373,21
7373,79
7374,1
7374,2
7374,12
7374,114
7375,2
7375,66
7375,70
7376,12
7376,166
7376,944
7377,2
7377,18
7378,76
7378,497
7378,1144
7379,2
7379,18
7379,361
7380,2
7380,12
7380,18
7381,57
7381,79
7381,1145
7382,2
7382,18
7383,12
7383,68
7383,650
7384,1
7384,8
7384,14
7385,34
7385,195
7386,2
7386,14
7386,21
7386,132
7387,46
7387,157
7387,592
7388,2
7388,46
7388,157
7389,21
7389,41
7390,2
7390,25
7390,31
7391,343
7391,344
7392,2
7392,66
7392,144
7393,49
7393,343
7393,345
7394,2
7394,66
7394,144
7395,2
7395,32
7396,2
7396,18
7396,66
7397,2
7397,66
7398,65
7398,66
7398,483
7399,28
7399,52
7400,18
7400,60
7400,850
7401,144
7401,387
7402,2
7402,144
7402,276
7403,2
7403,10
7403,35
7404,223
7404,357
7404,443
7405,2
7405,3
7405,60
7406,2
7406,3
7406,157
7407,2
7407,52
7408,49
7408,420
7408,667
7409,2
7409,18
7409,60
7410,2
7410,18
7410,60
7411,2
7411,3
7411,60
7412,2
7412,3
7412,60
7413,2
7413,37
7413,66
7414,37
7414,66
7414,151
7415,2
7415,152
7415,154
7416,2
7416,56
7416,66
7417,4
7417,35
7417,38
7418,2
7418,15
7418,114
7419,2
7419,66
7419,176
7419,1146
7420,2
7420,114
7421,2
7421,25
7421,152
7422,2
7422,18
7422,101
7423,2
7423,25
7423,152
7424,2
7424,25
7424,152
7425,2
7425,152
7425,154
7426,2
7426,25
7426,152
7427,2
7427,152
7427,154
7428,2
7428,25
7429,2
7429,151
7429,152
7429,154
7430,2
7430,152
7430,154
7431,2
7431,152
7431,154
7432,2
7432,152
7432,154
7433,2
7433,152
7434,2
7434,25
7434,152
7435,2
7435,152
7435,154
7436,2
7436,25
7436,152
7437,2
7437,152
7437,154
7438,2
7438,25
7438,31
7439,2
7439,12
7439,86
7440,2
7440,25
7440,31
7441,2
7441,25
7441,152
7442,2
7442,152
7442,154
7443,2
7443,152
7443,154
7444,2
7444,152
7445,2
7445,152
7445,154
7446,73
7446,228
7446,1147
7447,26
7447,210
7447,982
7448,57
7448,79
7448,96
7449,1
7449,2
7449,616
7450,2
7450,18
7450,361
7451,26
7451,146
7451,397
7452,2
7452,4
7452,100
7453,73
7453,185
7453,1147
7454,25
7454,79
7454,317
7455,21
7455,57
7455,95
7456,2
7456,21
7457,49
7457,61
7458,2
7458,94
7458,114
7459,2
7459,66
7460,2
7460,57
7460,66
7461,2
7461,12
7461,25
7461,86
7462,2
7462,12
7462,25
7463,2
7463,10
7463,161
7464,2
7464,5
7464,161
7465,2
7465,57
7466,2
7466,18
7466,173
7467,32
7467,157
7467,298
7468,33
7468,342
7469,2
7469,11
7469,142
7470,95
7470,382
7471,8
7471,135
7471,191
7472,21
7472,65
7473,68
7473,191
7473,1148
7474,8
7474,21
7474,163
7475,46
7475,57
7475,157
7476,2
7476,25
7476,31
7477,2
7477,66
7477,152
7478,63
7478,79
7478,141
7479,21
7479,26
7480,19
7480,96
7480,105
7481,29
7481,76
7481,871
7482,21
7482,76
7482,871
7483,59
7483,76
7483,278
7484,6
7484,76
7484,210
7485,76
7485,210
7486,2
7486,12
7486,165
7487,2
7487,12
7487,200
7488,2
7488,12
7488,76
7489,21
7489,305
7490,1
7490,38
7490,76
7491,2
7491,12
7491,1149
7492,2
7492,12
7492,105
7493,76
7493,167
7493,210
7494,2
7494,25
7494,152
7495,2
7495,25
7495,31
7496,8
7496,11
7496,1150
7497,2
7497,18
7498,2
7498,25
7498,114
7499,65
7499,66
7499,458
7500,56
7500,107
7500,659
7501,1
7501,2
7501,114
7502,2
7502,114
7502,253
7503,8
7503,65
7503,66
7504,2
7504,14
7504,21
7505,2
7505,462
7506,2
7506,18
7506,35
7507,2
7507,12
7507,18
7508,2
7508,31
7508,114
7509,2
7509,18
7509,194
7510,76
7510,196
7510,259
7511,8
7511,9
7511,10
7512,29
7512,76
7512,210
7513,20
7513,41
7513,291
7514,2
7514,5
7514,86
7515,2
7515,12
7515,25
7516,10
7516,79
7516,338
7517,10
7517,94
7517,1151
7518,6
7518,13
7518,21
7519,2
7519,18
7519,96
7520,12
7520,63
7521,39
7521,57
7521,215
7522,2
7522,5
7522,18
7523,1
7523,39
7523,159
7524,13
7524,34
7524,1152
7525,2
7525,4
7525,5
7526,12
7526,21
7526,643
7527,6
7527,33
7527,39
7528,2
7528,4
7528,18
7529,2
7529,12
7530,2
7530,66
7530,68
7531,2
7531,86
7531,166
7532,2
7532,86
7532,278
7533,8
7533,10
7533,664
7534,2
7534,25
7534,152
7535,2
7535,86
7535,152
7536,4
7536,57
7536,275
7537,29
7537,39
7537,57
7538,2
7538,18
7539,2
7539,12
7539,157
7540,28
7540,131
7540,213
7541,2
7541,276
7541,277
7542,37
7542,50
7543,21
7543,38
7543,76
7544,21
7544,85
7545,18
7545,1001
7546,2
7546,18
7546,1001
7547,34
7547,46
7547,188
7548,2
7548,18
7548,100
7549,18
7549,193
7549,1153
7550,22
7550,105
7550,168
7551,21
7551,22
7551,169
7552,2
7552,18
7553,2
7553,31
7553,681
7554,32
7554,57
7555,2
7555,200
7555,681
7556,2
7556,12
7556,114
7557,2
7557,18
7557,84
7558,2
7558,18
7559,2
7559,18
7560,2
7560,18
7561,2
7561,18
7562,1
7562,8
7562,341
7563,2
7563,18
7564,2
7564,12
7564,25
7565,10
7565,12
7565,29
7565,181
7566,2
7566,4
7566,92
7567,1
7567,57
7567,1154
7568,155
7568,213
7569,79
7569,1155
7570,32
7570,65
7571,39
7571,595
7572,79
7572,174
7572,338
7573,19
7573,22
7573,68
7574,8
7574,326
7575,36
7575,56
7575,71
7576,2
7576,12
7576,18
7577,2
7577,25
7577,68
7578,2
7578,12
7578,26
7579,8
7579,9
7579,10
7580,2
7580,18
7581,2
7581,25
7581,273
7582,1
7582,2
7582,12
7583,64
7583,73
7583,1156
7584,159
7584,1157
7585,2
7585,18
7585,84
7586,2
7586,18
7586,193
7587,64
7587,187
7587,1158
7588,106
7588,746
7588,910
7588,1159
7589,2
7589,25
7589,152
7590,2
7590,18
7590,159
7591,1
7591,2
7591,39
7592,21
7592,26
7592,313
7593,2
7593,66
7593,1160
7594,21
7594,63
7595,2
7595,18
7595,25
7596,2
7596,65
7597,2
7597,18
7598,2
7598,21
7598,65
7599,2
7599,66
7599,68
7600,12
7600,25
7600,1162
7601,2
7601,25
7601,114
7602,2
7602,12
7602,14
7603,2
7603,12
7603,14
7604,2
7604,12
7604,14
7605,1
7605,75
7605,79
7606,2
7606,18
7607,2
7607,142
7608,2
7608,11
7608,66
7609,1
7609,2
7609,66
7610,18
7610,1163
7611,2
7611,66
7611,152
7612,38
7612,214
7612,697
7613,12
7613,21
7614,38
7614,214
7614,344
7615,38
7615,697
7615,911
7616,2
7616,18
7617,2
7617,18
7618,2
7618,25
7619,2
7619,18
7619,84
7620,1
7620,2
7620,8
7621,2
7621,18
7622,39
7622,57
7622,759
7623,65
7623,66
7624,2
7624,19
7625,68
7625,330
7625,741
7626,2
7626,25
7626,31
7627,2
7627,114
7628,2
7628,18
7629,12
7629,19
7630,54
7630,275
7630,367
7630,383
7631,8
7631,21
7631,94
7632,63
7632,76
7632,539
7633,2
7633,8
7634,2
7634,8
7634,26
7635,103
7635,146
7636,2
7636,113
7636,141
7637,2
7637,4
7637,337
7638,2
7638,10
7638,161
7639,2
7639,12
7639,68
7640,36
7640,157
7640,1004
7641,8
7641,68
7641,151
7642,2
7642,8
7642,114
7643,1
7643,2
7643,12
7644,9
7644,10
7645,117
7645,119
7645,486
7646,1
7646,2
7646,18
7647,2
7647,19
7648,2
7648,34
7649,18
7649,25
7649,193
7650,2
7650,66
7651,2
7651,18
7651,67
7652,21
7652,63
7653,2
7653,12
7653,26
7654,65
7654,66
7655,33
7655,39
7655,57
7656,2
7656,34
7657,2
7657,25
7657,26
7658,2
7658,26
7658,114
7659,49
7659,79
7660,21
7660,63
7660,79
7661,66
7661,146
7661,288
7662,2
7662,18
7663,2
7663,25
7663,829
7664,21
7664,35
7664,81
7665,8
7665,94
7665,723
7666,2
7666,12
7666,25
7667,8
7667,21
7667,723
7668,21
7668,34
7669,18
7669,21
7670,2
7670,21
7670,34
7671,18
7671,21
7671,1164
7672,2
7672,66
7672,70
7673,2
7673,31
7674,2
7674,25
7674,31
7675,2
7675,31
7676,12
7676,29
7676,196
7676,803
7677,39
7677,57
7677,1165
7678,18
7678,21
7678,39
7679,2
7679,86
7679,152
7680,2
7680,12
7680,18
7681,2
7681,12
7681,105
7682,39
7682,57
7683,9
7683,10
7684,2
7684,18
7684,193
7685,2
7685,12
7685,18
7686,76
7686,228
7686,1166
7687,21
7687,34
7688,2
7688,18
7688,67
7689,21
7689,147
7690,2
7690,12
7690,18
7691,2
7691,25
7691,332
7692,2
7692,12
7692,114
7693,8
7693,21
7693,655
7694,19
7694,327
7694,566
7695,21
7695,342
7695,370
7696,2
7696,105
7697,21
7697,332
7698,8
7698,21
7699,8
7699,213
7699,845
7700,18
7700,21
7701,8
7701,21
7701,655
7702,1
7702,2
7702,39
7703,26
7703,42
7703,453
7704,1
7704,2
7704,8
7705,8
7705,21
7706,8
7706,21
7707,2
7707,25
7707,152
7708,8
7708,56
7708,107
7709,65
7709,66
7709,137
7710,2
7710,18
7710,56
7711,13
7711,21
7711,166
7712,2
7712,18
7712,194
7713,2
7713,12
7713,66
7714,1
7714,2
7714,11
7715,8
7715,191
7715,686
7716,1
7716,57
7717,313
7717,457
7717,1167
7718,10
7718,19
7718,918
7719,33
7719,39
7719,57
7720,54
7720,700
7720,1168
7721,10
7721,21
7721,524
7722,14
7722,57
7723,65
7723,66
7724,1
7724,113
7724,199
7725,2
7725,320
7726,2
7726,32
7727,6
7727,68
7727,94
7728,2
7728,12
7728,21
7729,2
7729,66
7730,2
7730,11
7730,12
7731,65
7731,66
7731,142
7732,2
7732,31
7732,152
7733,10
7733,57
7734,49
7734,75
7735,2
7735,12
7735,1154
7736,2
7736,11
7736,32
7737,2
7737,18
7737,84
7738,21
7738,215
7739,8
7739,25
7739,42
7740,12
7740,15
7740,19
7740,274
7741,2
7741,25
7741,31
7742,2
7742,8
7742,114
7742,253
7743,8
7743,57
7743,114
7744,12
7744,235
7744,462
7745,75
7745,213
7745,1169
7746,119
7746,120
7746,121
7746,264
7747,12
7747,13
7747,21
7748,2
7748,26
7748,147
7749,2
7749,441
7749,1121
7750,10
7750,13
7750,21
7751,13
7751,213
7751,864
7752,1
7752,11
7752,12
7753,2
7753,12
7753,39
7754,2
7754,25
7754,26
7755,1
7755,34
7756,2
7756,10
7756,12
7757,2
7757,12
7757,26
7758,1
7758,33
7758,114
7759,79
7759,903
7760,2
7760,26
7761,2
7761,25
7761,610
7762,2
7762,11
7763,2
7763,66
7763,114
7764,1
7764,10
7764,146
7765,8
7765,122
7765,341
7766,34
7766,71
7766,195
7767,21
7767,213
7768,1
7768,2
7768,147
7769,10
7769,376
7770,10
7770,376
7771,10
7771,25
7771,376
7772,10
7772,25
7772,376
7773,2
7773,18
7774,38
7774,50
7774,561
7775,2
7775,105
7776,38
7776,76
7776,182
7777,21
7777,100
7778,19
7778,75
7778,1170
7779,21
7779,63
7780,2
7780,66
7780,75
7780,137
7781,2
7781,66
7781,79
7782,34
7782,195
7783,10
7783,22
7783,96
7784,75
7784,79
7784,141
7785,2
7785,25
7786,2
7786,99
7787,2
7787,18
7788,1
7788,2
7788,8
7788,12
7789,2
7789,18
7789,147
7790,1
7790,10
7791,8
7791,40
7791,99
7792,2
7792,12
7792,26
7793,2
7793,8
7793,18
7794,1
7794,2
7794,54
7795,2
7795,12
7795,113
7796,2
7796,8
7796,25
7796,177
7797,57
7797,96
7798,1
7798,6
7798,549
7799,57
7799,64
7799,243
7800,12
7800,21
7800,157
7801,2
7801,66
7801,152
7802,2
7802,18
7802,324
7803,2
7803,31
7804,2
7804,32
7805,2
7805,4
7806,2
7806,25
7806,114
7807,2
7807,12
7807,86
7807,105
7808,18
7808,75
7808,157
7809,2
7809,25
7810,2
7810,32
7811,2
7811,66
7812,193
7812,1171
7812,1172
7813,42
7813,65
7813,66
7814,2
7814,21
7814,43
7815,2
7815,12
7815,18
7816,2
7816,12
7816,193
7817,19
7817,68
7817,75
7818,2
7818,12
7818,65
7819,12
7819,34
7819,67
7820,10
7820,19
7820,918
7821,14
7821,21
7821,267
7822,2
7822,83
7822,114
7823,2
7823,8
7823,191
7824,1
7824,26
7824,75
7825,78
7825,191
7825,1173
7826,2
7826,12
7826,25
7827,2
7827,21
7828,1
7828,94
7828,174
7829,2
7829,66
7829,68
7830,10
7830,138
7830,327
7831,2
7831,84
7832,2
7832,144
7833,2
7833,66
7834,2
7834,18
7835,2
7835,25
7835,31
7836,8
7836,10
7836,21
7837,40
7837,64
7837,1174
7838,21
7838,76
7838,313
7839,21
7839,75
7839,314
7840,3
7840,4
7840,44
7841,39
7841,64
7841,1174
7842,13
7842,19
7842,63
7843,21
7843,49
7843,79
7844,2
7844,18
7844,21
7845,57
7845,100
7845,143
7846,2
7846,18
7846,194
7847,21
7847,313
7848,24
7848,94
7848,366
7849,40
7849,383
7849,390
7850,94
7850,641
7850,972
7851,2
7851,12
7851,25
7852,2
7852,12
7852,57
7853,10
7853,212
7853,1177
7854,10
7854,41
7854,1060
7855,2
7855,18
7855,114
7856,8
7856,21
7857,8
7857,21
7857,409
7858,12
7858,89
7858,1178
7859,21
7859,89
7859,313
7860,26
7860,65
7860,66
7861,21
7861,57
7861,624
7862,12
7862,18
7862,193
7863,13
7863,39
7863,313
7864,13
7864,21
7864,1179
7865,13
7865,50
7865,313
7866,21
7866,65
7866,952
7867,2
7867,19
7867,26
7868,13
7868,39
7868,203
7869,2
7869,18
7869,94
7869,193
7870,12
7870,18
7870,25
7871,12
7871,96
7871,965
7872,2
7872,31
7872,132
7873,2
7873,5
7874,2
7874,12
7874,18
7875,725
7875,1180
7876,2
7876,14
7876,105
7877,1
7877,75
7877,95
7878,10
7878,19
7878,22
7879,10
7879,19
7879,203
7879,1033
7880,12
7880,67
7880,513
7881,21
7881,49
7881,157
7882,19
7882,43
7882,752
7883,2
7883,21
7884,2
7884,12
7884,25
7885,94
7885,174
7885,310
7886,2
7886,31
7886,83
7887,2
7887,18
7887,324
7888,10
7888,12
7888,21
7889,2
7889,12
7889,193
7890,2
7890,66
7891,2
7891,277
7892,49
7892,213
7892,373
7893,1096
7893,1181
7894,2
7894,32
7894,66
7895,11
7895,66
7895,389
7896,1
7896,8
7896,253
7897,2
7897,18
7898,2
7898,12
7898,57
7899,34
7899,195
7900,4
7900,35
7901,2
7901,18
7901,84
7902,2
7902,66
7902,68
7903,21
7903,73
7904,21
7904,73
7904,313
7905,2
7905,10
7905,26
7906,18
7906,21
7907,89
7907,596
7907,1140
7908,1
7908,42
7908,199
7909,2
7909,18
7910,2
7910,25
7910,83
7911,89
7911,214
7911,1183
7912,2
7912,25
7912,152
7913,2
7913,4
7913,92
7914,34
7914,144
7915,2
7915,18
7915,774
7916,89
7916,633
7916,995
7917,76
7917,596
7917,1184
7918,19
7918,69
7918,146
7919,89
7919,373
7919,671
7920,76
7920,469
7920,671
7921,1
7921,10
7921,26
7922,34
7922,71
7922,195
7923,79
7923,373
7923,1185
7924,34
7924,456
7924,1186
7925,1
7925,68
7925,75
7926,2
7926,18
7927,15
7927,63
7928,8
7928,32
7928,41
7929,12
7929,79
7929,1187
7930,2
7930,18
7930,25
7931,483
7931,1188
7931,1189
7932,2
7932,12
7932,18
7933,61
7933,79
7934,2
7934,18
7934,84
7935,2
7935,114
7936,2
7936,18
7937,2
7937,18
7937,1190
7938,294
7938,1191
7939,2
7939,66
7940,1
7940,42
7940,199
7941,2
7941,39
7941,56
7942,2
7942,18
7943,12
7943,25
7943,40
7944,2
7944,8
7944,132
7945,2
7945,25
7945,31
7946,1
7946,22
7947,12
7947,25
7948,2
7948,18
7949,2
7949,8
7949,151
7950,2
7950,18
7950,582
7951,2
7951,12
7951,113
7952,18
7952,19
7952,25
7953,2
7953,25
7953,829
7954,2
7954,25
7954,152
7955,40
7955,99
7956,2
7956,66
7956,245
7957,12
7957,25
7957,71
7958,2
7958,12
7958,18
7959,57
7959,100
7960,2
7960,12
7960,25
7961,2
7961,18
7961,21
7962,2
7962,18
7962,21
7963,2
7963,18
7963,84
7964,4
7964,56
7964,1192
7964,1193
7965,2
7965,12
7965,18
7966,2
7966,13
7966,250
7967,2
7967,18
7967,21
7968,18
7968,21
7969,2
7969,18
7969,21
7970,2
7970,18
7970,21
7971,21
7971,65
7971,157
7972,21
7972,65
7973,2
7973,35
7973,245
7974,10
7974,21
7975,32
7975,33
7975,158
7976,4
7976,105
7977,2
7977,8
7977,18
7978,2
7978,18
7978,1097
7979,2
7979,86
7979,152
7980,2
7980,66
7980,68
7981,2
7981,4
7981,12
7982,2
7982,18
7983,1
7983,12
7983,26
7984,2
7984,12
7984,63
7985,2
7985,5
7986,1
7986,2
7986,10
7987,8
7987,10
7987,57
7988,32
7988,38
7988,57
7988,144
7989,2
7989,4
7989,18
7990,2
7990,25
7990,152
7991,64
7991,94
7991,355
7992,66
7992,68
7992,735
7993,2
7993,66
7994,2
7994,5
7995,1
7995,6
7995,94
7996,2
7996,114
7997,2
7997,25
7997,49
7997,166
7998,2
7998,18
7998,84
7999,2
7999,18
8000,2
8000,12
8000,132
8001,10
8001,99
8001,146
8002,2
8002,25
8002,114
8003,2
8003,12
8003,66
8004,2
8004,18
8005,39
8005,297
8005,1195
8006,2
8006,11
8006,152
8007,2
8007,24
8008,37
8008,38
8008,182
8009,56
8009,79
8010,5
8010,12
8010,38
8011,37
8011,79
8011,1197
8012,56
8012,228
8012,718
8013,57
8013,96
8013,237
8014,21
8014,144
8014,182
8015,56
8015,79
8015,228
8016,2
8016,18
8016,21
8017,2
8017,297
8017,1198
8018,37
8018,38
8019,943
8019,1199
8020,2
8020,5
8021,13
8021,54
8021,57
8022,8
8022,32
8022,298
8023,2
8023,12
8023,26
8024,21
8024,682
8025,19
8025,379
8025,867
8026,2
8026,25
8026,122
8027,21
8027,250
8027,382
8028,2
8028,18
8028,96
8029,8
8029,12
8029,21
8030,2
8030,26
8030,114
8031,2
8031,12
8031,22
8032,2
8032,25
8032,114
8033,10
8033,138
8034,2
8034,18
8034,35
8035,1
8035,37
8035,1200
8036,6
8036,93
8036,94
8037,2
8037,89
8037,1201
8038,2
8038,10
8038,132
8039,1
8039,61
8039,75
8040,26
8040,148
8041,2
8041,46
8041,774
8042,2
8042,18
8043,1
8043,10
8043,34
8044,34
8044,57
8044,195
8045,1
8045,34
8045,195
8046,2
8046,18
8046,194
8047,2
8047,66
8048,11
8048,32
8049,76
8049,392
8049,446
8050,12
8050,18
8051,2
8051,343
8052,2
8052,12
8052,21
8053,2
8053,25
8053,114
8054,2
8054,18
8055,79
8055,1203
8055,1204
8056,2
8056,4
8056,12
8057,143
8057,248
8057,491
8058,143
8058,248
8058,491
8059,73
8059,228
8059,1205
8060,2
8060,18
8060,84
8061,1
8061,39
8061,57
8061,215
8062,73
8062,491
8063,2
8063,25
8063,151
8064,2
8064,66
8064,114
8065,2
8065,18
8065,84
8066,2
8066,105
8066,457
8067,39
8067,57
8067,310
8068,2
8068,18
8068,105
8069,18
8069,21
8069,355
8070,8
8070,20
8070,68
8071,21
8071,64
8071,239
8072,66
8072,265
8072,287
8072,1206
8073,79
8073,592
8074,66
8074,147
8075,2
8075,114
8075,395
8076,1
8076,79
8077,2
8077,12
8077,25
8078,1
8078,33
8078,39
8079,2
8079,18
8080,9
8080,10
8080,166
8081,2
8081,12
8081,86
8082,2
8082,18
8083,21
8083,66
8083,68
8084,2
8084,26
8084,75
8085,6
8085,94
8085,184
8086,1
8086,93
8086,94
8087,6
8087,93
8087,94
8088,1
8088,6
8088,94
8089,2
8089,65
8089,66
8090,2
8090,19
8091,2
8091,81
8091,1207
8092,2
8092,66
8093,2
8093,18
8094,2
8094,114
8094,455
8095,12
8095,105
8095,191
8096,2
8096,5
8097,2
8097,18
8098,2
8098,31
8098,83
8099,2
8099,65
8099,275
8100,21
8100,195
8101,19
8101,84
8101,195
8102,36
8102,56
8102,773
8103,166
8103,455
8103,1208
8104,61
8104,76
8104,252
8105,12
8105,68
8105,425
8106,20
8106,40
8106,62
8107,2
8107,21
8108,2
8108,18
8109,2
8109,66
8109,144
8110,2
8110,18
8111,2
8111,12
8111,114
8112,2
8112,416
8113,1
8113,14
8113,74
8114,2
8114,25
8114,152
8115,1
8115,2
8115,404
8116,370
8116,610
8116,615
8117,117
8117,119
8117,120
8117,121
8117,426
8117,698
8118,1
8118,2
8118,69
8119,376
8119,1210
8120,1
8120,2
8120,117
8121,2
8121,12
8121,26
8122,25
8122,696
8122,1211
8123,12
8123,41
8123,1212
8124,94
8124,255
8124,1213
8125,2
8125,114
8125,310
8126,39
8126,57
8127,1
8127,39
8127,57
8128,1
8128,2
8128,12
8129,2
8129,18
8130,2
8130,117
8130,119
8130,120
8130,362
8130,1214
8131,2
8131,18
8132,119
8132,120
8132,121
8132,426
8133,2
8133,18
8134,119
8134,120
8134,264
8135,8
8135,21
8136,8
8136,21
8136,96
8137,2
8137,18
8137,84
8138,21
8138,63
8139,18
8139,32
8140,2
8140,12
8140,25
8140,26
8141,2
8141,10
8141,86
8142,2
8142,12
8142,18
8143,2
8143,18
8144,2
8144,31
8145,2
8145,18
8146,2
8146,12
8146,22
8146,273
8147,2
8147,25
8147,31
8148,2
8148,12
8148,183
8149,39
8149,57
8149,1215
8150,21
8150,76
8150,345
8151,100
8151,1216
8151,1217
8152,2
8152,19
8152,89
8153,2
8153,100
8154,1
8154,75
8154,182
8155,78
8155,163
8155,723
8156,1
8156,95
8156,199
8157,65
8157,66
8157,265
8158,2
8158,12
8158,18
8159,94
8159,174
8159,415
8160,21
8160,26
8160,1218
8161,2
8161,25
8162,2
8162,25
8163,25
8163,117
8163,293
8164,65
8164,66
8164,1219
8165,1
8165,57
8165,191
8166,2
8166,175
8166,176
8166,361
8167,57
8167,279
8168,19
8168,163
8168,213
8169,1
8169,6
8169,93
8169,94
8170,71
8170,94
8170,184
8171,79
8171,223
8171,529
8172,21
8172,76
8172,596
8173,2
8173,19
8173,26
8174,19
8174,63
8175,21
8175,55
8175,313
8176,21
8176,327
8176,483
8177,21
8177,55
8178,68
8178,93
8178,94
8179,1
8179,93
8179,94
8180,2
8180,142
8180,379
8180,387
8181,18
8181,258
8181,351
8182,189
8182,383
8182,558
8183,57
8183,94
8183,95
8184,2
8184,43
8184,66
8185,4
8185,12
8185,92
8186,4
8186,12
8186,380
8187,2
8187,18
8188,2
8188,26
8188,34
8189,2
8189,276
8189,277
8190,5
8191,1
8191,2
8191,25
8192,8
8192,195
8193,2
8193,8
8193,96
8194,2
8194,25
8194,114
8195,2
8195,66
8195,151
8196,12
8196,193
8196,585
8197,10
8197,57
8197,155
8198,2
8198,66
8198,144
8199,2
8199,26
8199,722
8200,1
8200,9
8200,10
8201,39
8201,57
8201,1220
8202,6
8202,93
8202,94
8203,2
8203,12
8203,732
8204,2
8204,25
8204,84
8205,610
8205,1145
8206,2
8206,12
8206,18
8207,75
8207,1221
8207,1222
8208,50
8208,199
8208,1223
8208,1224
8209,79
8209,141
8209,199
8210,2
8210,26
8210,127
8210,199
8211,127
8211,199
8211,1225
8212,75
8212,275
8212,607
8213,2
8213,253
8213,641
8214,37
8214,79
8214,572
8215,2
8215,175
8215,176
8216,2
8216,18
8217,79
8217,338
8217,396
8218,34
8218,1152
8218,1226
8219,94
8219,382
8219,1227
8220,36
8220,79
8220,96
8221,21
8221,600
8222,2
8222,25
8222,280
8223,2
8223,31
8223,83
8224,2
8224,66
8225,2
8225,25
8225,31
8226,2
8226,18
8226,117
8227,2
8227,67
8228,2
8228,25
8228,869
8229,2
8229,12
8229,18
8230,2
8230,18
8231,8
8231,79
8231,1229
8232,174
8232,382
8233,29
8233,600
8233,815
8234,75
8234,109
8235,59
8235,215
8235,305
8236,215
8236,304
8236,1230
8237,2
8237,25
8237,366
8238,25
8238,376
8238,641
8239,21
8239,57
8239,157
8240,25
8240,40
8240,390
8241,1
8241,14
8241,57
8242,1
8242,2
8242,117
8243,2
8243,12
8243,21
8244,2
8244,18
8244,25
8245,49
8245,94
8245,195
8246,1
8246,2
8246,26
8247,2
8247,25
8247,152
8248,256
8248,590
8248,705
8249,21
8249,61
8249,75
8250,2
8250,66
8251,41
8251,66
8251,274
8252,146
8252,329
8252,742
8253,2
8253,66
8253,200
8254,2
8254,18
8254,66
8255,2
8255,18
8255,194
8256,2
8256,66
8256,68
8257,2
8257,66
8257,68
8258,65
8258,66
8259,2
8259,25
8259,31
8260,9
8260,10
8260,1231
8261,13
8261,119
8261,120
8262,2
8262,18
8263,119
8263,120
8263,121
8263,486
8264,14
8264,57
8264,75
8265,94
8265,174
8265,415
8266,2
8266,25
8266,114
8267,1
8267,2
8267,12
8268,2
8268,25
8269,2
8269,18
8269,84
8270,35
8270,592
8271,2
8271,66
8271,137
8272,2
8272,175
8272,277
8273,61
8273,344
8273,1234
8274,2
8274,114
8274,462
8275,2
8275,25
8275,114
8276,21
8276,114
8276,892
8277,2
8277,12
8277,26
8278,1
8278,25
8278,390
8279,114
8279,892
8280,2
8280,31
8280,83
8281,56
8281,79
8282,38
8282,79
8282,1235
8283,38
8283,79
8283,141
8284,38
8284,1235
8285,38
8285,79
8285,1235
8286,79
8286,141
8286,376
8287,12
8287,106
8288,1236
8288,1237
8289,2
8289,66
8289,70
8290,1
8290,46
8290,85
8291,2
8291,12
8291,18
8292,79
8292,141
8292,376
8293,14
8293,75
8293,217
8293,661
8294,2
8294,21
8295,2
8295,114
8295,131
8296,681
8296,1236
8297,79
8297,376
8298,1236
8298,1238
8299,25
8299,1239
8299,1240
8300,2
8300,376
8301,1
8301,10
8302,38
8302,75
8302,376
8302,1241
8303,79
8303,168
8303,376
8304,39
8304,59
8304,376
8305,376
8305,1242
8306,1095
8306,1239
8307,19
8307,109
8307,350
8308,57
8308,100
8308,376
8309,2
8309,81
8309,109
8310,57
8310,100
8310,376
8311,8
8311,10
8311,29
8312,19
8312,100
8312,600
8313,376
8313,681
8314,2
8314,12
8314,25
8315,21
8315,157
8316,57
8316,203
8316,304
8317,2
8317,146
8317,742
8318,21
8318,147
8318,340
8319,8
8319,21
8320,105
8320,114
8320,1243
8321,2
8321,25
8321,31
8322,2
8322,21
8322,524
8323,2
8323,18
8323,84
8324,25
8324,40
8324,390
8325,2
8325,18
8325,84
8326,2
8326,18
8327,75
8327,79
8327,328
8328,2
8328,12
8328,39
8329,2
8329,66
8329,96
8330,2
8330,191
8330,858
8331,2
8331,57
8331,114
8332,65
8332,66
8332,137
8333,73
8333,846
8334,18
8334,21
8334,147
8335,8
8335,114
8335,232
8336,2
8336,12
8336,146
8337,2
8337,25
8337,152
8338,1
8338,2
8338,26
8339,1
8339,26
8339,199
8340,2
8340,12
8340,66
8341,18
8341,25
8341,34
8342,2
8342,5
8342,79
8343,2
8343,18
8343,84
8344,79
8344,1155
8345,74
8345,75
8345,108
8346,2
8346,25
8346,31
8347,2
8347,25
8347,328
8348,1
8348,2
8348,12
8349,1
8349,39
8349,57
8350,1
8350,42
8350,199
8351,25
8351,75
8351,641
8352,2
8352,18
8352,173
8353,1
8353,10
8353,199
8354,2
8354,18
8355,6
8355,93
8355,94
8356,2
8356,18
8356,84
8357,6
8357,68
8357,94
8358,10
8358,24
8358,232
8359,2
8359,11
8360,2
8360,65
8360,66
8361,1
8361,157
8361,653
8362,1
8362,10
8362,816
8363,2
8363,39
8363,114
8364,2
8364,25
8364,72
8365,114
8365,955
8366,19
8366,21
8366,63
8367,1
8367,2
8367,69
8368,37
8368,659
8368,1244
8369,2
8369,18
8370,12
8370,22
8370,26
8371,65
8371,68
8371,499
8372,26
8372,114
8373,182
8373,659
8373,1245
8374,79
8374,278
8374,1246
8375,1
8375,2
8375,27
8376,79
8376,278
8376,943
8377,39
8377,57
8378,2
8378,18
8378,258
8379,2
8379,24
8379,254
8380,25
8380,199
8380,996
8381,2
8381,32
8381,66
8382,2
8382,68
8382,96
8383,79
8383,338
8384,37
8384,79
8384,338
8385,39
8385,57
8385,75
8386,1
8386,10
8386,146
8387,1
8387,2
8387,12
8388,2
8388,25
8389,43
8389,65
8389,66
8390,8
8390,10
8390,174
8391,1
8391,2
8391,114
8392,79
8392,278
8392,1247
8393,12
8393,21
8393,279
8394,2
8394,66
8394,68
8395,76
8395,736
8395,1231
8396,32
8396,66
8397,2
8397,12
8397,66
8397,137
8398,2
8398,12
8398,66
8399,2
8399,151
8399,152
8400,10
8400,59
8401,10
8401,76
8401,138
8402,10
8402,59
8403,1
8403,2
8403,66
8404,2
8404,5
8404,457
8405,26
8405,99
8405,1248
8406,75
8406,79
8406,96
8406,692
8407,2
8407,19
8407,177
8408,2
8408,12
8408,96
8409,2
8409,12
8409,66
8410,2
8410,12
8410,25
8411,2
8411,67
8411,145
8412,2
8412,25
8412,96
8413,34
8413,178
8414,8
8414,114
8414,253
8415,114
8415,392
8416,34
8416,94
8416,184
8417,2
8417,14
8417,250
8418,2
8418,8
8419,21
8419,65
8420,66
8420,137
8420,287
8420,458
8421,2
8421,8
8421,25
8422,1
8422,39
8422,196
8423,1
8423,33
8423,74
8424,2
8424,12
8424,18
8425,2
8425,66
8426,2
8426,18
8426,194
8427,29
8427,274
8427,620
8428,2
8428,66
8429,18
8429,21
8429,1250
8430,2
8430,66
8430,151
8431,12
8431,18
8431,105
8432,2
8432,25
8432,42
8433,81
8433,118
8433,1251
8434,2
8434,4
8434,32
8435,57
8435,114
8436,2
8436,8
8436,114
8437,12
8437,18
8437,96
8438,1
8438,57
8438,399
8439,2
8439,18
8439,66
8440,2
8440,18
8440,84
8441,2
8441,3
8441,86
8442,2
8442,114
8442,209
8443,38
8443,99
8444,10
8444,38
8444,99
8445,2
8445,12
8445,26
8446,2
8446,18
8446,84
8447,2
8447,12
8447,18
8448,2
8448,25
8448,31
8449,2
8449,18
8450,2
8450,25
8450,70
8451,2
8451,12
8452,2
8452,66
8453,6
8453,68
8453,94
8454,2
8454,31
8454,83
8455,10
8455,19
8455,199
8456,8
8456,12
8456,146
8457,68
8457,93
8457,94
8458,21
8458,195
8459,26
8459,114
8460,1
8460,21
8460,52
8461,33
8461,252
8461,674
8462,2
8462,455
8462,536
8463,2
8463,18
8463,194
8464,293
8464,350
8464,351
8465,39
8465,57
8466,1
8466,2
8466,14
8467,2
8467,11
8467,66
8468,14
8468,69
8468,360
8469,2
8469,100
8469,152
8470,2
8470,59
8470,109
8471,2
8471,18
8472,20
8472,24
8473,2
8473,66
8473,152
8474,2
8474,175
8474,277
8475,8
8475,21
8475,1252
8476,93
8476,94
8476,182
8477,29
8477,305
8477,815
8478,195
8478,234
8478,573
8479,10
8479,524
8479,1253
8480,2
8480,5
8480,18
8481,10
8481,19
8481,86
8482,12
8482,25
8482,68
8483,10
8483,12
8483,68
8484,53
8484,108
8484,162
8485,21
8485,75
8485,327
8486,12
8486,21
8486,25
8487,1
8487,291
8487,380
8488,21
8488,96
8488,327
8489,79
8489,503
8490,26
8490,49
8491,1
8491,26
8492,2
8492,12
8492,26
8493,2
8493,26
8493,99
8494,19
8494,342
8495,184
8496,2
8496,132
8496,199
8497,1
8497,199
8497,232
8498,2
8498,25
8499,12
8499,99
8499,662
8500,14
8500,57
8501,2
8501,12
8501,25
8502,2
8502,68
8502,114
8503,10
8503,26
8503,612
8504,2
8504,12
8504,18
8505,2
8505,5
8506,37
8506,86
8507,2
8507,100
8507,105
8508,2
8508,92
8508,1254
8509,2
8509,100
8509,157
8510,38
8510,1255
8511,21
8511,79
8512,9
8512,10
8513,2
8513,92
8514,2
8514,100
8515,66
8515,298
8516,39
8516,57
8517,25
8517,34
8518,25
8518,34
8518,39
8519,2
8519,18
8519,25
8520,33
8520,39
8520,57
8521,2
8521,12
8521,66
8522,2
8522,25
8522,31
8523,2
8523,12
8523,18
8524,2
8524,12
8524,114
8525,2
8525,18
8526,2
8526,12
8526,320
8527,1
8527,2
8527,18
8528,2
8528,18
8529,2
8529,25
8529,114
8530,52
8530,213
8531,18
8531,34
8531,144
8532,2
8532,18
8532,25
8532,86
8533,163
8533,213
8533,1257
8534,49
8534,213
8534,873
8535,12
8535,21
8535,113
8536,21
8536,26
8536,213
8537,2
8537,132
8537,320
8538,2
8538,12
8538,21
8539,2
8539,12
8539,18
8539,493
8540,12
8540,18
8540,25
8541,2
8541,3
8541,4
8542,12
8542,702
8542,1145
8543,2
8543,66
8543,346
8544,2
8544,25
8544,132
8545,2
8545,152
8545,277
8546,12
8546,174
8546,965
8547,12
8547,29
8547,39
8548,19
8548,39
8549,6
8549,26
8549,39
8549,54
8550,10
8550,399
8550,1258
8551,21
8551,57
8551,213
8552,21
8552,42
8552,327
8553,21
8553,412
8554,213
8554,705
8555,12
8555,217
8555,219
8555,279
8556,2
8556,25
8556,31
8557,1
8557,49
8558,119
8558,120
8558,121
8558,264
8559,8
8559,68
8559,94
8560,1
8560,2
8560,114
8561,2
8561,96
8561,113
8562,49
8562,95
8562,117
8563,2
8563,25
8563,49
8564,2
8564,25
8565,49
8565,61
8566,2
8566,66
8566,68
8567,2
8567,18
8568,32
8568,144
8569,2
8569,18
8570,10
8570,25
8570,68
8571,1
8571,20
8571,149
8572,10
8572,21
8573,29
8573,39
8573,215
8574,10
8574,146
8574,1259
8575,1
8575,9
8575,10
8576,34
8576,184
8577,1
8577,6
8577,215
8578,12
8578,37
8578,56
8579,12
8579,25
8579,95
8580,8
8580,21
8580,524
8581,2
8581,12
8581,25
8582,10
8582,50
8582,94
8583,1
8583,2
8583,146
8584,2
8584,12
8584,214
8585,2
8585,12
8585,147
8586,10
8586,18
8586,193
8587,1
8587,6
8587,94
8588,2
8588,19
8588,157
8589,2
8589,176
8589,276
8590,14
8590,95
8590,399
8591,6
8591,93
8591,94
8592,8
8592,10
8592,21
8593,1
8593,8
8593,94
8594,6
8594,68
8594,94
8595,6
8595,93
8595,94
8596,1
8596,2
8596,157
8597,10
8597,114
8597,310
8598,2
8598,12
8598,78
8599,1
8599,6
8599,94
8600,39
8600,57
8600,105
8601,2
8601,18
8601,66
8602,2
8602,18
8602,84
8603,2
8603,18
8603,66
8604,2
8604,5
8604,12
8605,1
8605,2
8605,10
8606,2
8606,18
8607,2
8607,276
8607,277
8608,2
8608,18
8608,66
8609,2
8609,12
8609,18
8609,25
8610,5
8610,105
8611,2
8611,25
8611,113
8612,32
8612,142
8612,298
8613,2
8613,18
8613,21
8614,2
8614,18
8614,46
8615,2
8615,18
8615,32
8616,71
8616,184
8616,195
8617,2
8617,25
8617,273
8618,2
8618,4
8618,258
8619,2
8619,18
8620,2
8620,18
8620,84
8621,21
8621,395
8622,32
8622,298
8622,387
8623,183
8623,440
8624,34
8624,195
8625,2
8625,18
8626,1
8626,2
8626,10
8627,2
8627,18
8627,96
8628,19
8628,26
8628,49
8629,21
8629,75
8630,2
8630,12
8630,22
8631,2
8631,10
8631,12
8631,693
8632,1
8632,2
8632,12
8633,2
8633,75
8633,692
8634,2
8634,18
8635,1
8635,95
8635,394
8636,6
8636,39
8636,57
8637,2
8637,276
8637,361
8638,21
8638,140
8639,491
8639,621
8639,819
8640,2
8640,114
8640,310
8641,2
8641,10
8641,114
8642,37
8642,79
8642,580
8643,2
8643,8
8643,114
8644,8
8644,114
8644,174
8645,2
8645,11
8645,66
8646,2
8646,32
8646,298
8647,71
8647,94
8647,184
8648,2
8648,25
8648,114
8649,2
8649,11
8649,21
8650,2
8650,12
8650,455
8651,21
8651,510
8651,724
8652,2
8652,12
8653,1
8653,6
8653,94
8654,19
8654,140
8655,2
8655,32
8656,2
8656,12
8657,2
8657,12
8657,25
8658,2
8658,8
8658,114
8659,2
8659,178
8660,32
8660,144
8660,387
8661,12
8661,571
8662,2
8662,18
8663,25
8663,122
8663,891
8664,1
8664,2
8665,21
8665,955
8666,34
8666,195
8666,558
8667,2
8667,5
8667,18
8668,2
8668,276
8668,1261
8669,49
8669,79
8670,75
8670,96
8670,692
8671,75
8671,79
8671,692
8672,6
8672,10
8672,199
8673,6
8673,10
8673,199
8674,1
8674,6
8674,10
8675,1
8675,6
8675,10
8676,6
8676,10
8676,69
8676,199
8677,9
8677,10
8677,1262
8678,21
8678,57
8678,143
8679,6
8679,8
8679,94
8680,1
8680,14
8680,96
8681,6
8681,8
8681,94
8682,1
8682,6
8682,94
8683,1
8683,10
8683,94
8684,491
8684,819
8684,1263
8685,1
8685,33
8685,34
8686,1
8686,26
8686,379
8687,32
8687,43
8687,506
8688,1
8688,8
8688,96
8689,21
8689,34
8689,304
8690,21
8690,325
8690,370
8690,1264
8691,2
8691,21
8692,2
8692,18
8693,6
8693,1265
8693,1266
8693,1267
8694,2
8694,105
8695,39
8695,57
8695,548
8696,8
8696,174
8696,664
8697,2
8697,25
8697,31
8698,1
8698,2
8698,43
8699,10
8699,659
8700,6
8700,181
8700,803
8701,18
8701,145
8702,2
8702,18
8703,8
8703,42
8703,114
8704,2
8704,66
8705,8
8705,94
8705,174
8706,21
8706,161
8706,163
8707,21
8707,33
8707,39
8708,39
8708,57
8708,1023
8709,2
8709,25
8709,114
8710,57
8710,105
8710,599
8711,32
8711,57
8711,1220
8712,2
8712,21
8712,114
8713,21
8713,63
8714,2
8714,66
8715,2
8715,12
8715,1268
8716,2
8716,105
8717,2
8717,12
8717,147
8718,2
8718,18
8719,2
8719,14
8719,19
8720,21
8720,34
8720,342
8721,2
8721,100
8722,2
8722,92
8723,75
8723,79
8723,136
8724,66
8724,76
8725,2
8725,64
8725,89
8726,79
8726,141
8727,2
8727,65
8727,66
8728,10
8728,21
8728,140
8729,8
8729,61
8729,76
8730,65
8730,66
8730,596
8731,2
8731,18
8732,2
8732,10
8732,18
8733,105
8733,183
8733,350
8734,2
8734,114
8734,253
8735,66
8735,75
8735,79
8736,57
8736,499
8737,2
8737,66
8738,2
8738,4
8738,66
8739,2
8739,66
8739,1270
8740,2
8740,276
8740,277
8741,2
8741,25
8741,152
8742,56
8742,114
8742,310
8743,1
8743,39
8744,1
8744,2
8744,26
8745,2
8745,18
8745,66
8746,100
8746,632
8746,1271
8747,2
8747,12
8747,18
8748,2
8748,12
8748,932
8749,2
8749,12
8749,26
8750,2
8750,100
8750,200
8751,2
8751,18
8751,100
8752,2
8752,18
8753,2
8753,100
8754,4
8754,18
8754,105
8755,2
8755,18
8755,299
8756,6
8756,298
8756,1272
8757,10
8757,1273
8758,32
8758,66
8759,2
8759,12
8759,25
8760,1
8760,6
8760,39
8761,2
8761,12
8762,2
8762,18
8762,84
8763,2
8763,64
8763,183
8764,2
8764,92
8764,126
8764,190
8765,2
8765,92
8765,126
8765,190
8766,2
8766,66
8767,2
8767,12
8767,21
8768,2
8768,18
8769,2
8769,34
8770,2
8770,12
8770,26
8771,2
8771,12
8771,26
8771,523
8772,14
8772,96
8773,2
8773,67
8774,1
8774,12
8774,99
8775,12
8775,19
8775,232
8776,10
8776,49
8776,360
8777,2
8777,18
8777,59
8778,2
8778,38
8778,929
8779,2
8779,8
8779,12
8780,12
8780,43
8780,159
8781,2
8781,21
8782,2
8782,12
8782,18
8782,21
8783,34
8783,75
8783,136
8784,2
8784,276
8784,277
8785,25
8785,49
8785,196
8786,12
8786,18
8786,66
8787,2
8787,18
8787,35
8788,2
8788,107
8788,902
8789,2
8789,32
8789,152
8790,25
8790,52
8790,95
8791,8
8791,14
8791,105
8792,36
8792,56
8792,73
8792,304
8793,2
8793,10
8793,12
8794,2
8794,12
8794,29
8794,84
8795,34
8795,71
8795,1274
8796,2
8796,12
8796,21
8797,1
8797,2
8797,15
8798,10
8798,95
8798,138
8799,34
8799,49
8800,2
8800,12
8800,605
8801,39
8801,57
8802,76
8802,186
8802,239
8803,2
8803,18
8803,114
8804,2
8804,18
8804,84
8805,2
8805,18
8806,1
8806,10
8806,199
8807,1
8807,10
8807,199
8808,66
8808,157
8809,8
8809,21
8809,580
8810,2
8810,3
8810,1007
8811,19
8811,34
8811,55
8812,2
8812,92
8813,34
8813,114
8813,195
8814,21
8814,140
8815,1
8815,6
8815,215
8816,2
8816,12
8816,176
8817,21
8817,34
8817,195
8818,34
8818,71
8818,195
8819,2
8819,12
8819,66
8820,26
8820,182
8820,213
8821,2
8821,12
8821,18
8822,105
8822,259
8822,350
8823,105
8823,259
8823,652
8824,8
8824,97
8824,105
8825,21
8825,79
8826,2
8826,19
8827,2
8827,18
8828,46
8828,79
8828,1018
8829,1
8829,57
8829,95
8830,94
8830,784
8831,2
8831,18
8832,2
8832,66
8833,2
8833,66
8833,109
8834,2
8834,5
8834,86
8835,2
8835,12
8835,18
8836,2
8836,25
8836,132
8837,96
8837,988
8837,1275
8838,2
8838,5
8839,21
8839,68
8840,2
8840,4
8840,18
8841,2
8841,26
8841,114
8842,2
8842,25
8843,2
8843,18
8843,105
8844,1
8844,2
8844,114
8845,2
8845,775
8845,1276
8846,10
8846,34
8846,57
8847,1
8847,94
8847,1277
8848,32
8848,46
8848,57
8849,21
8849,33
8849,34
8850,2
8850,34
8850,114
8851,1
8851,536
8851,549
8852,2
8852,66
8852,68
8853,8
8853,75
8853,336
8853,1279
8854,56
8854,214
8854,1205
8855,2
8855,49
8855,61
8856,2
8856,18
8857,12
8857,18
8857,150
8858,2
8858,18
8859,79
8859,105
8860,1
8860,2
8860,25
8861,56
8861,79
8861,107
8862,1
8862,6
8862,94
8863,22
8863,169
8863,633
8864,2
8864,21
8864,56
8865,1
8865,2
8865,12
8866,149
8866,420
8866,633
8867,1
8867,6
8867,109
8868,10
8868,21
8868,138
8869,75
8869,79
8869,510
8870,21
8870,213
8870,1280
8871,21
8871,342
8872,2
8872,25
8872,31
8873,2
8873,31
8874,2
8874,12
8874,18
8875,2
8875,11
8875,66
8876,2
8876,114
8877,2
8877,5
8877,100
8878,2
8878,12
8878,18
8879,18
8879,84
8880,119
8880,120
8880,121
8880,486
8881,2
8881,18
8882,26
8882,401
8882,425
8883,2
8883,18
8883,84
8884,2
8884,66
8884,68
8885,10
8885,66
8886,2
8886,276
8886,277
8887,12
8887,26
8887,154
8888,2
8888,12
8888,25
8889,2
8889,18
8889,25
8890,12
8890,21
8891,2
8891,18
8891,194
8892,1
8892,2
8892,147
8893,2
8893,38
8893,100
8894,2
8894,25
8895,2
8895,18
8896,21
8896,327
8896,524
8897,1
8897,2
8897,114
8898,1
8898,2
8898,10
8899,32
8899,65
8899,754
8900,4
8900,65
8900,70
8901,1
8901,10
8901,95
8902,21
8902,63
8902,76
8903,18
8903,522
8903,1268
8904,75
8904,860
8904,1281
8905,8
8905,14
8905,94
8906,1
8906,8
8906,14
8907,8
8907,21
8907,181
8908,2
8908,66
8909,2
8909,18
8909,194
8910,1
8910,2
8910,12
8911,2
8911,66
8911,151
8912,2
8912,114
8912,253
8913,2
8913,18
8914,2
8914,18
8914,84
8915,2
8915,25
8915,31
8916,1
8916,2
8916,455
8917,8
8917,9
8917,10
8918,8
8918,29
8918,181
8919,1
8919,2
8919,113
8920,65
8920,66
8920,275
8921,2
8921,18
8922,2
8922,66
8922,957
8923,2
8923,18
8924,2
8924,142
8924,144
8925,8
8925,21
8926,19
8926,39
8926,135
8927,8
8927,21
8928,2
8928,12
8928,25
8929,19
8929,63
8930,54
8930,304
8930,1282
8931,6
8931,93
8931,94
8932,2
8932,8
8932,10
8933,21
8933,412
8934,46
8934,299
8934,1202
8935,46
8935,56
8935,107
8936,2
8936,18
8936,84
8937,56
8937,107
8937,1202
8938,2
8938,12
8938,18
8939,2
8939,18
8939,84
8940,18
8940,105
8940,157
8941,2
8941,8
8941,18
8942,2
8942,31
8942,83
8943,46
8943,56
8944,2
8944,56
8944,774
8945,2
8945,18
8945,84
8946,19
8946,140
8947,2
8947,15
8947,114
8948,19
8948,140
8949,19
8949,39
8949,654
8950,2
8950,178
8950,569
8951,1
8951,174
8952,2
8952,18
8952,105
8953,105
8953,412
8954,2
8954,18
8954,193
8955,2
8955,276
8955,277
8956,2
8956,10
8956,114
8957,2
8957,18
8958,2
8958,18
8959,2
8959,65
8959,66
8960,2
8960,66
8960,157
8961,2
8961,299
8962,79
8962,109
8963,2
8963,12
8963,18
8964,1
8964,2
8964,159
8965,1
8965,2
8965,132
8966,12
8966,21
8966,76
8967,8
8967,19
8967,282
8968,61
8968,76
8968,596
8969,10
8969,21
8969,34
8970,10
8970,196
8971,5
8971,251
8971,876
8972,56
8972,251
8972,876
8973,2
8973,25
8973,641
8974,21
8974,35
8975,2
8975,35
8975,86
8976,2
8976,5
8976,876
8977,443
8977,725
8978,2
8978,32
8979,25
8979,1074
8980,2
8980,18
8980,84
8981,2
8981,35
8981,86
8982,2
8982,5
8982,876
8983,99
8983,135
8984,2
8984,18
8985,2
8985,66
8986,2
8986,18
8986,100
8987,2
8987,18
8988,2
8988,151
8988,152
8989,2
8989,18
8989,84
8990,39
8990,57
8991,2
8991,18
8991,84
8992,2
8992,18
8992,84
8993,2
8993,34
8994,1
8994,452
8995,66
8995,68
8996,11
8996,144
8996,298
8997,2
8997,12
8997,25
8998,2
8998,18
8998,582
8999,2
8999,25
9000,65
9000,66
9000,138
9001,2
9001,12
9001,25
9002,57
9002,114
9003,2
9003,21
9003,114
9004,2
9004,114
9005,21
9005,213
9005,1283
9006,21
9006,327
9006,1284
9007,2
9007,18
9007,57
9008,2
9008,21
9008,114
9009,76
9009,159
9009,1282
9010,19
9010,452
9010,933
9011,1
9011,2
9011,12
9012,43
9012,57
9012,96
9013,65
9013,66
9013,70
9014,39
9014,57
9014,1285
9015,2
9015,18
9015,84
9016,1
9016,6
9016,799
9017,8
9017,50
9018,8
9018,114
9019,1
9019,8
9019,121
9020,2
9020,18
9020,25
9021,9
9021,10
9022,6
9022,39
9022,57
9023,14
9023,22
9023,648
9024,4
9024,78
9024,1286
9025,2
9025,66
9026,38
9026,105
9027,2
9027,86
9027,151
9027,1287
9028,1
9028,39
9028,215
9029,12
9029,79
9029,96
9030,1
9030,2
9030,75
9031,9
9031,10
9031,1094
9032,2
9032,10
9032,19
9033,2
9033,18
9034,1
9034,232
9035,21
9035,57
9036,1
9036,2
9036,8
9037,2
9037,114
9038,75
9038,79
9038,1288
9039,2
9039,18
9040,2
9040,26
9040,35
9041,2
9041,18
9041,84
9042,2
9042,25
9042,31
9043,2
9043,31
9043,132
9044,2
9044,12
9044,86
9045,8
9045,182
9045,199
9045,638
9046,65
9046,66
9046,70
9047,21
9047,79
9048,2
9048,25
9048,34
9050,2
9050,8
9050,113
9051,10
9051,25
9051,114
9052,10
9052,483
9052,896
9053,2
9053,25
9053,114
9054,2
9054,18
9054,145
9055,2
9055,4
9055,18
9056,8
9056,12
9056,1289
9057,64
9057,114
9057,279
9058,64
9058,114
9058,118
9059,64
9059,118
9060,2
9060,114
9061,2
9061,64
9061,114
9062,64
9062,547
9062,858
9063,64
9063,114
9063,547
9064,6
9064,26
9064,94
9065,2
9065,25
9066,2
9066,114
9066,1290
9067,2
9067,35
9068,2
9068,18
9069,2
9069,1290
9070,2
9070,176
9070,276
9071,184
9071,275
9072,26
9072,34
9073,2
9073,114
9073,1291
9074,2
9074,114
9075,2
9075,114
9075,1292
9076,21
9076,96
9076,566
9077,10
9077,66
9077,76
9078,2
9078,132
9078,1293
9079,35
9079,1294
9079,1295
9080,8
9080,10
9080,21
9081,2
9081,66
9081,276
9082,10
9082,21
9083,2
9083,12
9083,19
9084,54
9084,694
9084,834
9085,21
9085,37
9085,566
9086,2
9086,84
9087,345
9087,446
9087,1037
9088,18
9088,157
9088,193
9089,2
9089,12
9089,66
9090,57
9090,100
9091,10
9091,57
9091,105
9092,1
9092,10
9092,57
9093,21
9093,146
9093,288
9094,65
9094,66
9094,75
9095,2
9095,65
9095,66
9096,143
9096,195
9096,275
9097,2
9097,12
9097,18
9098,75
9098,205
9098,512
9099,12
9099,99
9099,1296
9100,2
9100,18
9100,84
9101,2
9101,18
9102,2
9102,66
9103,2
9103,84
9104,6
9104,94
9104,284
9105,1
9105,2
9106,8
9106,94
9106,655
9107,2
9107,37
9107,351
9108,46
9108,57
9109,2
9109,25
9109,31
9110,2
9110,25
9110,31
9111,2
9111,1297
9111,1298
9112,21
9112,76
9112,313
9113,2
9113,19
9114,2
9114,25
9114,66
9115,2
9115,18
9115,25
9116,2
9116,11
9116,66
9117,2
9117,18
9118,2
9118,65
9119,536
9119,549
9120,21
9120,68
9120,166
9120,918
9121,2
9121,18
9121,173
9122,76
9122,167
9122,1299
9123,12
9123,295
9123,489
9124,1
9124,2
9124,132
9125,89
9125,108
9125,596
9126,2
9126,12
9126,213
9127,2
9127,8
9127,114
9128,2
9128,4
9128,416
9129,2
9129,276
9129,277
9130,2
9130,92
9131,2
9131,8
9131,114
9132,105
9132,259
9132,652
9133,105
9133,351
9133,652
9134,2
9134,151
9134,152
9135,2
9135,25
9135,31
9136,12
9136,26
9137,18
9137,21
9138,2
9138,12
9138,26
9139,2
9139,18
9140,2
9140,18
9140,21
9141,2
9141,75
9141,79
9142,2
9142,114
9142,1300
9143,2
9143,18
9144,2
9144,12
9144,66
9145,2
9145,18
9146,2
9146,12
9146,105
9147,12
9147,21
9147,36
9148,8
9148,21
9149,2
9149,4
9149,18
9150,2
9150,18
9150,1135
9151,2
9151,18
9152,2
9152,24
9152,25
9153,1
9153,25
9153,95
9154,39
9154,56
9154,573
9155,2
9155,18
9155,84
9156,2
9156,66
9156,152
9157,2
9157,152
9158,2
9158,18
9159,2
9159,10
9159,584
9160,1
9160,12
9160,99
9161,8
9161,26
9161,195
9162,21
9162,57
9162,143
9163,2
9163,25
9163,114
9164,57
9164,114
9165,21
9165,114
9166,21
9166,114
9167,8
9167,79
9167,125
9168,14
9168,22
9168,1222
9169,2
9169,12
9169,18
9170,93
9170,94
9170,284
9171,49
9171,93
9171,94
9171,284
9172,2
9172,100
9172,1301
9173,8
9173,19
9173,1302
9174,10
9174,138
9174,397
9175,59
9175,79
9175,304
9176,12
9176,19
9176,992
9177,2
9177,66
9178,2
9178,151
9178,152
9179,57
9179,100
9180,38
9180,214
9180,1211
9181,2
9181,66
9181,137
9182,2
9182,25
9182,68
9183,73
9183,217
9183,219
9183,1303
9184,38
9184,464
9185,1
9185,8
9185,96
9186,2
9186,12
9186,18
9187,191
9187,366
9188,2
9188,32
9189,12
9189,26
9190,8
9190,25
9190,114
9191,2
9191,12
9191,380
9192,2
9192,12
9192,66
9192,137
9193,2
9193,18
9194,2
9194,18
9195,2
9195,18
9196,114
9196,500
9197,8
9197,42
9197,199
9197,253
9198,2
9198,9
9198,10
9199,65
9199,66
9199,137
9200,2
9200,25
9200,152
9201,2
9201,66
9201,68
9202,2
9202,66
9203,2
9203,12
9204,2
9204,18
9205,65
9205,66
9205,137
9206,39
9206,57
9207,57
9207,416
9208,21
9208,33
9209,39
9209,57
9209,59
9210,2
9210,10
9211,36
9211,49
9212,76
9212,209
9212,1208
9213,2
9213,475
9214,2
9214,18
9214,416
9215,8
9215,68
9215,191
9215,315
9216,2
9216,8
9216,12
9216,18
9217,2
9217,18
9218,65
9218,66
9218,137
9219,2
9219,19
9220,10
9220,146
9221,12
9221,19
9222,2
9222,25
9222,152
9223,2
9223,12
9223,25
9224,1
9224,2
9225,1
9225,39
9225,57
9226,2
9226,66
9226,68
9227,1
9227,6
9227,39
9228,75
9228,146
9228,638
9229,2
9229,12
9229,66
9230,14
9230,443
9230,886
9231,2
9231,66
9231,152
9232,1
9232,49
9233,2
9233,12
9233,18
9234,2
9234,12
9234,1304
9235,1
9235,49
9236,119
9236,120
9236,121
9236,264
9237,2
9237,25
9237,68
9238,2
9238,26
9238,114
9239,2
9239,178
9239,569
9240,19
9240,49
9240,752
9241,95
9241,119
9241,121
9241,264
9241,426
9241,485
9241,712
9242,34
9242,105
9242,157
9243,10
9243,105
9243,157
9244,21
9244,26
9244,549
9245,2
9245,18
9246,21
9246,74
9247,1
9247,34
9247,55
9248,1
9248,10
9248,612
9249,2
9249,12
9250,1
9250,2
9250,114
9251,2
9251,18
9251,26
9252,2
9252,10
9252,12
9253,21
9253,163
9254,2
9254,10
9254,12
9255,34
9255,49
9256,2
9256,34
9257,57
9257,143
9258,21
9258,79
9259,2
9259,32
9259,66
9260,57
9260,59
9261,2
9261,66
9261,1305
9262,1
9262,2
9262,8
9263,2
9263,8
9263,25
9264,2
9264,18
9265,8
9265,867
9265,928
9266,8
9266,29
9266,63
9267,2
9267,31
9267,114
9268,2
9268,18
9268,84
9269,2
9269,66
9270,34
9270,94
9270,558
9271,1
9271,26
9271,34
9272,2
9272,18
9273,75
9273,313
9273,328
9274,10
9274,18
9274,32
9275,79
9275,213
9275,491
9276,2
9276,175
9276,176
9277,34
9277,94
9277,184
9278,2
9278,31
9279,2
9279,18
9279,173
9280,105
9280,140
9281,14
9281,21
9281,57
9282,21
9282,157
9283,2
9283,21
9283,157
9284,2
9284,66
9284,68
9285,14
9285,21
9286,21
9286,75
9286,147
9287,1
9287,1108
9287,1306
9288,8
9288,195
9289,65
9289,66
9289,137
9290,8
9290,195
9290,1307
9291,8
9291,195
9292,8
9292,26
9293,8
9293,26
9293,94
9294,2
9294,113
9294,114
9295,8
9295,68
9295,93
9296,1
9296,8
9296,434
9297,2
9297,12
9297,46
9298,40
9298,199
9298,427
9299,2
9299,38
9300,2
9300,38
9301,1
9301,6
9301,94
9302,2
9302,35
9302,876
9303,2
9303,8
9304,57
9304,100
9305,2
9305,66
9306,76
9306,1308
9306,1309
9307,32
9307,66
9307,144
9308,2
9308,8
9308,66
9308,287
9309,2
9309,8
9309,25
9309,113
9310,71
9310,94
9310,184
9311,2
9311,19
9311,114
9312,2
9312,67
9313,1
9313,2
9313,114
9314,1
9314,75
9314,79
9315,2
9315,15
9315,114
9316,15
9316,114
9317,77
9317,143
9317,835
9318,15
9318,26
9318,114
9319,2
9319,12
9319,18
9320,12
9320,15
9320,114
9321,114
9321,1310
9321,1311
9322,2
9322,15
9322,114
9323,1
9323,42
9323,199
9324,1
9324,26
9324,33
9325,8
9325,68
9325,191
9326,9
9326,21
9326,395
9327,2
9327,114
9327,310
9328,2
9328,113
9328,245
9329,12
9329,217
9329,218
9329,219
9329,447
9330,10
9330,65
9330,122
9331,2
9331,25
9331,31
9332,2
9332,18
9333,1
9333,12
9333,40
9334,21
9334,114
9335,2
9335,66
9336,49
9336,63
9337,2
9337,21
9338,2
9338,66
9338,70
9339,2
9339,18
9340,6
9340,39
9340,57
9341,39
9341,57
9342,2
9342,66
9342,144
9343,21
9343,174
9344,2
9344,12
9344,21
9345,2
9345,12
9345,151
9346,8
9346,21
9346,282
9347,2
9347,18
9348,22
9348,380
9349,19
9349,69
9349,380
9350,21
9350,203
9351,12
9351,518
9351,1312
9352,19
9352,49
9352,195
9353,10
9353,21
9353,40
9354,22
9354,105
9354,259
9355,2
9355,8
9355,114
9356,12
9356,21
9356,566
9357,119
9357,120
9357,121
9357,264
9358,114
9358,500
9359,2
9359,114
9359,1313
9360,75
9360,93
9360,94
9361,19
9361,194
9362,2
9362,25
9362,66
9363,2
9363,25
9363,31
9364,2
9364,151
9364,152
9365,2
9365,4
9365,21
9366,2
9366,105
9367,196
9367,399
9367,483
9368,56
9368,182
9368,213
9369,1
9369,8
9369,14
9370,2
9370,213
9370,958
9371,12
9371,206
9371,213
9372,21
9372,213
9373,2
9373,25
9373,114
9374,125
9374,126
9374,1314
9375,2
9375,18
9375,1135
9376,18
9376,1202
9377,2
9377,18
9377,774
9378,19
9378,49
9379,2
9379,34
9380,79
9380,96
9381,2
9381,79
9381,328
9382,8
9382,49
9382,341
9383,14
9383,22
9383,94
9384,65
9384,66
9384,137
9385,29
9385,195
9385,373
9386,69
9386,397
9386,1315
9387,19
9387,301
9388,1
9388,2
9388,33
9389,2
9389,6
9389,34
9390,94
9390,215
9390,549
9391,2
9391,34
9391,799
9392,2
9392,34
9393,2
9393,66
9394,1
9394,2
9394,132
9395,65
9395,66
9395,825
9396,10
9396,21
9397,1
9397,12
9397,56
9398,2
9398,18
9398,114
9399,32
9400,10
9400,21
9401,10
9401,19
9401,89
9402,10
9402,19
9402,217
9403,2
9403,10
9404,10
9404,163
9404,213
9405,1
9405,2
9405,351
9406,2
9406,142
9407,2
9407,8
9407,12
9408,2
9408,92
9409,2
9409,12
9409,25
9410,12
9410,383
9411,21
9411,63
9412,117
9412,295
9413,2
9413,34
9413,114
9414,11
9414,32
9414,43
9415,2
9415,32
9416,2
9416,32
9416,142
9417,2
9417,18
9417,194
9418,2
9418,4
9418,200
9419,12
9419,25
9419,193
9420,2
9420,276
9420,277
9421,73
9421,195
9421,500
9422,2
9422,952
9423,57
9423,65
9423,96
9424,10
9424,12
9424,21
9425,2
9425,66
9425,152
9426,6
9426,93
9426,94
9427,2
9427,151
9427,152
9428,2
9428,25
9429,2
9429,18
9430,6
9430,94
9430,1290
9431,317
9431,1244
9431,1316
9432,2
9432,8
9432,99
9433,2
9433,18
9433,84
9434,2
9434,32
9435,2
9435,12
9435,26
9436,2
9436,114
9437,2
9437,25
9437,152
9438,2
9438,151
9438,152
9439,2
9439,18
9439,157
9440,2
9440,12
9440,25
9441,2
9441,66
9442,2
9442,35
9442,66
9443,2
9443,152
9443,276
9444,2
9444,32
9444,157
9445,61
9445,75
9445,629
9446,12
9446,18
9446,26
9446,189
9447,2
9447,275
9448,39
9448,559
9449,26
9449,203
9449,1317
9450,8
9450,57
9450,114
9451,2
9451,18
9452,2
9452,25
9453,71
9453,94
9453,184
9454,22
9454,94
9454,169
9454,215
9455,13
9455,39
9455,57
9456,2
9456,65
9456,66
9457,57
9457,59
9457,1144
9458,2
9458,18
9459,65
9459,66
9460,19
9460,20
9460,39
9461,2
9461,18
9461,25
9462,39
9462,63
9463,65
9463,66
9463,287
9464,2
9464,175
9464,277
9465,1
9465,54
9465,146
9466,2
9466,25
9466,114
9467,19
9467,43
9467,191
9468,10
9468,34
9468,74
9469,2
9469,105
9470,2
9470,8
9470,113
9471,2
9471,66
9471,137
9472,2
9472,75
9472,79
9472,1318
9473,6
9473,10
9473,21
9474,2
9474,10
9474,66
9475,2
9475,18
9475,361
9476,1
9476,8
9476,96
9477,2
9477,21
9477,34
9478,2
9478,66
9478,152
9479,12
9479,21
9479,34
9480,2
9480,277
9481,39
9481,56
9481,310
9482,2
9482,19
9482,1319
9483,2
9483,18
9483,114
9484,2
9484,330
9485,2
9485,114
9485,253
9486,69
9486,105
9486,652
9487,69
9487,105
9487,350
9488,6
9488,94
9488,184
9489,71
9489,94
9489,184
9490,2
9490,8
9490,25
9491,1
9491,6
9491,39
9491,74
9492,49
9492,397
9493,2
9493,43
9493,66
9494,34
9494,75
9494,136
9495,213
9495,256
9495,949
9496,21
9496,75
9497,75
9497,275
9497,687
9497,1320
9498,2
9498,12
9498,18
9498,455
9499,2
9499,12
9499,1321
9500,1
9500,2
9500,12
9500,25
9501,56
9501,1322
9501,1323
9502,2
9502,31
9502,114
9503,54
9503,56
9503,203
9504,1
9504,61
9505,2
9505,18
9506,96
9506,105
9506,1009
9507,4
9507,53
9507,108
9508,1
9508,10
9508,612
9509,2
9509,18
9509,96
9510,22
9510,26
9510,108
9511,2
9511,33
9512,2
9512,26
9512,33
9513,49
9513,707
9514,26
9514,210
9514,1324
9515,8
9515,96
9515,105
9516,105
9516,207
9517,21
9517,203
9518,10
9518,105
9518,440
9519,2
9519,105
9520,2
9520,66
9520,75
9521,2
9521,12
9521,63
9522,71
9522,94
9522,184
9523,2
9523,34
9523,114
9524,65
9524,66
9524,137
9525,65
9525,66
9525,137
9526,12
9526,21
9526,952
9527,21
9527,66
9527,138
9528,2
9528,12
9528,105
9529,8
9529,9
9529,10
9530,2
9530,67
9531,2
9531,10
9531,113
9532,61
9532,75
9533,2
9533,66
9533,75
9534,2
9534,66
9534,75
9535,2
9535,12
9535,53
9536,10
9536,21
9536,35
9537,2
9537,66
9537,68
9538,2
9538,8
9538,68
9539,71
9539,94
9539,184
9540,39
9540,57
9540,443
9541,2
9541,18
9541,84
9542,10
9542,21
9543,2
9543,18
9543,26
9544,19
9544,75
9544,95
9545,2
9545,114
9545,253
9546,12
9546,21
9547,12
9547,21
9547,99
9548,12
9548,40
9548,524
9549,8
9549,94
9549,174
9550,37
9550,79
9551,1
9551,6
9551,94
9552,2
9552,152
9552,277
9553,2
9553,18
9554,2
9554,25
9554,31
9555,8
9555,94
9555,655
9556,195
9556,249
9556,275
9557,8
9557,163
9558,2
9558,66
9558,152
9559,96
9559,113
9559,530
9560,79
9560,94
9560,443
9561,10
9561,217
9561,279
9561,422
9562,34
9562,55
9563,8
9563,21
9563,195
9564,2
9564,18
9565,21
9565,1327
9566,61
9566,76
9567,2
9567,66
9568,2
9568,114
9568,152
9569,75
9569,79
9569,640
9570,57
9570,302
9571,99
9571,662
9572,2
9572,105
9572,351
9573,65
9573,66
9574,2
9574,8
9574,288
9575,21
9575,412
9576,1
9576,2
9576,12
9577,189
9577,195
9578,1
9578,2
9578,324
9579,2
9579,11
9579,66
9580,8
9580,49
9580,129
9581,81
9581,964
9581,1328
9582,56
9582,81
9582,1329
9583,2
9583,56
9583,152
9584,2
9584,21
9584,65
9585,12
9585,96
9585,634
9586,94
9586,122
9586,382
9587,2
9587,25
9587,31
9588,234
9588,382
9589,2
9589,19
9589,43
9590,75
9590,79
9590,338
9591,12
9591,40
9591,122
9592,1
9592,8
9592,328
9593,2
9593,8
9593,113
9594,2
9594,66
9595,8
9595,21
9595,63
9596,8
9596,12
9596,662
9597,21
9597,34
9597,492
9598,2
9598,18
9598,84
9599,26
9599,63
9600,2
9600,84
9600,462
9601,1
9601,8
9601,404
9602,2
9602,114
9602,253
9603,99
9603,434
9604,2
9604,18
9605,38
9605,56
9605,1330
9606,2
9606,18
9606,194
9607,2
9607,147
9607,1331
9608,2
9608,19
9609,65
9609,66
9609,137
9610,2
9610,66
9610,137
9611,2
9611,114
9612,34
9612,40
9612,195
9613,34
9613,55
9613,195
9614,4
9614,107
9614,337
9615,8
9615,29
9615,845
9616,34
9616,71
9616,184
9617,54
9617,146
9617,1332
9618,38
9618,651
9618,1333
9619,2
9619,12
9619,18
9620,101
9620,107
9620,633
9621,54
9621,94
9621,173
9622,21
9622,63
9623,32
9623,34
9623,576
9623,1186
9624,54
9624,615
9625,71
9625,173
9625,184
9626,49
9626,54
9626,1334
9627,2
9627,12
9627,25
9628,29
9628,40
9628,49
9629,18
9629,67
9629,193
9630,2
9630,66
9630,114
9631,173
9631,178
9631,1335
9632,6
9632,75
9632,122
9632,939
9633,29
9633,34
9633,52
9634,18
9634,25
9634,213
9635,8
9635,213
9635,724
9636,78
9636,166
9636,1336
9637,2
9637,66
9637,137
9638,2
9638,18
9638,193
9639,2
9639,26
9639,65
9640,2
9640,8
9640,96
9641,12
9641,43
9641,81
9642,2
9642,25
9642,66
9643,2
9643,18
9643,84
9644,56
9644,1337
9645,2
9645,25
9645,67
9646,2
9646,151
9647,12
9647,21
9647,63
9648,2
9648,14
9648,132
9649,2
9649,18
9649,84
9650,2
9650,66
9651,2
9651,12
9651,26
9652,2
9652,18
9652,194
9653,2
9653,18
9654,2
9654,18
9655,2
9655,31
9655,83
9656,2
9656,18
9657,2
9657,18
9658,2
9658,21
9658,65
9659,2
9659,12
9659,18
9659,850
9660,2
9660,25
9660,31
9661,12
9661,146
9661,566
9662,32
9662,144
9662,298
9663,2
9663,66
9664,2
9664,66
9664,144
9665,12
9665,21
9665,68
9666,43
9666,66
9667,119
9667,120
9667,121
9667,264
9668,2
9668,18
9668,173
9669,1
9669,79
9670,2
9670,18
9671,54
9671,146
9671,553
9672,2
9672,18
9673,2
9673,18
9674,2
9674,18
9674,193
9675,2
9675,26
9675,66
9676,2
9676,18
9677,1
9677,2
9677,12
9678,42
9678,69
9678,94
9679,32
9679,144
9680,2
9680,166
9680,647
9681,19
9681,638
9681,1338
9682,2
9682,26
9682,931
9683,65
9683,66
9683,137
9684,76
9684,505
9684,1339
9685,2
9685,15
9685,114
9686,1
9686,74
9686,75
9687,8
9687,191
9687,863
9688,1
9688,2
9688,27
9689,79
9689,385
9689,510
9690,2
9690,18
9690,193
9691,79
9691,512
9692,19
9692,79
9693,21
9693,79
9694,21
9694,79
9695,20
9695,26
9695,99
9696,2
9696,8
9696,25
9697,18
9697,96
9697,297
9698,12
9698,15
9698,39
9699,2
9699,18
9699,194
9700,32
9700,43
9700,1340
9701,2
9701,3
9701,4
9702,2
9702,8
9702,114
9703,2
9703,151
9703,152
9704,2
9704,18
9705,1
9705,34
9705,195
9706,57
9706,74
9706,195
9707,34
9707,195
9707,537
9708,1
9708,2
9709,2
9709,18
9710,1
9710,95
9710,146
9711,1
9711,2
9711,66
9712,22
9712,73
9712,94
9712,223
9713,25
9713,362
9714,2
9714,12
9714,18
9715,21
9715,63
9716,1
9716,12
9716,235
9717,1
9717,39
9717,57
9718,8
9718,68
9718,94
9719,46
9719,57
9719,94
9720,34
9720,71
9720,195
9721,24
9721,25
9722,49
9722,63
9723,2
9723,12
9723,26
9724,2
9724,8
9724,132
9725,52
9725,195
9725,213
9726,18
9726,53
9726,67
9727,1
9727,2
9727,26
9728,34
9728,75
9728,136
9729,2
9729,18
9730,10
9730,21
9730,75
9731,1
9731,2
9731,132
9732,1
9732,2
9732,12
9733,1
9733,2
9733,12
9734,2
9734,12
9734,18
9735,2
9735,12
9735,25
9735,84
9736,36
9736,72
9736,122
9737,74
9737,195
9737,629
9738,1
9738,26
9738,95
9739,2
9739,18
9740,1
9740,2
9740,57
9741,10
9741,43
9742,119
9742,120
9742,121
9742,264
9743,2
9743,65
9743,66
9744,1
9744,6
9744,380
9745,2
9745,12
9745,25
9746,2
9746,25
9746,114
9747,8
9747,89
9747,214
9748,8
9748,68
9748,94
9748,341
9749,119
9749,120
9749,121
9749,122
9749,264
9749,712
9749,1341
9749,1342
9750,2
9750,49
9750,845
9751,2
9751,21
9751,114
9752,1
9752,10
9752,138
9753,8
9753,94
9753,96
9754,2
9754,18
9754,66
9755,2
9755,146
9755,252
9756,1
9756,2
9756,26
9757,2
9757,113
9757,114
9758,2
9758,8
9758,245
9759,13
9759,15
9759,39
9760,2
9760,114
9760,392
9761,39
9761,57
9761,105
9762,12
9762,21
9762,399
9763,12
9763,13
9763,370
9764,21
9764,65
9765,21
9765,163
9766,1
9766,12
9766,235
9767,10
9767,21
9767,399
9768,21
9768,399
9768,716
9769,10
9769,41
9769,399
9770,105
9770,333
9771,2
9771,276
9771,277
9772,11
9772,12
9772,298
9773,21
9773,54
9773,65
9774,2
9774,18
9774,25
9775,76
9775,344
9775,373
9776,38
9776,214
9777,49
9777,146
9777,435
9778,2
9778,25
9778,114
9779,8
9779,21
9779,34
9780,2
9780,25
9780,132
9781,34
9781,195
9782,21
9782,25
9783,8
9783,113
9783,245
9784,61
9784,355
9785,2
9785,18
9786,10
9786,12
9786,40
9787,2
9787,12
9787,66
9788,2
9788,12
9788,66
9789,1
9789,2
9789,12
9790,57
9790,100
9791,2
9791,66
9792,21
9792,63
9792,65
9793,12
9793,40
9793,1343
9794,10
9794,20
9794,76
9795,10
9795,12
9795,18
9796,10
9796,18
9796,1344
9797,2
9797,18
9798,2
9798,57
9798,114
9799,2
9799,8
9799,114
9800,2
9800,24
9800,25
9801,2
9801,18
9802,2
9802,84
9803,2
9803,18
9803,84
9804,2
9804,4
9804,68
9805,94
9805,787
9806,2
9806,25
9806,183
9807,2
9807,18
9807,66
9808,12
9808,18
9808,25
9808,194
9809,2
9809,5
9810,2
9810,25
9811,4
9811,35
9811,184
9812,75
9812,1345
9813,2
9813,10
9814,2
9814,21
9815,1
9815,2
9815,34
9816,14
9816,22
9816,633
9817,2
9817,379
9817,1346
9818,19
9818,75
9818,1346
9819,10
9819,644
9820,14
9820,659
9820,669
9821,20
9821,76
9821,345
9822,34
9822,184
9823,21
9823,76
9823,345
9824,8
9824,555
9824,723
9825,18
9825,84
9825,324
9826,2
9826,152
9826,277
9827,1
9827,181
9828,15
9828,57
9829,15
9829,57
9829,114
9830,2
9830,18
9831,8
9831,135
9831,237
9832,2
9832,8
9832,237
9833,1
9833,2
9834,2
9834,8
9834,18
9835,2
9835,18
9835,25
9836,2
9836,25
9836,157
9837,2
9837,12
9837,18
9838,75
9838,136
9838,195
9839,21
9839,34
9840,1
9840,10
9841,2
9841,75
9841,114
9842,1
9842,2
9842,12
9843,39
9843,759
9843,1347
9844,2
9844,5
9844,66
9845,1
9845,2
9845,12
9846,66
9846,75
9846,477
9846,1348
9847,2
9847,25
9847,31
9848,2
9848,18
9849,1
9849,66
9849,68
9850,8
9850,616
9851,2
9851,25
9851,152
9852,39
9852,57
9853,2
9853,66
9853,386
9854,2
9854,66
9854,70
9855,49
9855,52
9855,61
9856,2
9856,25
9856,29
9857,39
9857,57
9858,142
9858,237
9858,245
9859,1
9859,39
9860,2
9860,18
9861,19
9861,96
9861,294
9862,79
9862,213
9862,435
9863,14
9863,186
9863,385
9864,2
9864,12
9864,18
9865,1
9865,2
9865,12
9866,2
9866,12
9866,18
9867,2
9867,18
9867,66
9868,2
9868,443
9869,6
9869,33
9869,415
9870,2
9870,12
9871,2
9871,32
9872,34
9872,342
9872,1349
9873,2
9873,276
9873,277
9874,12
9874,96
9874,99
9875,12
9875,21
9875,79
9876,2
9876,66
9877,61
9877,75
9878,2
9878,151
9878,154
9879,2
9879,21
9880,2
9880,18
9880,34
9881,8
9881,373
9881,1161
9882,1
9882,26
9882,95
9883,6
9883,11
9883,66
9884,2
9884,151
9884,152
9885,1
9885,2
9885,12
9886,39
9886,57
9886,59
9887,2
9887,18
9888,39
9888,57
9888,215
9889,2
9889,12
9889,86
9890,2
9890,14
9890,562
9891,2
9891,151
9891,152
9892,1
9892,2
9892,26
9893,8
9893,79
9894,1
9894,12
9894,235
9895,2
9895,31
9896,2
9896,11
9896,66
9897,2
9897,31
9897,114
9898,2
9898,18
9899,29
9899,195
9900,2
9900,12
9900,25
9901,2
9901,25
9901,114
9902,25
9902,390
9903,2
9903,66
9904,2
9904,75
9904,105
9905,2
9905,66
9906,2
9906,152
9906,277
9907,129
9907,163
9907,213
9908,2
9908,142
9908,157
9909,2
9909,5
9909,105
9910,2
9910,18
9910,84
9911,1
9911,8
9911,174
9912,105
9912,144
9912,624
9913,2
9913,66
9913,135
9914,2
9914,12
9914,25
9915,2
9915,12
9916,2
9916,12
9916,21
9917,1
9917,42
9917,199
9918,6
9918,13
9918,39
9919,2
9919,25
9919,31
9920,2
9920,12
9920,18
9921,2
9921,12
9921,276
9922,21
9922,288
9923,2
9923,66
9924,2
9924,65
9924,66
9925,2
9925,25
9925,31
9926,2
9926,66
9927,2
9927,18
9927,84
9928,2
9928,18
9928,84
9929,21
9929,213
9930,1
9930,2
9930,26
9931,2
9931,18
9931,84
9932,2
9932,70
9932,152
9933,10
9933,66
9933,1350
9934,8
9934,12
9935,2
9935,25
9935,31
9936,2
9936,8
9936,114
9937,2
9937,8
9937,114
9938,2
9938,79
9938,1318
9939,75
9939,79
9939,96
9940,73
9940,225
9940,763
9941,73
9941,225
9941,228
9941,239
9942,39
9942,159
9942,896
9943,2
9943,66
9943,75
9944,8
9944,114
9945,8
9945,56
9945,66
9946,2
9946,5
9946,86
9947,2
9947,66
9948,1
9948,8
9948,616
9949,12
9949,21
9949,37
9950,2
9950,18
9950,157
9951,2
9951,32
9952,2
9952,127
9952,1351
9953,863
9953,1262
9954,8
9954,21
9954,395
9955,10
9955,1246
9956,10
9956,1246
9957,1
9957,10
9957,1246
9958,2
9958,330
9959,2
9959,114
9960,2
9960,26
9960,113
9961,119
9961,120
9961,121
9961,1214
9962,6
9962,75
9962,1179
9962,1354
9963,304
9963,1246
9964,36
9964,310
9964,1004
9965,2
9965,18
9966,2
9966,19
9966,399
9967,2
9967,200
9967,569
9968,76
9968,448
9968,727
9969,38
9969,78
9969,373
9970,10
9970,21
9970,412
9971,2
9971,152
9971,176
9971,276
9972,10
9972,305
9972,370
9973,119
9973,121
9973,362
9973,486
9974,14
9974,57
9975,19
9975,79
9976,2
9976,24
9976,25
9977,34
9977,55
9977,195
9978,34
9978,232
9979,21
9979,38
9980,22
9980,57
9980,215
9981,8
9981,9
9981,10
9982,105
9982,652
9983,66
9983,335
9984,105
9984,309
9984,928
9985,2
9985,13
9985,96
9985,214
9986,8
9986,174
9986,415
9987,56
9987,79
9987,769
9988,56
9988,73
9988,769
9989,10
9989,56
9989,73
9990,10
9990,13
9990,56
9991,18
9991,34
9991,38
9992,12
9992,66
9992,137
9993,2
9993,18
9994,35
9994,302
9994,877
9995,1
9995,2
9995,8
9996,2
9996,32
9996,66
9997,57
9997,181
9997,562
9998,2
9998,25
9998,132
9999,8
9999,75
9999,606
10000,8
10000,75
10000,607
10001,2
10001,176
10001,276
10002,2
10002,18
10002,194
10003,14
10003,22
10003,1006
10004,2
10004,18
10005,2
10005,31
10005,83
10006,34
10006,195
10007,2
10007,18
10007,100
10008,63
10008,539
10009,2
10009,100
10009,1093
10010,228
10010,309
10010,970
10011,12
10011,18
10011,193
10012,2
10012,4
10012,18
10013,32
10013,140
10014,57
10014,143
10015,11
10015,298
10015,1052
10016,2
10016,66
10017,66
10017,68
10017,151
10018,1
10018,12
10018,79
10019,2
10019,25
10019,31
10020,2
10020,21
10020,35
10021,2
10021,123
10021,1355
10022,1356
10023,34
10023,55
10024,2
10024,276
10024,277
10025,1356
10026,1356
10027,2
10027,18
10027,84
10028,18
10028,67
10028,193
10029,21
10029,76
10030,79
10030,211
10031,76
10031,79
10031,211
10032,76
10032,79
10032,211
10033,8
10033,76
10033,94
10034,2
10034,167
10034,364
10035,8
10035,114
10035,253
10036,2
10036,32
10036,66
10037,2
10037,18
10037,84
10038,2
10038,12
10038,79
10039,2
10039,12
10039,18
10040,21
10040,89
10041,41
10041,65
10041,66
10042,57
10042,66
10042,304
10043,57
10043,66
10043,304
10044,2
10044,18
10045,2
10045,66
10046,2
10046,18
10046,100
10047,2
10047,18
10048,2
10048,18
10049,2
10049,25
10049,114
10050,12
10050,18
10050,39
10051,2
10051,18
10051,84
10052,2
10052,25
10052,114
10053,2
10053,11
10053,66
10054,2
10054,21
10055,1
10055,2
10055,404
10056,2
10056,18
10057,2
10057,18
10057,84
10058,2
10058,178
10059,2
10059,18
10059,66
10060,2
10060,18
10061,2
10061,66
10061,389
10062,2
10062,39
10062,57
10063,8
10063,95
10063,174
10064,2
10064,18
10065,6
10065,342
10065,1357
10066,2
10066,152
10066,199
10067,34
10067,1186
10067,1358
10068,2
10068,18
10068,193
10069,2
10069,8
10069,12
10069,75
10070,56
10070,114
10071,11
10071,66
10071,68
10072,2
10072,21
10073,2
10073,56
10074,2
10074,273
10074,1088
10075,2
10075,56
10075,114
10076,2
10076,277
10076,1088
10077,2
10077,277
10077,1088
10078,2
10078,166
10078,647
10079,2
10079,68
10079,647
10080,2
10080,151
10080,647
10081,2
10081,68
10081,151
10082,76
10082,138
10082,327
10082,638
10083,2
10083,18
10084,2
10084,10
10085,2
10085,5
10085,86
10086,1
10086,26
10086,57
10087,2
10087,66
10087,70
10088,2
10088,18
10088,114
10089,21
10089,332
10090,1
10090,95
10090,360
10091,8
10091,21
10092,8
10092,21
10092,524
10093,2
10093,18
10094,2
10094,25
10094,152
10095,2
10095,66
10096,2
10096,18
10097,32
10097,144
10097,157
10098,2
10098,18
10098,193
10099,2
10099,18
10100,2
10100,25
10100,31
10101,2
10101,31
10102,2
10102,25
10102,31
10103,2
10103,18
10104,2
10104,18
10104,324
10105,34
10105,126
10106,1
10106,12
10106,26
10107,2
10107,25
10107,114
10108,61
10108,75
10109,2
10109,18
10110,1
10110,2
10110,12
10111,75
10111,211
10112,18
10112,79
10113,2
10113,10
10113,84
10113,324
10114,2
10114,25
10114,31
10115,56
10115,81
10115,902
10116,105
10116,613
10117,2
10117,145
10117,199
10118,2
10118,12
10118,25
10119,9
10119,10
10120,796
10120,1004
10121,2
10121,25
10121,31
10122,77
10122,213
10122,483
10123,2
10123,12
10123,96
10124,2
10124,25
10124,152
10125,2
10125,66
10126,2
10126,18
10126,84
10127,2
10127,69
10127,114
10128,34
10128,94
10128,184
10129,147
10129,184
10129,1296
10130,1
10130,6
10130,94
10131,2
10131,12
10131,18
10132,2
10132,56
10132,107
10133,21
10133,123
10133,471
10133,1359
10134,2
10134,66
10134,674
10135,2
10135,66
10135,342
10136,34
10136,342
10137,2
10137,66
10138,11
10138,66
10138,144
10139,2
10139,66
10140,10
10140,41
10140,95
10141,2
10141,10
10141,114
10142,2
10142,18
10143,9
10143,10
10143,595
10144,1
10144,2
10144,12
10145,6
10145,66
10145,287
10146,2
10146,66
10146,152
10147,2
10147,25
10147,114
10148,2
10148,25
10149,2
10149,21
10149,75
10150,1
10150,2
10150,26
10151,2
10151,18
10151,84
10152,2
10152,113
10152,114
10153,11
10153,32
10153,163
10154,2
10154,18
10155,2
10155,18
10156,11
10156,41
10156,389
10156,1272
10157,2
10157,66
10157,152
10158,2
10158,18
10158,35
10159,11
10159,144
10159,387
10160,2
10160,152
10160,175
10160,176
10161,2
10161,25
10161,31
10162,2
10162,66
10163,2
10163,31
10164,2
10164,25
10164,151
10165,2
10165,66
10166,66
10166,68
10166,735
10167,2
10167,35
10168,2
10168,18
10168,84
10169,79
10169,1360
10169,1361
10170,2
10170,12
10170,21
10171,2
10171,25
10171,114
10172,1
10172,2
10172,39
10173,2
10173,8
10173,66
10174,119
10174,120
10174,121
10174,264
10175,2
10175,443
10175,523
10176,2
10176,12
10176,114
10177,2
10177,26
10177,114
10178,2
10178,12
10178,34
10179,8
10179,275
10180,38
10180,146
10180,1098
10181,2
10181,105
10181,351
10182,2
10182,105
10182,351
10183,2
10183,105
10183,440
10184,18
10184,193
10184,722
10185,18
10185,193
10185,722
10186,2
10186,43
10186,117
10187,79
10187,168
10188,2
10188,18
10189,1
10189,26
10189,27
10190,105
10190,440
10191,1
10191,10
10192,2
10192,18
10192,84
10193,2
10193,96
10193,350
10194,26
10194,1363
10195,2
10195,35
10195,457
10196,19
10196,49
10197,21
10197,63
10198,2
10198,12
10198,18
10199,13
10199,39
10199,1364
10200,21
10200,76
10200,1365
10201,61
10201,76
10201,1366
10202,66
10202,76
10202,633
10203,46
10203,75
10203,79
10204,2
10204,12
10204,92
10205,24
10205,40
10205,131
10206,2
10206,96
10206,1367
10207,2
10207,276
10207,277
10208,2
10208,18
10208,194
10209,2
10209,114
10209,462
10210,49
10210,61
10211,34
10211,1131
10211,1135
10212,34
10212,275
10213,25
10213,390
10214,2
10214,25
10215,2
10215,114
10216,10
10216,1033
10217,2
10217,25
10217,518
10218,2
10218,151
10218,277
10219,32
10219,96
10219,144
10220,8
10220,10
10220,61
10221,66
10221,68
10221,151
10221,735
10222,2
10222,151
10223,2
10223,18
10223,84
10224,2
10224,12
10224,21
10225,2
10225,18
10226,2
10226,18
10227,2
10227,18
10228,2
10228,25
10229,1
10229,57
10230,2
10230,12
10230,21
10231,2
10231,18
10232,2
10232,18
10232,21
10233,2
10233,25
10233,152
10234,2
10234,25
10235,2
10235,25
10235,31
10236,2
10236,25
10236,114
10237,2
10237,66
10238,2
10238,31
10238,83
10239,11
10239,66
10239,144
10240,2
10240,66
10241,76
10241,213
10241,1257
10242,11
10242,237
10242,245
10243,21
10243,327
10243,332
10244,2
10244,25
10244,31
10245,2
10245,31
10245,83
10246,21
10246,399
10246,528
10247,9
10247,13
10247,57
10248,12
10248,13
10248,329
10249,2
10249,10
10249,11
10250,2
10250,25
10250,114
10251,2
10251,12
10251,212
10252,2
10252,18
10253,1
10253,6
10253,94
10254,2
10254,151
10254,152
10255,65
10255,66
10255,75
10256,2
10256,12
10256,25
10257,12
10257,1368
10257,1369
10258,2
10258,12
10258,215
10259,2
10259,12
10259,18
10260,39
10260,57
10260,399
10261,2
10261,18
10262,6
10262,66
10262,298
10262,312
10263,146
10263,214
10263,1370
10264,119
10264,120
10265,2
10265,21
10266,74
10266,75
10266,94
10267,1
10267,49
10268,1
10268,2
10269,21
10269,114
10270,14
10270,57
10271,79
10271,114
10272,2
10272,75
10272,1318
10273,2
10273,18
10274,2
10274,12
10275,1
10275,6
10275,94
10276,41
10276,66
10276,274
10277,2
10277,18
10278,119
10278,120
10278,121
10278,264
10278,426
10279,2
10279,35
10279,38
10280,21
10280,61
10280,76
10281,64
10281,781
10281,1371
10282,1
10282,79
10283,79
10283,94
10284,38
10284,57
10284,345
10285,12
10285,99
10285,1033
10286,1
10286,66
10286,616
10287,2
10287,21
10287,37
10288,21
10288,26
10288,380
10289,37
10289,79
10289,213
10290,1
10290,2
10290,114
10291,2
10291,15
10291,67
10292,79
10292,1372
10293,79
10293,1373
10294,21
10294,54
10294,528
10295,12
10295,25
10295,95
10296,61
10296,75
10296,79
10297,2
10297,3
10297,4
10298,61
10298,79
10298,629
10299,79
10299,571
10300,10
10300,12
10300,21
10301,12
10301,150
10301,1374
10302,4
10302,12
10303,10
10303,448
10304,2
10304,21
10304,898
10305,2
10305,5
10306,2
10306,38
10306,105
10307,21
10307,38
10307,397
10308,2
10308,66
10308,137
10309,25
10309,29
10309,395
10310,2
10310,18
10310,297
10311,21
10311,49
10311,102
10312,24
10312,40
10312,199
10313,21
10313,189
10314,1
10314,199
10314,703
10315,213
10315,949
10315,990
10316,2
10316,25
10317,43
10317,119
10317,120
10317,178
10318,2
10318,18
10319,2
10319,18
10320,2
10320,18
10320,66
10321,65
10321,66
10321,137
10322,1
10322,57
10322,816
10323,94
10323,96
10323,297
10324,2
10324,8
10324,113
10325,14
10325,57
10326,1
10326,2
10326,25
10327,12
10327,96
10327,174
10328,2
10328,12
10328,235
10329,2
10329,114
10330,12
10330,54
10330,235
10331,2
10331,25
10332,2
10332,25
10332,31
10333,2
10333,18
10333,84
10334,21
10334,360
10335,64
10335,73
10335,239
10336,2
10336,26
10336,610
10337,2
10337,25
10337,152
10338,75
10338,79
10338,1318
10339,2
10339,12
10339,18
10340,2
10340,86
10341,2
10341,25
10342,2
10342,35
10342,66
10343,18
10343,34
10343,416
10343,1375
10344,2
10344,66
10345,12
10345,39
10345,57
10346,39
10346,57
10346,599
10347,2
10347,66
10347,175
10348,2
10348,25
10348,114
10349,2
10349,18
10349,585
10350,2
10350,114
10351,2
10351,114
10351,253
10352,2
10352,18
10353,12
10353,18
10353,193
10354,2
10354,25
10354,66
10355,18
10355,84
10356,2
10356,18
10357,2
10357,693
10358,2
10358,18
10358,66
10359,2
10359,18
10360,2
10360,31
10360,83
10361,2
10361,12
10361,114
10362,2
10362,18
10362,35
10363,2
10363,67
10364,21
10364,412
10365,2
10365,25
10365,31
10366,2
10366,66
10367,2
10367,18
10368,2
10368,12
10368,67
10369,2
10369,12
10369,66
10370,2
10370,66
10371,117
10371,119
10371,120
10371,323
10371,426
10371,698
10372,2
10372,18
10372,84
10373,14
10373,22
10373,57
10374,2
10374,12
10374,66
10375,2
10375,18
10376,2
10376,5
10377,1
10377,21
10378,2
10378,18
10378,84
10379,2
10379,25
10379,31
10380,35
10380,105
10381,12
10381,455
10382,2
10382,66
10383,2
10383,12
10383,25
10384,2
10384,18
10384,25
10385,2
10385,12
10385,29
10386,2
10386,142
10386,298
10387,2
10387,8
10387,114
10388,2
10388,12
10388,18
10389,1
10389,57
10389,143
10390,2
10390,18
10391,2
10391,12
10391,19
10392,6
10392,10
10392,26
10393,35
10393,39
10393,114
10394,1
10394,12
10394,147
10394,199
10395,2
10395,12
10395,66
10396,75
10396,744
10396,1221
10396,1376
10397,2
10397,18
10397,84
10398,2
10398,11
10398,66
10399,2
10399,12
10399,25
10400,2
10400,12
10400,346
10401,2
10401,18
10402,2
10402,10
10402,18
10403,2
10403,118
10403,166
10403,653
10404,8
10404,94
10404,434
10405,1
10405,2
10405,49
10406,395
10406,592
10406,1377
10407,1
10407,33
10407,34
10408,20
10408,74
10409,26
10409,39
10409,79
10410,2
10410,79
10410,96
10411,74
10411,95
10411,213
10412,34
10412,455
10412,674
10413,21
10413,68
10413,472
10414,2
10414,25
10415,2
10415,113
10415,280
10416,21
10416,22
10416,33
10417,34
10417,376
10418,1
10418,2
10418,947
10419,2
10419,151
10419,152
10420,2
10420,18
10421,29
10421,305
10421,815
10422,8
10422,21
10423,2
10423,79
10423,967
10424,10
10424,21
10425,2
10425,66
10426,2
10426,21
10426,65
10427,2
10427,10
10427,166
10428,21
10428,71
10428,184
10429,21
10429,163
10430,2
10430,6
10430,18
10430,21
10431,2
10431,18
10432,21
10432,36
10432,653
10433,36
10433,155
10433,166
10434,8
10434,14
10434,49
10434,64
10435,1
10435,10
10436,2
10436,18
10436,324
10437,2
10437,12
10437,86
10438,2
10438,114
10438,169
10439,79
10439,420
10439,443
10440,2
10440,25
10440,31
10441,2
10441,66
10442,21
10442,39
10442,75
10443,1
10443,76
10443,103
10444,75
10444,115
10444,571
10445,2
10445,12
10445,68
10446,1
10446,34
10447,21
10447,64
10447,1380
10448,2
10448,18
10448,1193
10449,94
10449,174
10449,965
10450,8
10450,95
10450,174
10451,22
10451,57
10451,143
10452,1
10452,2
10452,12
10453,2
10453,8
10453,25
10454,2
10454,29
10454,75
10455,2
10455,18
10456,2
10456,18
10456,67
10457,25
10457,114
10458,19
10458,74
10458,835
10459,1
10459,2
10459,117
10460,2
10460,25
10460,31
10461,2
10461,66
10462,2
10462,25
10462,152
10463,2
10463,18
10464,2
10464,25
10465,2
10465,10
10465,32
10466,2
10466,66
10467,2
10467,84
10468,2
10468,25
10468,518
10469,2
10469,56
10469,66
10470,1
10470,2
10470,18
10471,1
10471,49
10471,79
10472,32
10472,105
10473,2
10473,18
10473,84
10474,1
10474,2
10474,96
10475,114
10475,252
10475,310
10476,14
10476,40
10476,199
10477,2
10477,18
10478,2
10478,12
10478,193
10478,585
10479,4
10479,32
10480,2
10480,19
10480,147
10481,2
10481,4
10481,100
10482,2
10482,114
10482,346
10483,2
10483,18
10484,2
10484,100
10485,4
10485,32
10485,158
10486,2
10486,4
10486,32
10487,79
10487,272
10488,1
10488,2
10488,25
10489,25
10489,114
10489,500
10490,1
10490,33
10490,851
10491,298
10491,386
10492,2
10492,18
10492,84
10493,10
10493,893
10494,2
10494,18
10495,21
10495,76
10495,138
10496,10
10496,21
10496,76
10497,9
10497,19
10497,103
10498,10
10498,21
10499,2
10499,66
10499,75
10500,2
10500,25
10500,114
10501,10
10501,21
10501,955
10502,34
10502,1042
10503,2
10503,18
10504,69
10504,75
10504,1381
10505,1
10505,75
10506,2
10506,18
10506,84
10507,1
10507,2
10507,8
10508,2
10508,12
10508,25
10509,2
10509,18
10510,21
10510,326
10510,332
10511,2
10511,12
10512,9
10512,10
10512,19
10513,65
10513,66
10513,287
10514,10
10514,209
10514,674
10515,43
10515,96
10515,193
10516,6
10516,26
10516,94
10517,2
10517,12
10517,235
10518,56
10518,73
10518,79
10519,12
10519,19
10519,75
10520,2
10520,18
10521,195
10521,275
10522,2
10522,18
10523,56
10523,73
10523,81
10524,28
10524,213
10524,949
10525,2
10525,5
10525,457
10526,2
10526,18
10527,2
10527,25
10528,61
10528,76
10528,373
10529,2
10529,25
10529,114
10530,1
10530,2
10530,8
10531,95
10531,1114
10531,1382
10532,10
10532,155
10532,213
10533,1
10533,75
10533,96
10534,26
10534,75
10534,136
10535,2
10535,66
10535,75
10536,19
10536,352
10536,1383
10537,1
10537,2
10537,12
10538,2
10538,35
10538,457
10539,22
10539,92
10539,1384
10540,2
10540,31
10540,152
10541,1
10541,38
10541,135
10542,26
10542,42
10542,1071
10543,1
10543,26
10543,328
10544,1
10544,8
10544,132
10545,2
10545,84
10545,86
10546,76
10546,167
10546,234
10547,65
10547,66
10547,137
10548,29
10548,395
10548,629
10549,6
10549,50
10549,94
10550,29
10550,63
10550,114
10551,2
10551,276
10551,277
10552,2
10552,25
10552,31
10553,2
10553,5
10553,18
10554,2
10554,114
10555,2
10555,66
10555,151
10556,2
10556,14
10557,4
10557,14
10557,22
10558,2
10558,4
10558,14
10559,6
10559,39
10559,215
10560,2
10560,18
10561,75
10561,79
10561,96
10562,8
10562,94
10562,802
10563,2
10563,25
10563,31
10564,37
10564,56
10564,79
10564,360
10565,2
10565,18
10565,21
10566,21
10566,327
10566,566
10567,2
10567,18
10568,2
10568,12
10568,176
10569,99
10569,232
10569,1385
10570,2
10570,18
10570,166
10571,2
10571,66
10572,2
10572,12
10572,35
10573,1
10573,8
10573,215
10574,29
10574,34
10574,71
10575,29
10575,34
10575,195
10576,2
10576,25
10577,2
10577,42
10577,199
10578,1
10578,96
10578,109
10579,19
10579,140
10580,4
10580,21
10580,147
10581,18
10581,21
10581,37
10582,2
10582,18
10582,25
10583,2
10583,25
10584,2
10584,18
10584,25
10585,2
10585,25
10585,37
10586,12
10586,75
10586,1386
10587,12
10587,21
10587,79
10588,2
10588,32
10589,2
10589,18
10589,25
10590,2
10590,12
10590,147
10591,2
10591,12
10591,14
10592,2
10592,12
10592,585
10593,79
10593,272
10594,79
10594,272
10595,79
10595,272
10596,6
10596,13
10596,66
10597,56
10597,81
10597,1322
10598,2
10598,25
10598,157
10599,8
10599,21
10599,327
10600,1
10600,2
10600,26
10601,65
10601,336
10601,399
10602,13
10602,39
10602,57
10602,918
10603,29
10603,397
10603,819
10604,2
10604,66
10604,151
10605,13
10605,250
10605,897
10606,2
10606,21
10606,514
10607,2
10607,100
10608,13
10608,155
10608,213
10609,2
10609,26
10609,151
10610,2
10610,18
10611,2
10611,66
10611,68
10612,2
10612,114
10612,528
10613,2
10613,265
10614,2
10614,66
10615,2
10615,12
10615,407
10616,2
10616,25
10616,114
10617,2
10617,18
10618,2
10618,11
10618,32
10619,34
10619,195
10620,34
10620,55
10621,1
10621,2
10621,132
10622,2
10622,276
10622,277
10623,2
10623,66
10623,389
10624,2
10624,56
10625,21
10625,213
10626,8
10626,21
10626,49
10627,2
10627,8
10627,99
10628,34
10628,71
10628,195
10629,2
10629,18
10629,36
10630,2
10630,12
10630,21
10631,2
10631,25
10632,2
10632,61
10632,346
10633,8
10633,94
10633,184
10634,38
10634,89
10635,18
10635,84
10636,2
10636,39
10636,114
10637,2
10637,66
10638,34
10638,71
10638,184
10639,14
10639,54
10640,34
10640,94
10640,558
10641,2
10641,63
10641,518
10642,34
10642,94
10642,114
10643,212
10643,313
10643,1387
10644,1
10644,2
10644,12
10645,2
10645,12
10645,18
10646,2
10646,12
10646,146
10647,2
10647,12
10647,65
10648,117
10648,426
10648,577
10648,653
10648,698
10648,1388
10649,2
10649,18
10650,344
10650,525
10650,1389
10651,2
10651,18
10651,231
10652,2
10652,10
10652,11
10653,659
10653,1390
10654,2
10654,25
10654,518
10655,2
10655,18
10656,2
10656,18
10657,2
10657,66
10657,152
10658,195
10658,383
10659,8
10659,195
10660,2
10660,35
10660,457
10661,65
10661,66
10661,75
10662,8
10662,191
10662,385
10663,1
10663,96
10663,427
10664,2
10664,66
10664,75
10665,2
10665,66
10665,96
10666,6
10666,39
10666,57
10667,2
10667,18
10668,39
10668,57
10669,2
10669,18
10670,18
10670,193
10670,400
10671,8
10671,26
10671,49
10671,555
10672,2
10672,12
10672,400
10673,2
10673,18
10674,12
10674,658
10674,965
10675,2
10675,18
10675,66
10676,1
10676,2
10676,12
10677,8
10677,10
10677,653
10678,2
10678,18
10678,66
10679,2
10679,18
10680,1
10680,10
10680,138
10681,2
10681,25
10681,31
10682,2
10682,25
10682,31
10683,2
10683,18
10684,153
10684,228
10684,251
10685,2
10685,100
10685,157
10686,66
10686,251
10686,1304
10687,2
10687,18
10687,194
10688,57
10688,251
10689,21
10689,75
10689,251
10690,205
10690,228
10690,251
10691,2
10691,25
10691,39
10692,2
10692,25
10692,395
10693,21
10693,76
10693,345
10694,2
10694,12
10694,25
10695,18
10695,25
10695,66
10696,12
10696,206
10696,213
10697,2
10697,25
10698,2
10698,21
10699,1
10699,69
10699,1391
10700,2
10700,114
10701,1
10701,2
10701,114
10702,39
10702,57
10702,759
10703,1
10703,2
10703,13
10703,297
10704,76
10704,196
10704,1223
10705,37
10705,76
10705,213
10706,1
10706,2
10706,114
10707,1
10707,61
10707,75
10708,2
10708,8
10708,14
10709,8
10709,291
10710,8
10710,41
10711,19
10711,75
10711,167
10712,18
10712,96
10713,2
10713,18
10713,100
10714,2
10714,18
10715,21
10715,75
10716,2
10716,346
10717,8
10717,75
10717,234
10718,76
10718,185
10718,414
10719,34
10719,114
10720,2
10720,18
10720,194
10721,8
10721,94
10721,174
10722,49
10722,76
10722,196
10723,2
10723,4
10723,106
10724,1
10724,2
10724,12
10724,132
10725,1
10725,21
10725,94
10726,14
10726,1317
10726,1392
10727,2
10727,12
10727,25
10728,174
10728,658
10728,965
10729,2
10729,21
10729,49
10730,2
10730,31
10731,66
10731,137
10731,1393
10732,2
10732,25
10732,518
10733,8
10733,10
10733,174
10734,2
10734,18
10735,2
10735,66
10735,68
10736,357
10736,984
10737,2
10737,18
10738,357
10738,1394
10739,2
10739,96
10739,965
10740,1
10740,2
10740,183
10741,6
10741,68
10741,69
10741,93
10742,2
10742,18
10743,2
10743,18
10743,59
10744,2
10744,151
10745,2
10745,25
10745,31
10746,2
10746,83
10746,151
10747,2
10747,10
10747,114
10748,2
10748,26
10748,157
10749,21
10749,157
10749,1115
10750,887
10750,1097
10750,1395
10751,31
10751,807
10751,1396
10752,196
10752,455
10752,1397
10753,2
10753,114
10753,252
10754,2
10754,31
10754,114
10755,1
10755,2
10755,12
10756,57
10756,94
10757,1
10757,40
10757,75
10758,2
10758,18
10759,2
10759,25
10759,114
10760,61
10760,79
10761,34
10761,94
10761,195
10762,10
10762,117
10762,119
10762,362
10763,2
10763,276
10763,277
10764,2
10764,14
10764,114
10765,2
10765,18
10765,25
10766,2
10766,18
10767,63
10767,66
10767,265
10768,34
10768,195
10769,1
10769,2
10769,157
10770,1
10770,2
10770,114
10771,2
10771,25
10771,114
10772,34
10772,881
10772,1363
10773,2
10773,18
10774,4
10774,107
10775,2
10775,38
10775,308
10776,114
10776,135
10776,446
10777,15
10777,56
10777,446
10778,34
10778,178
10779,2
10779,12
10779,18
10780,34
10780,43
10781,34
10781,71
10781,157
10782,21
10782,140
10783,2
10783,19
10783,1218
10784,1
10784,2
10784,114
10785,2
10785,12
10785,25
10786,1
10786,6
10786,342
10787,1
10787,33
10787,57
10788,34
10788,342
10789,18
10789,34
10789,105
10790,128
10790,1116
10791,21
10791,342
10792,10
10792,21
10792,40
10793,2
10793,12
10793,14
10794,1
10794,6
10794,799
10795,6
10795,799
10795,1398
10795,1399
10796,43
10796,342
10797,21
10797,342
10798,34
10798,1400
10799,2
10799,34
10799,337
10800,2
10800,34
10800,107
10801,56
10801,1322
10802,8
10802,81
10802,174
10802,1401
10803,56
10803,81
10803,82
10804,56
10804,182
10805,81
10805,299
10805,1337
10806,15
10806,81
10806,181
10807,34
10807,195
10808,2
10808,57
10808,114
10809,2
10809,57
10809,114
10810,96
10810,138
10810,731
10811,19
10811,96
10811,138
10812,36
10812,157
10812,1402
10813,36
10813,1004
10813,1402
10814,33
10814,57
10814,154
10815,21
10815,33
10816,21
10816,38
10816,55
10817,2
10817,34
10818,26
10818,61
10818,75
10819,21
10819,95
10819,96
10820,21
10820,75
10820,828
10821,21
10821,412
10822,21
10822,412
10823,21
10823,68
10823,75
10824,2
10824,25
10825,10
10825,21
10825,75
10826,10
10826,21
10826,75
10827,10
10827,21
10827,75
10828,2
10828,18
10828,96
10829,21
10829,75
10829,342
10830,57
10830,342
10831,75
10831,599
10831,607
10832,57
10832,79
10833,2
10833,10
10833,114
10834,2
10834,12
10834,19
10835,21
10835,57
10835,89
10836,21
10836,68
10836,89
10837,8
10837,29
10837,406
10838,12
10838,103
10838,252
10838,1403
10839,1
10839,26
10839,59
10840,2
10840,18
10840,84
10841,8
10841,21
10841,135
10842,8
10842,21
10842,342
10843,1
10843,6
10843,21
10844,8
10844,65
10844,70
10845,8
10845,65
10845,66
10846,2
10846,176
10846,276
10847,33
10847,65
10847,819
10848,14
10848,21
10849,14
10849,21
10850,11
10850,21
10850,32
10851,4
10851,32
10851,166
10851,1214
10852,21
10852,163
10852,237
10853,21
10853,163
10854,2
10854,66
10855,122
10855,209
10855,401
10855,529
10856,195
10856,529
10857,1
10857,2
10857,74
10858,2
10858,21
10859,21
10859,342
10860,75
10860,566
10861,75
10861,524
10861,1121
10862,21
10862,213
10863,21
10863,163
10863,213
10864,76
10864,94
10864,174
10865,34
10865,57
10865,275
10866,34
10866,67
10866,105
10867,18
10867,34
10867,67
10868,2
10868,18
10869,2
10869,320
10869,1404
10870,2
10870,18
10870,75
10871,2
10871,12
10871,407
10872,2
10872,258
10872,1405
10873,21
10873,34
10873,73
10874,13
10874,73
10874,181
10875,2
10875,5
10876,2
10876,32
10877,34
10877,42
10877,184
10878,12
10878,21
10878,65
10879,2
10879,25
10880,2
10880,10
10880,310
10881,159
10881,606
10881,614
10882,2
10882,12
10882,18
10883,2
10883,276
10883,277
10884,2
10884,18
10884,84
10885,2
10885,18
10886,2
10886,18
10886,84
10887,2
10887,18
10888,2
10888,12
10888,18
10889,19
10889,39
10889,274
10890,2
10890,382
10890,576
10891,2
10891,66
10891,68
10892,2
10892,12
10892,191
10893,12
10893,40
10893,113
10894,1
10894,2
10894,99
10895,1
10895,10
10896,10
10896,34
10896,263
10897,2
10897,12
10897,19
10898,21
10898,34
10898,342
10899,2
10899,21
10899,75
10900,57
10900,95
10901,39
10901,57
10902,18
10902,117
10902,295
10903,2
10903,65
10903,66
10904,12
10904,25
10904,40
10905,2
10905,10
10905,12
10906,2
10906,84
10907,34
10907,49
10908,2
10908,114
10908,273
10909,2
10909,10
10909,12
10910,2
10910,18
10910,84
10911,21
10911,147
10912,2
10912,3
10912,4
10913,2
10913,32
10913,35
10914,2
10914,5
10915,2
10915,19
10915,147
10916,2
10916,18
10917,2
10917,152
10917,276
10918,1
10918,57
10919,2
10919,5
10919,86
10920,4
10920,73
10920,162
10921,63
10921,166
10921,310
10922,38
10922,57
10923,2
10923,3
10923,4
10924,2
10924,151
10924,152
10925,12
10925,18
10925,193
10926,18
10926,25
10927,2
10927,21
10928,10
10928,119
10928,120
10928,426
10929,1
10929,2
10929,12
10930,2
10930,18
10931,2
10931,32
10932,119
10932,120
10932,122
10932,712
10933,2
10933,12
10933,25
10934,2
10934,113
10934,245
10935,2
10935,18
10936,2
10936,12
10936,18
10937,21
10937,63
10938,2
10938,144
10938,157
10939,2
10939,4
10939,18
10940,2
10940,49
10940,66
10941,34
10941,71
10941,136
10942,2
10942,18
10942,34
10943,65
10943,66
10943,137
10944,26
10944,93
10944,94
10945,73
10945,248
10945,1406
10946,65
10946,66
10946,137
10946,287
10947,10
10947,24
10947,40
10947,274
10948,35
10948,308
10949,2
10949,34
10949,66
10950,2
10950,32
10951,14
10951,22
10951,94
10952,8
10952,76
10952,327
10952,345
10953,26
10953,63
10954,75
10954,79
10954,874
10955,2
10955,18
10955,361
10956,49
10956,105
10956,237
10957,2
10957,18
10957,84
10958,157
10958,722
10959,2
10959,25
10959,114
10960,2
10960,114
10960,299
10961,2
10961,12
10961,154
10962,2
10962,18
10962,25
10963,2
10963,12
10963,18
10964,2
10964,18
10965,2
10965,18
10965,324
10966,8
10966,21
10966,50
10967,2
10967,18
10968,2
10968,4
10968,18
10969,2
10969,18
10970,12
10970,18
10971,2
10971,97
10971,440
10972,2
10972,66
10973,2
10973,66
10974,66
10974,562
10975,66
10975,1354
10975,1408
10976,4
10976,65
10976,73
10977,1
10977,69
10977,75
10978,2
10978,151
10978,277
10979,2
10979,5
10980,2
10980,12
10980,66
10981,44
10981,157
10981,1409
10982,2
10982,25
10983,2
10983,83
10983,114
10984,10
10984,57
10984,105
10985,2
10985,12
10985,15
10986,12
10986,1074
10986,1410
10987,2
10987,35
10987,97
10988,61
10988,213
10989,8
10989,29
10989,99
10990,2
10990,10
10990,25
10991,12
10991,21
10992,2
10992,114
10992,182
10993,2
10993,5
10993,86
10994,2
10994,21
10995,2
10995,18
10996,2
10996,20
10996,146
10997,2
10997,5
10997,21
10998,39
10998,399
10998,1411
10999,21
10999,79
11000,2
11000,18
11000,96
11001,2
11001,5
11001,86
11002,2
11002,25
11002,152
11003,2
11003,25
11003,132
11004,2
11004,31
11004,114
11005,34
11005,195
11005,342
11006,2
11006,8
11006,114
11007,2
11007,18
11007,84
11008,1
11008,34
11008,55
11009,2
11009,4
11009,280
11010,34
11010,184
11010,1412
11011,2
11011,12
11011,18
11012,2
11012,6
11012,66
11013,21
11013,99
11013,342
11014,34
11014,54
11014,355
11015,19
11015,68
11015,151
11016,6
11016,35
11016,94
11017,2
11017,4
11018,8
11018,16
11019,57
11019,105
11019,380
11020,12
11020,64
11020,306
11021,18
11021,25
11021,193
11022,12
11022,40
11022,129
11022,730
11023,1
11023,79
11024,1
11024,2
11024,26
11025,2
11025,12
11025,25
11026,10
11026,21
11026,40
11027,2
11027,10
11027,12
11028,1
11028,10
11029,2
11029,18
11030,2
11030,66
11031,2
11031,12
11031,25
11032,2
11032,31
11033,2
11033,25
11033,114
11034,21
11034,57
11035,2
11035,86
11035,210
11036,39
11036,57
11036,135
11037,2
11037,66
11037,152
11038,10
11038,138
11038,674
11039,21
11039,63
11039,76
11040,20
11040,21
11041,10
11041,217
11041,219
11041,503
11042,2
11042,14
11043,34
11043,114
11044,6
11044,13
11044,553
11045,2
11045,39
11045,57
11046,2
11046,18
11047,2
11047,18
11048,119
11048,120
11048,1413
11049,2
11049,11
11049,66
11050,21
11050,63
11051,2
11051,65
11051,66
11052,1
11052,43
11053,21
11053,1407
11054,2
11054,18
11054,361
11055,213
11055,590
11056,1
11056,2
11056,12
11057,21
11057,163
11058,79
11058,395
11059,2
11059,65
11059,70
11060,2
11060,25
11060,1414
11061,2
11061,8
11061,18
11062,68
11062,398
11062,399
11062,679
11063,2
11063,4
11063,18
11064,19
11064,237
11065,2
11065,18
11065,25
11066,1
11066,612
11066,892
11067,114
11067,769
11068,2
11068,18
11069,59
11069,304
11069,570
11070,2
11070,4
11070,18
11071,119
11071,120
11071,121
11072,2
11072,18
11073,2
11073,18
11074,8
11074,9
11074,730
11075,49
11075,105
11076,38
11076,208
11076,848
11077,2
11077,25
11077,114
11078,1
11078,159
11078,521
11079,2
11079,12
11079,26
11080,2
11080,19
11080,404
11081,21
11081,63
11082,9
11082,41
11083,1
11083,2
11083,114
11084,2
11084,175
11084,277
11085,1
11085,14
11086,1
11086,25
11086,114
11087,2
11087,114
11088,41
11088,65
11088,66
11089,2
11089,100
11090,2
11090,114
11090,769
11091,2
11091,21
11091,25
11092,2
11092,1415
11093,49
11093,1416
11093,1417
11094,34
11094,94
11094,184
11095,2
11095,18
11095,66
11096,2
11096,18
11096,609
11097,61
11097,79
11098,36
11098,46
11098,79
11099,46
11099,671
11100,49
11100,57
11100,671
11101,1
11101,94
11101,462
11102,2
11102,25
11102,66
11103,76
11103,186
11103,341
11103,1418
11104,18
11104,84
11104,302
11105,1
11105,2
11105,26
11106,1
11106,2
11106,12
11107,2
11107,12
11107,25
11108,5
11108,38
11108,53
11109,2
11109,12
11109,200
11110,32
11110,66
11110,144
11111,21
11111,215
11111,1188
11112,10
11112,18
11112,66
11113,2
11113,8
11113,57
11114,1
11114,2
11114,57
11115,1
11115,13
11115,39
11116,11
11116,142
11116,298
11117,78
11117,103
11117,182
11118,4
11118,65
11118,275
11119,19
11119,147
11120,21
11120,327
11120,1067
11121,21
11121,237
11122,2
11122,21
11122,114
11123,2
11123,18
11124,10
11124,21
11124,327
11125,2
11125,320
11126,2
11126,12
11126,67
11127,2
11127,18
11128,34
11128,94
11128,184
11129,1
11129,2
11130,2
11130,154
11130,176
11130,300
11131,2
11131,26
11131,75
11132,79
11132,94
11132,310
11133,79
11133,181
11133,390
11134,119
11134,120
11134,166
11134,1419
11135,2
11135,25
11135,114
11136,66
11136,68
11136,735
11137,2
11137,142
11137,389
11138,2
11138,21
11138,157
11139,21
11139,63
11140,2
11140,18
11140,194
11141,21
11141,47
11142,14
11142,57
11142,1411
11143,25
11143,42
11143,199
11144,2
11144,12
11144,193
11145,8
11145,21
11145,655
11146,19
11146,140
11147,148
11147,1420
11148,1
11148,2
11148,12
11149,148
11149,1420
11150,148
11150,1420
11151,8
11151,12
11151,94
11152,21
11152,213
11153,5
11153,19
11153,32
11154,148
11154,195
11154,1420
11155,21
11155,35
11156,25
11156,390
11156,641
11157,12
11157,14
11157,22
11158,6
11158,39
11158,94
11159,13
11159,39
11159,369
11160,13
11160,39
11160,355
11161,39
11161,57
11162,79
11162,1250
11162,1421
11163,38
11163,52
11163,170
11164,8
11164,328
11164,337
11165,61
11165,539
11165,803
11166,2
11166,236
11166,1422
11167,2
11167,67
11167,1423
11168,39
11168,57
11169,2
11169,35
11170,1
11170,13
11170,43
11171,2
11171,18
11172,28
11172,213
11172,1204
11173,66
11173,79
11173,922
11174,1
11174,12
11174,235
11175,34
11175,39
11176,2
11176,66
11176,68
11177,65
11177,275
11177,652
11178,18
11178,416
11178,1424
11179,2
11179,19
11180,57
11180,97
11180,275
11181,21
11181,61
11181,76
11182,33
11182,65
11182,66
11183,56
11183,57
11183,249
11184,2
11184,12
11184,25
11185,182
11185,601
11185,637
11186,2
11186,19
11186,96
11187,18
11187,25
11187,153
11188,18
11188,25
11189,2
11189,25
11189,113
11190,49
11190,195
11190,234
11191,75
11191,210
11191,253
11192,2
11192,18
11193,21
11193,66
11193,274
11194,65
11194,249
11194,718
11195,309
11195,336
11195,718
11196,114
11196,170
11196,1425
11197,21
11197,75
11197,79
11198,61
11198,76
11198,79
11199,32
11199,92
11200,2
11200,38
11200,337
11201,2
11201,38
11202,2
11202,18
11202,193
11203,34
11203,234
11204,8
11204,199
11204,253
11205,49
11205,195
11206,34
11206,195
11207,2
11207,114
11207,638
11208,2
11208,8
11208,215
11209,34
11209,55
11210,2
11210,12
11210,26
11211,21
11211,77
11212,155
11212,213
11212,1426
11213,592
11213,1004
11214,20
11214,412
11215,8
11215,195
11216,2
11216,12
11217,2
11217,18
11217,84
11218,34
11218,199
11218,1427
11219,34
11219,434
11220,34
11220,434
11221,12
11221,195
11221,434
11222,34
11222,49
11223,34
11223,376
11224,2
11224,4
11224,18
11225,2
11225,5
11225,97
11226,8
11226,10
11226,674
11227,10
11227,196
11228,39
11228,57
11228,74
11229,2
11229,114
11230,105
11230,652
11231,2
11231,320
11232,2
11232,8
11232,113
11233,12
11233,25
11233,237
11234,2
11234,66
11234,152
11235,2
11235,12
11235,152
11236,2
11236,12
11236,25
11237,10
11237,94
11237,919
11238,34
11238,195
11238,537
11239,2
11239,66
11240,1
11240,10
11240,14
11240,94
11241,14
11241,348
11241,1428
11242,2
11242,34
11242,67
11243,2
11243,66
11244,34
11244,71
11244,195
11245,34
11245,195
11246,2
11246,18
11246,361
11247,2
11247,12
11247,18
11248,2
11248,43
11248,67
11249,2
11249,66
11249,152
11250,18
11250,21
11251,2
11251,21
11252,66
11252,75
11253,2
11253,35
11254,12
11254,21
11254,33
11255,2
11255,18
11255,66
11256,8
11256,10
11256,771
11257,8
11257,12
11257,99
11258,1
11258,2
11258,68
11259,2
11259,12
11259,25
11260,2
11260,25
11260,152
11261,2
11261,147
11262,21
11262,79
11263,2
11263,18
11263,1001
11264,2
11264,12
11264,96
11265,49
11265,105
11266,22
11266,39
11266,57
11267,37
11267,66
11268,2
11268,21
11269,294
11269,802
11270,10
11270,547
11271,8
11271,114
11271,199
11272,75
11272,94
11272,136
11273,1
11273,2
11273,75
11274,2
11274,31
11274,32
11275,2
11275,31
11275,32
11276,34
11276,173
11276,178
11277,12
11277,14
11277,75
11278,382
11278,443
11279,14
11279,19
11279,75
11280,382
11280,1396
11281,2
11281,18
11282,12
11282,37
11282,79
11283,2
11283,18
11284,2
11284,18
11284,35
11285,2
11285,4
11285,18
11286,49
11286,213
11287,29
11287,76
11287,364
11287,1429
11288,2
11288,19
11289,2
11289,25
11289,113
11290,19
11290,25
11290,68
11291,2
11291,66
11291,137
11292,2
11292,18
11293,2
11293,25
11293,31
11294,2
11294,25
11294,31
11295,57
11295,100
11296,12
11296,25
11296,114
11297,66
11297,75
11297,96
11298,15
11298,79
11298,686
11299,12
11299,99
11299,146
11300,2
11300,66
11300,105
11301,12
11301,37
11301,1200
11302,1
11302,2
11302,49
11303,2
11303,25
11304,46
11304,79
11304,85
11305,2
11305,66
11306,1
11306,49
11307,2
11307,66
11307,151
11308,39
11308,57
11309,19
11309,63
11310,2
11310,21
11311,2
11311,18
11311,25
11312,2
11312,12
11312,113
11313,2
11313,66
11314,18
11314,34
11314,1134
11315,46
11315,74
11315,1430
11316,21
11316,63
11317,2
11317,848
11317,1431
11318,47
11318,73
11318,1056
11319,2
11319,12
11320,1
11320,339
11321,2
11321,18
11322,21
11322,47
11323,21
11323,61
11323,76
11324,19
11324,47
11325,21
11325,573
11326,117
11326,119
11326,573
11326,1432
11327,117
11327,1432
11327,1433
11328,117
11328,1432
11328,1433
11329,21
11329,63
11330,2
11330,66
11330,152
11331,21
11331,157
11331,191
11332,2
11332,25
11332,114
11333,21
11333,147
11334,1
11334,93
11334,94
11335,9
11335,10
11336,2
11336,117
11336,150
11337,1
11337,49
11337,688
11338,2
11338,114
11338,253
11339,61
11339,76
11340,525
11340,717
11340,981
11341,61
11341,76
11342,2
11342,12
11342,34
11343,18
11343,25
11343,34
11344,12
11344,49
11344,65
11345,2
11345,114
11345,1313
11346,2
11346,25
11346,114
11347,2
11347,10
11347,114
11348,25
11348,114
11348,500
11349,1434
11349,1435
11350,8
11350,22
11350,236
11351,2
11351,18
11351,84
11352,40
11352,68
11352,730
11352,918
11353,2
11353,10
11353,1436
11354,2
11354,18
11355,2
11355,122
11356,1
11356,10
11356,138
11357,57
11357,143
11357,275
11358,34
11358,94
11358,184
11359,79
11359,155
11360,66
11360,89
11361,10
11361,142
11361,298
11362,469
11362,606
11362,1437
11363,21
11363,63
11364,2
11364,18
11364,173
11365,10
11365,138
11366,12
11366,56
11366,681
11367,2
11367,10
11367,12
11368,2
11368,12
11368,18
11369,9
11369,10
11370,2
11370,18
11371,2
11371,12
11371,19
11372,2
11372,14
11372,597
11373,2
11373,14
11373,75
11374,2
11374,14
11375,46
11375,81
11375,1266
11376,2
11376,18
11376,114
11377,46
11377,56
11378,10
11378,21
11378,75
11379,8
11379,49
11379,213
11380,2
11380,12
11380,14
11381,21
11381,35
11381,157
11382,12
11382,1438
11383,2
11383,18
11383,105
11384,34
11384,342
11385,14
11385,34
11385,342
11386,2
11386,18
11387,10
11387,95
11387,112
11387,122
11388,2
11388,25
11388,273
11389,2
11389,18
11389,21
11390,2
11390,66
11390,68
11391,2
11391,18
11392,2
11392,276
11392,277
11393,2
11393,18
11393,84
11394,2
11394,66
11395,2
11395,18
11396,2
11396,11
11396,66
11397,2
11397,18
11398,2
11398,18
11398,194
11399,18
11399,43
11400,6
11400,8
11400,21
11401,1
11401,95
11401,132
11402,29
11402,195
11402,261
11403,12
11403,32
11403,965
11404,2
11404,346
11405,39
11405,56
11406,2
11406,66
11406,68
11407,2
11407,25
11408,2
11408,18
11409,11
11409,33
11409,342
11410,2
11410,18
11411,13
11411,57
11411,553
11412,2
11412,18
11413,6
11413,13
11413,65
11414,2
11414,18
11414,84
11415,32
11415,144
11415,157
11416,2
11416,18
11416,193
11417,2
11417,176
11417,276
11418,55
11418,1439
11419,2
11419,18
11420,2
11420,66
11421,79
11421,434
11422,1
11422,79
11422,96
11423,1
11423,79
11424,2
11424,25
11424,31
11425,29
11425,39
11425,114
11426,52
11426,76
11426,288
11427,13
11427,57
11427,99
11428,12
11428,19
11429,2
11429,66
11429,144
11430,34
11430,66
11431,1
11431,2
11432,105
11432,157
11432,1440
11433,13
11433,723
11433,936
11434,2
11434,32
11434,66
11435,19
11435,22
11435,95
11436,119
11436,120
11437,2
11437,4
11437,35
11438,6
11438,1441
11438,1442
11439,2
11439,12
11439,67
11440,9
11440,57
11441,2
11441,176
11441,276
11442,19
11442,22
11442,57
11443,2
11443,31
11444,2
11444,18
11445,2
11445,12
11445,19
11446,14
11446,21
11446,57
11447,21
11447,76
11447,195
11448,2
11448,18
11448,19
11449,12
11449,19
11449,279
11450,2
11450,10
11450,22
11451,18
11451,21
11451,856
11452,2
11452,12
11452,75
11453,34
11453,195
11454,2
11454,37
11454,86
11455,2
11455,34
11456,2
11456,25
11457,2
11457,18
11457,194
11458,2
11458,66
11458,75
11459,57
11459,416
11460,2
11460,12
11460,25
11461,135
11461,203
11462,1
11462,14
11463,12
11463,99
11463,146
11464,2
11464,25
11464,152
11465,1
11465,614
11466,10
11466,21
11466,395
11467,12
11467,19
11467,235
11468,10
11468,19
11468,935
11469,2
11469,25
11469,152
11470,2
11470,25
11471,2
11471,18
11471,25
11472,8
11472,94
11472,174
11473,61
11473,76
11474,79
11474,460
11475,5
11475,6
11475,86
11476,5
11476,6
11476,86
11476,876
11477,21
11477,61
11477,76
11478,2
11478,12
11478,427
11479,12
11479,71
11479,184
11480,2
11480,12
11480,66
11480,105
11481,12
11481,71
11481,184
11482,21
11482,34
11483,19
11483,1354
11483,1443
11483,1444
11484,105
11484,1354
11484,1443
11485,2
11485,12
11485,18
11486,1
11486,79
11486,141
11487,2
11487,18
11487,84
11488,2
11488,25
11488,114
11489,1
11489,2
11489,131
11490,9
11490,10
11490,824
11491,21
11491,76
11492,73
11492,79
11492,345
11493,2
11493,25
11493,152
11494,73
11494,79
11494,345
11495,8
11495,29
11495,629
11496,859
11496,1445
11496,1446
11497,26
11497,163
11497,213
11498,34
11498,67
11499,8
11499,213
11499,420
11500,2
11500,66
11501,2
11501,12
11501,25
11502,2
11502,12
11502,21
11503,2
11503,18
11503,84
11504,33
11504,39
11504,57
11505,2
11505,4
11505,18
11506,2
11506,25
11506,31
11507,2
11507,18
11508,1
11508,26
11508,95
11509,71
11509,94
11509,184
11510,2
11510,25
11510,114
11511,2
11511,25
11511,152
11512,25
11512,34
11512,71
11513,12
11513,21
11513,25
11514,108
11514,1024
11514,1448
11515,2
11515,18
11515,84
11516,12
11516,26
11516,96
11517,2
11517,78
11517,213
11518,20
11518,21
11519,2
11519,12
11519,21
11520,65
11520,66
11520,825
11521,2
11521,25
11521,31
11522,2
11522,12
11522,235
11523,12
11523,18
11523,215
11524,2
11524,65
11524,66
11525,8
11525,21
11525,34
11526,6
11526,39
11526,54
11527,29
11527,39
11527,54
11527,1449
11528,21
11528,819
11529,2
11529,4
11529,132
11530,2
11530,31
11530,100
11531,2
11531,18
11531,361
11532,2
11532,11
11532,66
11533,1
11533,8
11533,14
11534,183
11534,199
11534,253
11535,34
11535,376
11536,2
11536,114
11536,253
11537,6
11537,93
11537,182
11538,2
11538,4
11538,13
11539,2
11539,12
11539,29
11539,84
11540,2
11540,31
11540,114
11541,2
11541,66
11541,68
11542,2
11542,66
11542,176
11543,2
11543,18
11544,2
11544,18
11545,2
11545,18
11545,84
11546,12
11546,25
11546,215
11547,11
11547,66
11547,389
11548,2
11548,114
11548,1450
11548,1451
11549,12
11549,84
11549,274
11549,279
11550,12
11550,18
11550,193
11551,93
11551,94
11551,629
11552,21
11552,213
11552,455
11553,21
11553,499
11554,57
11554,105
11555,6
11555,93
11555,94
11556,52
11556,66
11556,288
11557,10
11557,196
11558,2
11558,21
11558,99
11559,75
11559,94
11559,96
11560,2
11560,18
11560,361
11560,1193
11561,61
11561,76
11562,94
11562,174
11562,183
11563,2
11563,25
11563,113
11564,2
11564,83
11564,114
11565,10
11565,21
11565,63
11566,2
11566,25
11566,67
11567,19
11567,221
11567,590
11568,2
11568,105
11569,8
11569,24
11569,801
11570,2
11570,35
11570,75
11571,146
11571,151
11571,835
11572,2
11572,18
11573,2
11573,152
11573,277
11574,2
11574,18
11575,94
11575,629
11575,1335
11576,21
11576,40
11576,657
11577,2
11577,8
11577,100
11578,2
11578,114
11578,252
11579,2
11579,18
11579,84
11580,6
11580,21
11580,181
11581,2
11581,151
11581,176
11582,1
11582,2
11582,12
11582,25
11583,2
11583,25
11583,31
11584,2
11584,25
11584,152
11585,2
11585,25
11585,114
11586,21
11586,412
11587,2
11587,8
11587,114
11588,2
11588,25
11588,114
11589,2
11589,18
11590,174
11590,1268
11591,8
11591,138
11591,780
11592,2
11592,123
11592,524
11593,24
11593,25
11593,95
11594,12
11594,21
11594,113
11595,54
11595,146
11596,13
11596,39
11596,57
11597,57
11597,100
11598,34
11598,71
11598,195
11599,1
11599,39
11599,59
11600,57
11600,100
11601,2
11601,18
11602,2
11602,12
11602,18
11602,86
11603,1
11603,2
11603,21
11604,2
11604,19
11604,26
11605,2
11605,18
11605,1135
11606,2
11606,18
11606,237
11607,2
11607,25
11608,94
11608,565
11608,1452
11609,10
11609,12
11609,40
11609,69
11610,2
11610,66
11610,152
11611,33
11611,34
11611,54
11612,2
11612,105
11612,157
11613,2
11613,18
11613,38
11614,2
11614,12
11614,26
11614,154
11615,12
11615,40
11615,279
11615,447
11616,33
11616,74
11616,355
11617,2
11617,11
11617,147
11618,2
11618,18
11618,324
11619,2
11619,12
11619,114
11620,2
11620,276
11620,277
11621,2
11621,25
11621,1453
11622,2
11622,18
11623,10
11623,21
11623,75
11624,2
11624,18
11624,84
11625,2
11625,66
11625,137
11626,2
11626,4
11626,66
11627,2
11627,12
11627,19
11628,1
11628,2
11629,57
11629,472
11630,57
11630,84
11631,2
11631,66
11631,70
11632,79
11632,326
11633,2
11633,18
11633,84
11634,2
11634,12
11634,18
11635,117
11635,119
11635,120
11635,121
11635,122
11635,1413
11636,2
11636,25
11636,114
11637,2
11637,12
11637,25
11638,2
11638,57
11638,299
11639,2
11639,66
11639,105
11640,2
11640,66
11641,37
11641,38
11641,86
11642,49
11642,52
11642,129
11643,14
11643,22
11643,304
11644,1
11644,95
11644,199
11645,34
11645,184
11646,24
11646,34
11647,2
11647,25
11648,2
11648,154
11648,276
11649,49
11649,57
11650,1
11650,57
11651,4
11651,57
11651,106
11652,26
11652,75
11652,274
11652,692
11653,26
11653,304
11653,606
11654,2
11654,32
11655,2
11655,25
11655,68
11656,1
11656,2
11656,49
11657,13
11657,39
11657,57
11658,54
11658,94
11658,735
11659,2
11659,12
11659,18
11660,2
11660,1054
11660,1454
11661,2
11661,18
11661,84
11662,12
11662,18
11662,57
11663,21
11663,65
11663,952
11664,11
11664,66
11664,389
11664,1272
11665,2
11665,66
11665,151
11666,2
11666,84
11667,57
11667,105
11667,472
11668,57
11668,59
11668,143
11669,2
11669,142
11669,298
11670,8
11670,27
11670,122
11671,2
11671,114
11672,2
11672,18
11673,39
11673,57
11673,1455
11674,100
11674,503
11675,2
11675,18
11676,42
11676,93
11676,94
11677,10
11677,36
11677,299
11678,119
11678,120
11678,577
11678,1456
11679,79
11679,94
11679,169
11680,2
11680,12
11680,21
11681,2
11681,18
11682,71
11682,184
11682,1152
11682,1457
11683,2
11683,12
11683,105
11684,21
11684,409
11685,33
11685,74
11686,8
11686,10
11686,174
11687,2
11687,3
11688,14
11688,22
11688,186
11688,1458
11689,2
11689,25
11689,31
11690,2
11690,8
11690,114
11691,2
11691,49
11691,213
11692,1
11692,2
11692,114
11693,34
11693,195
11694,63
11694,514
11695,2
11695,34
11695,161
11696,2
11696,25
11696,31
11697,2
11697,12
11698,14
11698,57
11699,2
11699,32
11699,114
11700,25
11700,29
11700,53
11700,964
11701,2
11701,18
11702,703
11702,1459
11703,2
11703,276
11703,277
11704,23
11704,94
11704,310
11705,2
11705,236
11706,2
11706,94
11706,114
11707,1
11707,8
11707,199
11708,2
11708,18
11709,21
11709,573
11710,75
11710,148
11710,1289
11711,2
11711,94
11711,646
11712,39
11712,600
11712,1460
11713,2
11713,11
11713,25
11714,6
11714,68
11714,94
11715,1
11715,49
11715,610
11716,21
11716,75
11716,939
11717,14
11717,166
11718,2
11718,18
11718,84
11719,1
11719,2
11719,18
11720,2
11720,11
11720,66
11721,21
11721,39
11721,399
11722,2
11722,18
11722,193
11723,1
11723,21
11724,2
11724,25
11724,84
11725,1
11725,93
11725,193
11726,93
11726,193
11726,1461
11727,18
11727,93
11727,193
11728,2
11728,66
11729,6
11729,8
11729,94
11730,2
11730,25
11730,114
11731,2
11731,276
11731,277
11732,2
11732,12
11732,66
11733,8
11733,19
11734,2
11734,18
11734,84
11735,1
11735,2
11735,100
11736,2
11736,5
11736,86
11737,352
11737,721
11737,1462
11738,21
11738,26
11738,135
11739,2
11739,66
11739,68
11740,2
11740,276
11740,277
11741,2
11741,25
11741,113
11742,2
11742,8
11742,114
11743,1
11743,33
11743,355
11744,2
11744,3
11744,18
11745,2
11745,66
11745,152
11746,34
11746,94
11746,184
11747,71
11747,184
11748,2
11748,18
11748,21
11749,2
11749,18
11749,25
11750,2
11750,25
11750,518
11751,34
11751,342
11752,1
11752,2
11752,18
11753,1
11753,63
11754,2
11754,12
11754,25
11755,8
11755,38
11755,68
11756,114
11756,392
11757,79
11757,94
11757,845
11758,79
11758,94
11758,519
11759,1
11759,10
11759,138
11760,29
11760,146
11760,274
11761,2
11761,92
11762,2
11762,18
11763,2
11763,21
11763,117
11764,2
11764,10
11764,12
11765,2
11765,31
11765,114
11766,32
11766,65
11766,66
11767,405
11767,505
11767,1463
11768,1
11768,63
11768,96
11769,2
11769,18
11769,105
11770,2
11770,8
11770,25
11771,119
11771,120
11771,323
11772,11
11772,1464
11773,119
11773,120
11773,362
11773,426
11773,486
11773,698
11773,1432
11774,2
11774,114
11774,769
11775,2
11775,19
11776,19
11776,38
11776,76
11777,1
11777,10
11777,138
11778,10
11778,119
11778,138
11778,166
11778,362
11779,2
11779,21
11779,65
11780,2
11780,18
11781,2
11781,8
11781,174
11782,8
11782,24
11782,29
11783,2
11783,8
11783,114
11784,1
11784,2
11784,96
11785,2
11785,12
11785,235
11786,2
11786,12
11786,25
11787,1
11787,2
11787,99
11788,2
11788,12
11788,739
11789,8
11789,174
11789,415
11790,21
11790,61
11790,68
11791,2
11791,18
11791,157
11792,2
11792,25
11793,1
11793,12
11793,99
11794,2
11794,18